timestamp,ph,tds,temp
2023-01-26 10:35:00,7.555,233.0,23.75
2023-01-26 10:40:00,7.52,233.0,23.75
2023-01-26 10:45:00,,,
2023-01-26 10:50:00,,,
2023-01-26 10:55:00,,,
2023-01-26 11:00:00,,,
2023-01-26 11:05:00,,,
2023-01-26 11:10:00,,,
2023-01-26 11:15:00,,,
2023-01-26 11:20:00,7.6,250.0,24.0
2023-01-26 11:25:00,,,
2023-01-26 11:30:00,7.6,247.0,24.06
2023-01-26 11:35:00,,,
2023-01-26 11:40:00,,,
2023-01-26 11:45:00,,,
2023-01-26 11:50:00,,,
2023-01-26 11:55:00,,,
2023-01-26 12:00:00,7.6,249.0,24.19
2023-01-26 12:05:00,6.92,247.0,24.19
2023-01-26 12:10:00,6.96,247.0,24.25
2023-01-26 12:15:00,7.58,247.0,24.25
2023-01-26 12:20:00,7.4399999999999995,250.0,24.31
2023-01-26 12:25:00,7.6,250.0,24.31
2023-01-26 12:30:00,,,
2023-01-26 12:35:00,,,
2023-01-26 12:40:00,7.41,245.0,24.44
2023-01-26 12:45:00,7.43,249.0,24.47
2023-01-26 12:50:00,,,
2023-01-26 12:55:00,6.715,379.5,24.53
2023-01-26 13:00:00,6.42,247.0,24.56
2023-01-26 13:05:00,7.41,248.0,24.56
2023-01-26 13:10:00,10.515,238.0,24.595
2023-01-26 13:15:00,7.37,263.0,24.63
2023-01-26 13:20:00,,,
2023-01-26 13:25:00,7.6,256.0,24.69
2023-01-26 13:30:00,,,
2023-01-26 13:35:00,,,
2023-01-26 13:40:00,,,
2023-01-26 13:45:00,,,
2023-01-26 13:50:00,,,
2023-01-26 13:55:00,,,
2023-01-26 14:00:00,,,
2023-01-26 14:05:00,,,
2023-01-26 14:10:00,,,
2023-01-26 14:15:00,,,
2023-01-26 14:20:00,,,
2023-01-26 14:25:00,,,
2023-01-26 14:30:00,7.37,245.0,25.06
2023-01-26 14:35:00,7.6,246.0,25.06
2023-01-26 14:40:00,7.59,246.0,25.06
2023-01-26 14:45:00,7.225,246.0,25.06
2023-01-26 14:50:00,7.15,249.0,25.06
2023-01-26 14:55:00,7.39,248.0,25.06
2023-01-26 15:00:00,7.365,249.0,25.13
2023-01-26 15:05:00,7.47,249.0,25.13
2023-01-26 15:10:00,7.34,249.0,25.13
2023-01-26 15:15:00,7.59,249.0,25.13
2023-01-26 15:20:00,7.27,249.0,25.19
2023-01-26 15:25:00,7.3100000000000005,251.0,25.19
2023-01-26 15:30:00,7.47,251.0,25.19
2023-01-26 15:35:00,7.3100000000000005,251.0,25.25
2023-01-26 15:40:00,7.6,251.0,25.25
2023-01-26 15:45:00,7.32,251.0,25.25
2023-01-26 15:50:00,7.470000000000001,252.0,25.25
2023-01-26 15:55:00,7.515,252.0,25.31
2023-01-26 16:00:00,7.49,254.0,25.31
2023-01-26 16:05:00,7.335,254.0,25.31
2023-01-26 16:10:00,7.39,254.0,25.31
2023-01-26 16:15:00,7.52,254.0,25.31
2023-01-26 16:20:00,7.57,256.0,25.31
2023-01-26 16:25:00,7.529999999999999,256.0,25.31
2023-01-26 16:30:00,7.45,256.0,25.31
2023-01-26 16:35:00,7.4399999999999995,257.5,25.38
2023-01-26 16:40:00,7.24,259.0,25.38
2023-01-26 16:45:00,7.23,256.0,25.38
2023-01-26 16:50:00,7.39,259.0,25.38
2023-01-26 16:55:00,7.494999999999999,259.0,25.38
2023-01-26 17:00:00,7.27,259.0,25.38
2023-01-26 17:05:00,7.32,259.0,25.38
2023-01-26 17:10:00,7.58,259.0,25.38
2023-01-26 17:15:00,7.34,261.0,25.38
2023-01-26 17:20:00,7.525,259.0,25.38
2023-01-26 17:25:00,7.41,259.0,25.38
2023-01-26 17:30:00,7.28,261.0,25.38
2023-01-26 17:35:00,7.505,261.0,25.38
2023-01-26 17:40:00,7.525,261.0,25.38
2023-01-26 17:45:00,7.47,261.0,25.38
2023-01-26 17:50:00,7.3,264.0,25.38
2023-01-26 17:55:00,7.32,264.0,25.38
2023-01-26 18:00:00,7.45,264.0,25.38
2023-01-26 18:05:00,7.49,264.0,25.38
2023-01-26 18:10:00,7.32,266.0,25.38
2023-01-26 18:15:00,7.505,264.0,25.38
2023-01-26 18:20:00,7.390000000000001,266.0,25.38
2023-01-26 18:25:00,7.45,266.0,25.38
2023-01-26 18:30:00,7.45,264.0,25.38
2023-01-26 18:35:00,7.42,266.0,25.38
2023-01-26 18:40:00,7.29,266.0,25.38
2023-01-26 18:45:00,7.38,266.5,25.38
2023-01-26 18:50:00,7.395,266.0,25.38
2023-01-26 18:55:00,7.45,267.0,25.38
2023-01-26 19:00:00,7.355,267.0,25.38
2023-01-26 19:05:00,7.34,267.0,25.38
2023-01-26 19:10:00,7.34,267.0,25.38
2023-01-26 19:15:00,7.3,267.0,25.38
2023-01-26 19:20:00,7.3,267.0,25.38
2023-01-26 19:25:00,7.34,266.0,25.38
2023-01-26 19:30:00,7.355,267.0,25.38
2023-01-26 19:35:00,7.32,267.0,25.38
2023-01-26 19:40:00,7.385,267.0,25.345
2023-01-26 19:45:00,7.390000000000001,267.0,25.31
2023-01-26 19:50:00,7.32,267.0,25.31
2023-01-26 19:55:00,7.4,267.0,25.31
2023-01-26 20:00:00,7.41,267.0,25.31
2023-01-26 20:05:00,7.3,267.0,25.31
2023-01-26 20:10:00,7.34,267.0,25.31
2023-01-26 20:15:00,7.33,269.0,25.31
2023-01-26 20:20:00,7.34,267.0,25.31
2023-01-26 20:25:00,7.34,267.0,25.31
2023-01-26 20:30:00,7.37,267.0,25.31
2023-01-26 20:35:00,7.355,267.0,25.25
2023-01-26 20:40:00,7.33,267.0,25.25
2023-01-26 20:45:00,7.3100000000000005,267.0,25.25
2023-01-26 20:50:00,7.3,269.0,25.25
2023-01-26 20:55:00,7.37,269.0,25.25
2023-01-26 21:00:00,7.37,269.0,25.25
2023-01-26 21:05:00,7.32,269.0,25.25
2023-01-26 21:10:00,7.34,269.0,25.25
2023-01-26 21:15:00,7.34,269.0,25.19
2023-01-26 21:20:00,7.32,269.0,25.19
2023-01-26 21:25:00,7.41,269.0,25.19
2023-01-26 21:30:00,7.34,269.0,25.19
2023-01-26 21:35:00,7.34,269.0,25.19
2023-01-26 21:40:00,7.37,269.0,25.19
2023-01-26 21:45:00,7.41,269.0,25.19
2023-01-26 21:50:00,7.37,269.0,25.13
2023-01-26 21:55:00,7.45,269.0,25.13
2023-01-26 22:00:00,7.41,269.0,25.13
2023-01-26 22:05:00,7.34,269.0,25.13
2023-01-26 22:10:00,7.41,269.0,25.13
2023-01-26 22:15:00,7.39,269.0,25.13
2023-01-26 22:20:00,7.32,269.0,25.13
2023-01-26 22:25:00,7.33,269.0,25.06
2023-01-26 22:30:00,7.32,269.0,25.06
2023-01-26 22:35:00,7.41,269.0,25.06
2023-01-26 22:40:00,7.32,269.0,25.06
2023-01-26 22:45:00,7.37,269.0,25.06
2023-01-26 22:50:00,7.43,269.0,25.06
2023-01-26 22:55:00,7.41,269.0,25.06
2023-01-26 23:00:00,7.57,269.0,25.03
2023-01-26 23:05:00,7.32,269.0,25.0
2023-01-26 23:10:00,7.45,269.0,25.0
2023-01-26 23:15:00,7.32,268.0,25.0
2023-01-26 23:20:00,7.4,266.0,25.0
2023-01-26 23:25:00,7.32,268.0,25.0
2023-01-26 23:30:00,7.34,268.0,25.0
2023-01-26 23:35:00,7.39,268.0,24.94
2023-01-26 23:40:00,7.32,268.0,24.94
2023-01-26 23:45:00,7.43,268.0,24.94
2023-01-26 23:50:00,7.449999999999999,269.0,24.94
2023-01-26 23:55:00,7.42,268.0,24.94
2023-01-27 00:00:00,7.6,268.5,24.94
2023-01-27 00:05:00,7.39,268.0,24.88
2023-01-27 00:10:00,7.38,268.0,24.88
2023-01-27 00:15:00,7.33,268.0,24.88
2023-01-27 00:20:00,7.4,268.0,24.88
2023-01-27 00:25:00,7.32,268.0,24.88
2023-01-27 00:30:00,7.37,268.0,24.88
2023-01-27 00:35:00,7.45,268.0,24.81
2023-01-27 00:40:00,7.39,268.0,24.81
2023-01-27 00:45:00,7.41,268.0,24.81
2023-01-27 00:50:00,7.41,268.0,24.81
2023-01-27 00:55:00,7.33,268.0,24.81
2023-01-27 01:00:00,7.37,266.0,24.81
2023-01-27 01:05:00,7.32,265.0,24.81
2023-01-27 01:10:00,7.42,265.0,24.81
2023-01-27 01:15:00,7.37,266.0,24.75
2023-01-27 01:20:00,7.39,266.0,24.75
2023-01-27 01:25:00,7.43,266.0,24.75
2023-01-27 01:30:00,7.47,266.0,24.75
2023-01-27 01:35:00,7.43,266.0,24.75
2023-01-27 01:40:00,7.39,268.0,24.75
2023-01-27 01:45:00,7.45,266.0,24.75
2023-01-27 01:50:00,7.43,266.0,24.75
2023-01-27 01:55:00,7.41,266.0,24.69
2023-01-27 02:00:00,7.38,268.0,24.69
2023-01-27 02:05:00,7.37,266.0,24.69
2023-01-27 02:10:00,7.37,266.0,24.69
2023-01-27 02:15:00,7.38,267.0,24.69
2023-01-27 02:20:00,7.41,268.0,24.69
2023-01-27 02:25:00,7.37,268.0,24.69
2023-01-27 02:30:00,7.29,268.0,24.69
2023-01-27 02:35:00,7.3,268.0,24.63
2023-01-27 02:40:00,7.34,268.0,24.63
2023-01-27 02:45:00,7.42,268.0,24.63
2023-01-27 02:50:00,7.32,268.0,24.63
2023-01-27 02:55:00,6.98,268.0,24.63
2023-01-27 03:00:00,7.3,270.0,24.63
2023-01-27 03:05:00,7.025,268.0,24.63
2023-01-27 03:10:00,6.6899999999999995,268.0,24.56
2023-01-27 03:15:00,7.300000000000001,268.0,24.56
2023-01-27 03:20:00,6.98,268.0,24.56
2023-01-27 03:25:00,6.77,268.0,24.56
2023-01-27 03:30:00,7.045,268.0,24.56
2023-01-27 03:35:00,7.12,268.0,24.56
2023-01-27 03:40:00,7.37,268.0,24.56
2023-01-27 03:45:00,7.24,268.0,24.5
2023-01-27 03:50:00,7.39,268.0,24.5
2023-01-27 03:55:00,6.895,270.0,24.5
2023-01-27 04:00:00,7.08,268.0,24.5
2023-01-27 04:05:00,7.37,266.0,24.5
2023-01-27 04:10:00,7.4399999999999995,268.0,24.5
2023-01-27 04:15:00,7.37,268.0,24.5
2023-01-27 04:20:00,7.39,268.0,24.44
2023-01-27 04:25:00,7.355,268.0,24.44
2023-01-27 04:30:00,7.45,270.0,24.44
2023-01-27 04:35:00,7.45,270.0,24.44
2023-01-27 04:40:00,7.41,268.0,24.44
2023-01-27 04:45:00,7.42,268.0,24.44
2023-01-27 04:50:00,7.39,268.0,24.38
2023-01-27 04:55:00,7.49,268.0,24.38
2023-01-27 05:00:00,7.47,268.0,24.38
2023-01-27 05:05:00,7.34,268.0,24.38
2023-01-27 05:10:00,7.39,268.0,24.38
2023-01-27 05:15:00,7.39,267.0,24.38
2023-01-27 05:20:00,7.41,267.5,24.38
2023-01-27 05:25:00,7.33,268.0,24.31
2023-01-27 05:30:00,7.49,268.0,24.31
2023-01-27 05:35:00,7.37,268.0,24.31
2023-01-27 05:40:00,7.41,268.0,24.31
2023-01-27 05:45:00,7.45,268.0,24.31
2023-01-27 05:50:00,7.37,268.0,24.31
2023-01-27 05:55:00,7.45,270.0,24.31
2023-01-27 06:00:00,7.37,272.0,24.25
2023-01-27 06:05:00,7.46,270.0,24.25
2023-01-27 06:10:00,7.42,270.0,24.25
2023-01-27 06:15:00,7.39,270.0,24.25
2023-01-27 06:20:00,7.43,270.0,24.25
2023-01-27 06:25:00,7.39,270.0,24.25
2023-01-27 06:30:00,7.46,268.0,24.25
2023-01-27 06:35:00,7.39,268.0,24.25
2023-01-27 06:40:00,7.46,268.0,24.25
2023-01-27 06:45:00,7.39,268.0,24.25
2023-01-27 06:50:00,7.39,268.0,24.19
2023-01-27 06:55:00,7.41,270.0,24.19
2023-01-27 07:00:00,7.41,270.0,24.19
2023-01-27 07:05:00,7.46,272.0,24.19
2023-01-27 07:10:00,7.39,272.0,24.19
2023-01-27 07:15:00,7.42,272.0,24.19
2023-01-27 07:20:00,7.37,270.0,24.19
2023-01-27 07:25:00,7.37,272.0,24.19
2023-01-27 07:30:00,7.470000000000001,270.0,24.19
2023-01-27 07:35:00,7.43,272.0,24.19
2023-01-27 07:40:00,7.41,270.0,24.19
2023-01-27 07:45:00,7.4,270.0,24.19
2023-01-27 07:50:00,7.43,270.0,24.19
2023-01-27 07:55:00,7.4399999999999995,270.0,24.13
2023-01-27 08:00:00,7.56,270.0,24.19
2023-01-27 08:05:00,7.49,268.0,24.19
2023-01-27 08:10:00,7.539999999999999,269.0,24.13
2023-01-27 08:15:00,7.37,268.0,24.19
2023-01-27 08:20:00,7.48,268.5,24.19
2023-01-27 08:25:00,7.5600000000000005,269.0,24.13
2023-01-27 08:30:00,7.49,268.0,24.13
2023-01-27 08:35:00,7.5600000000000005,268.0,24.13
2023-01-27 08:40:00,7.37,268.0,24.19
2023-01-27 08:45:00,7.49,268.0,24.13
2023-01-27 08:50:00,7.43,270.0,24.19
2023-01-27 08:55:00,7.43,268.0,24.19
2023-01-27 09:00:00,7.39,268.0,24.19
2023-01-27 09:05:00,7.47,268.0,24.19
2023-01-27 09:10:00,7.43,267.5,24.19
2023-01-27 09:15:00,7.28,266.0,24.19
2023-01-27 09:20:00,7.355,268.0,24.19
2023-01-27 09:25:00,7.375,263.0,24.25
2023-01-27 09:30:00,6.455,266.0,24.25
2023-01-27 09:35:00,7.39,263.0,24.25
2023-01-27 09:40:00,7.37,263.0,24.31
2023-01-27 09:45:00,7.385,263.0,24.31
2023-01-27 09:50:00,,,
2023-01-27 09:55:00,,,
2023-01-27 10:00:00,,,
2023-01-27 10:05:00,7.6,282.0,24.44
2023-01-27 10:10:00,,,
2023-01-27 10:15:00,,,
2023-01-27 10:20:00,,,
2023-01-27 10:25:00,,,
2023-01-27 10:30:00,7.45,271.0,24.69
2023-01-27 10:35:00,,,
2023-01-27 10:40:00,,,
2023-01-27 10:45:00,,,
2023-01-27 10:50:00,,,
2023-01-27 10:55:00,,,
2023-01-27 11:00:00,6.5649999999999995,267.0,24.845
2023-01-27 11:05:00,,,
2023-01-27 11:10:00,,,
2023-01-27 11:15:00,,,
2023-01-27 11:20:00,,,
2023-01-27 11:25:00,,,
2023-01-27 11:30:00,,,
2023-01-27 11:35:00,,,
2023-01-27 11:40:00,,,
2023-01-27 11:45:00,,,
2023-01-27 11:50:00,,,
2023-01-27 11:55:00,,,
2023-01-27 12:00:00,,,
2023-01-27 12:05:00,,,
2023-01-27 12:10:00,,,
2023-01-27 12:15:00,,,
2023-01-27 12:20:00,,,
2023-01-27 12:25:00,,,
2023-01-27 12:30:00,,,
2023-01-27 12:35:00,,,
2023-01-27 12:40:00,,,
2023-01-27 12:45:00,,,
2023-01-27 12:50:00,,,
2023-01-27 12:55:00,,,
2023-01-27 13:00:00,,,
2023-01-27 13:05:00,,,
2023-01-27 13:10:00,,,
2023-01-27 13:15:00,,,
2023-01-27 13:20:00,,,
2023-01-27 13:25:00,,,
2023-01-27 13:30:00,,,
2023-01-27 13:35:00,7.58,267.0,25.38
2023-01-27 13:40:00,,,
2023-01-27 13:45:00,7.6,266.0,25.38
2023-01-27 13:50:00,6.25,267.0,25.38
2023-01-27 13:55:00,7.24,267.0,25.38
2023-01-27 14:00:00,,,
2023-01-27 14:05:00,,,
2023-01-27 14:10:00,,,
2023-01-27 14:15:00,,,
2023-01-27 14:20:00,,,
2023-01-27 14:25:00,,,
2023-01-27 14:30:00,,,
2023-01-27 14:35:00,7.32,271.0,25.44
2023-01-27 14:40:00,,,
2023-01-27 14:45:00,7.6,267.0,25.5
2023-01-27 14:50:00,,,
2023-01-27 14:55:00,,,
2023-01-27 15:00:00,,,
2023-01-27 15:05:00,,,
2023-01-27 15:10:00,,,
2023-01-27 15:15:00,,,
2023-01-27 15:20:00,,,
2023-01-27 15:25:00,,,
2023-01-27 15:30:00,,,
2023-01-27 15:35:00,,,
2023-01-27 15:40:00,,,
2023-01-27 15:45:00,,,
2023-01-27 15:50:00,,,
2023-01-27 15:55:00,,,
2023-01-27 16:00:00,,,
2023-01-27 16:05:00,,,
2023-01-27 16:10:00,7.47,276.0,25.56
2023-01-27 16:15:00,7.16,273.0,25.56
2023-01-27 16:20:00,,,
2023-01-27 16:25:00,,,
2023-01-27 16:30:00,6.975,276.5,25.56
2023-01-27 16:35:00,7.484999999999999,275.0,25.56
2023-01-27 16:40:00,,,
2023-01-27 16:45:00,,,
2023-01-27 16:50:00,,,
2023-01-27 16:55:00,7.6,279.0,25.56
2023-01-27 17:00:00,,,
2023-01-27 17:05:00,,,
2023-01-27 17:10:00,,,
2023-01-27 17:15:00,,,
2023-01-27 17:20:00,,,
2023-01-27 17:25:00,,,
2023-01-27 17:30:00,,,
2023-01-27 17:35:00,,,
2023-01-27 17:40:00,,,
2023-01-27 17:45:00,,,
2023-01-27 17:50:00,,,
2023-01-27 17:55:00,,,
2023-01-27 18:00:00,,,
2023-01-27 18:05:00,,,
2023-01-27 18:10:00,,,
2023-01-27 18:15:00,7.405,281.0,25.5
2023-01-27 18:20:00,,,
2023-01-27 18:25:00,6.26,281.0,25.5
2023-01-27 18:30:00,7.345000000000001,284.0,25.5
2023-01-27 18:35:00,,,
2023-01-27 18:40:00,7.37,285.0,25.5
2023-01-27 18:45:00,7.37,281.0,25.5
2023-01-27 18:50:00,,,
2023-01-27 18:55:00,,,
2023-01-27 19:00:00,7.43,283.0,25.44
2023-01-27 19:05:00,7.56,285.0,25.44
2023-01-27 19:10:00,,,
2023-01-27 19:15:00,7.45,285.0,25.44
2023-01-27 19:20:00,7.6,614.0,25.44
2023-01-27 19:25:00,7.449999999999999,284.0,25.38
2023-01-27 19:30:00,7.41,285.0,25.38
2023-01-27 19:35:00,7.6,604.0,25.38
2023-01-27 19:40:00,,,
2023-01-27 19:45:00,7.6,283.0,25.38
2023-01-27 19:50:00,7.6,283.0,25.38
2023-01-27 19:55:00,7.6,283.0,25.38
2023-01-27 20:00:00,,,
2023-01-27 20:05:00,,,
2023-01-27 20:10:00,,,
2023-01-27 20:15:00,,,
2023-01-27 20:20:00,,,
2023-01-27 20:25:00,,,
2023-01-27 20:30:00,,,
2023-01-27 20:35:00,,,
2023-01-27 20:40:00,,,
2023-01-27 20:45:00,,,
2023-01-27 20:50:00,,,
2023-01-27 20:55:00,,,
2023-01-27 21:00:00,,,
2023-01-27 21:05:00,,,
2023-01-27 21:10:00,,,
2023-01-27 21:15:00,,,
2023-01-27 21:20:00,,,
2023-01-27 21:25:00,,,
2023-01-27 21:30:00,,,
2023-01-27 21:35:00,,,
2023-01-27 21:40:00,6.68,283.0,25.19
2023-01-27 21:45:00,6.13,285.0,25.19
2023-01-27 21:50:00,5.97,283.0,25.19
2023-01-27 21:55:00,,,
2023-01-27 22:00:00,,,
2023-01-27 22:05:00,,,
2023-01-27 22:10:00,,,
2023-01-27 22:15:00,,,
2023-01-27 22:20:00,,,
2023-01-27 22:25:00,,,
2023-01-27 22:30:00,,,
2023-01-27 22:35:00,5.98,283.0,25.19
2023-01-27 22:40:00,5.66,281.0,25.13
2023-01-27 22:45:00,5.785,284.0,25.13
2023-01-27 22:50:00,5.800000000000001,278.5,25.13
2023-01-27 22:55:00,7.07,285.0,25.13
2023-01-27 23:00:00,9.65,283.0,25.13
2023-01-27 23:05:00,8.02,283.0,25.13
2023-01-27 23:10:00,10.4,281.0,25.13
2023-01-27 23:15:00,10.39,283.0,25.13
2023-01-27 23:20:00,9.379999999999999,283.0,25.06
2023-01-27 23:25:00,7.045,280.5,25.06
2023-01-27 23:30:00,7.54,283.0,25.06
2023-01-27 23:35:00,7.63,283.0,25.06
2023-01-27 23:40:00,7.19,283.0,25.06
2023-01-27 23:45:00,7.085,282.0,25.06
2023-01-27 23:50:00,6.885,282.0,25.06
2023-01-27 23:55:00,7.0,283.0,25.06
2023-01-28 00:00:00,9.385,284.0,25.06
2023-01-28 00:05:00,7.06,283.0,25.06
2023-01-28 00:10:00,8.495000000000001,283.0,25.03
2023-01-28 00:15:00,9.165,283.0,25.0
2023-01-28 00:20:00,9.465,282.5,25.0
2023-01-28 00:25:00,8.535,281.5,25.0
2023-01-28 00:30:00,8.555,278.0,25.0
2023-01-28 00:35:00,7.52,280.0,25.0
2023-01-28 00:40:00,8.38,283.0,25.0
2023-01-28 00:45:00,8.425,282.0,25.0
2023-01-28 00:50:00,6.8149999999999995,280.0,25.0
2023-01-28 00:55:00,8.17,280.0,25.0
2023-01-28 01:00:00,9.475,281.0,24.94
2023-01-28 01:05:00,11.094999999999999,280.0,24.94
2023-01-28 01:10:00,8.53,282.0,24.94
2023-01-28 01:15:00,7.6,439.5,24.94
2023-01-28 01:20:00,7.415,282.0,24.94
2023-01-28 01:25:00,6.37,282.0,24.94
2023-01-28 01:30:00,5.95,280.0,24.94
2023-01-28 01:35:00,6.0600000000000005,281.0,24.94
2023-01-28 01:40:00,5.905,280.0,24.91
2023-01-28 01:45:00,6.28,280.0,24.94
2023-01-28 01:50:00,,,
2023-01-28 01:55:00,,,
2023-01-28 02:00:00,6.36,282.0,24.88
2023-01-28 02:05:00,,,
2023-01-28 02:10:00,6.455,282.0,24.88
2023-01-28 02:15:00,7.73,280.0,24.88
2023-01-28 02:20:00,6.3,276.0,24.88
2023-01-28 02:25:00,6.42,276.0,24.81
2023-01-28 02:30:00,,,
2023-01-28 02:35:00,6.23,280.0,24.81
2023-01-28 02:40:00,5.805,443.0,24.81
2023-01-28 02:45:00,,,
2023-01-28 02:50:00,7.34,282.0,24.81
2023-01-28 02:55:00,,,
2023-01-28 03:00:00,6.3,282.0,24.81
2023-01-28 03:05:00,,,
2023-01-28 03:10:00,,,
2023-01-28 03:15:00,7.47,280.0,24.75
2023-01-28 03:20:00,7.64,280.0,24.75
2023-01-28 03:25:00,7.49,281.0,24.75
2023-01-28 03:30:00,7.39,280.0,24.75
2023-01-28 03:35:00,6.55,282.0,24.75
2023-01-28 03:40:00,7.15,280.0,24.75
2023-01-28 03:45:00,6.115,601.5,24.75
2023-01-28 03:50:00,6.0,280.0,24.69
2023-01-28 03:55:00,7.15,282.0,24.69
2023-01-28 04:00:00,5.55,280.0,24.75
2023-01-28 04:05:00,,,
2023-01-28 04:10:00,6.12,282.0,24.69
2023-01-28 04:15:00,,,
2023-01-28 04:20:00,5.9399999999999995,280.0,24.69
2023-01-28 04:25:00,5.57,280.0,24.69
2023-01-28 04:30:00,5.6,282.0,24.69
2023-01-28 04:35:00,5.95,282.0,24.63
2023-01-28 04:40:00,5.65,282.0,24.63
2023-01-28 04:45:00,5.915,282.0,24.63
2023-01-28 04:50:00,5.83,282.0,24.63
2023-01-28 04:55:00,6.23,282.0,24.63
2023-01-28 05:00:00,6.245,282.0,24.63
2023-01-28 05:05:00,6.11,284.0,24.63
2023-01-28 05:10:00,6.06,282.0,24.63
2023-01-28 05:15:00,5.82,282.0,24.63
2023-01-28 05:20:00,6.305,281.0,24.595
2023-01-28 05:25:00,7.01,282.0,24.56
2023-01-28 05:30:00,6.715,280.0,24.56
2023-01-28 05:35:00,5.76,282.0,24.56
2023-01-28 05:40:00,5.77,282.0,24.56
2023-01-28 05:45:00,5.95,280.0,24.56
2023-01-28 05:50:00,5.92,284.0,24.5
2023-01-28 05:55:00,5.965,282.0,24.56
2023-01-28 06:00:00,6.05,282.0,24.53
2023-01-28 06:05:00,6.11,284.0,24.5
2023-01-28 06:10:00,6.75,282.0,24.5
2023-01-28 06:15:00,6.55,284.0,24.5
2023-01-28 06:20:00,6.07,282.0,24.5
2023-01-28 06:25:00,5.74,284.0,24.5
2023-01-28 06:30:00,,,
2023-01-28 06:35:00,6.265000000000001,282.0,24.5
2023-01-28 06:40:00,7.52,282.0,24.5
2023-01-28 06:45:00,,,
2023-01-28 06:50:00,5.53,282.0,24.5
2023-01-28 06:55:00,5.95,280.0,24.5
2023-01-28 07:00:00,6.53,282.0,24.5
2023-01-28 07:05:00,7.39,284.0,24.5
2023-01-28 07:10:00,7.795,283.0,24.44
2023-01-28 07:15:00,7.0,282.0,24.44
2023-01-28 07:20:00,6.47,282.0,24.44
2023-01-28 07:25:00,7.37,284.0,24.44
2023-01-28 07:30:00,6.734999999999999,446.5,24.44
2023-01-28 07:35:00,7.37,604.0,24.44
2023-01-28 07:40:00,7.43,282.0,24.44
2023-01-28 07:45:00,7.39,284.0,24.44
2023-01-28 07:50:00,7.41,280.0,24.44
2023-01-28 07:55:00,7.52,282.0,24.44
2023-01-28 08:00:00,7.465,282.0,24.44
2023-01-28 08:05:00,7.6,282.0,24.44
2023-01-28 08:10:00,7.39,282.0,24.44
2023-01-28 08:15:00,7.45,281.0,24.44
2023-01-28 08:20:00,7.37,281.0,24.44
2023-01-28 08:25:00,7.6,281.0,24.44
2023-01-28 08:30:00,7.39,280.0,24.44
2023-01-28 08:35:00,7.525,280.0,24.44
2023-01-28 08:40:00,7.37,282.0,24.44
2023-01-28 08:45:00,7.42,280.0,24.44
2023-01-28 08:50:00,7.43,282.0,24.44
2023-01-28 08:55:00,6.595,282.0,24.44
2023-01-28 09:00:00,7.49,284.0,24.44
2023-01-28 09:05:00,7.41,282.0,24.44
2023-01-28 09:10:00,5.89,284.0,24.44
2023-01-28 09:15:00,8.79,282.0,24.44
2023-01-28 09:20:00,8.28,282.0,24.44
2023-01-28 09:25:00,7.48,282.0,24.44
2023-01-28 09:30:00,8.51,280.0,24.38
2023-01-28 09:35:00,7.575,280.0,24.38
2023-01-28 09:40:00,9.07,307.0,24.44
2023-01-28 09:45:00,6.77,302.0,24.38
2023-01-28 09:50:00,,,
2023-01-28 09:55:00,,,
2023-01-28 10:00:00,,,
2023-01-28 10:05:00,,,
2023-01-28 10:10:00,,,
2023-01-28 10:15:00,,,
2023-01-28 10:20:00,,,
2023-01-28 10:25:00,,,
2023-01-28 10:30:00,,,
2023-01-28 10:35:00,,,
2023-01-28 10:40:00,,,
2023-01-28 10:45:00,,,
2023-01-28 10:50:00,,,
2023-01-28 10:55:00,,,
2023-01-28 11:00:00,,,
2023-01-28 11:05:00,,,
2023-01-28 11:10:00,,,
2023-01-28 11:15:00,,,
2023-01-28 11:20:00,,,
2023-01-28 11:25:00,,,
2023-01-28 11:30:00,,,
2023-01-28 11:35:00,,,
2023-01-28 11:40:00,,,
2023-01-28 11:45:00,,,
2023-01-28 11:50:00,,,
2023-01-28 11:55:00,,,
2023-01-28 12:00:00,,,
2023-01-28 12:05:00,,,
2023-01-28 12:10:00,,,
2023-01-28 12:15:00,,,
2023-01-28 12:20:00,,,
2023-01-28 12:25:00,,,
2023-01-28 12:30:00,,,
2023-01-28 12:35:00,,,
2023-01-28 12:40:00,,,
2023-01-28 12:45:00,,,
2023-01-28 12:50:00,,,
2023-01-28 12:55:00,,,
2023-01-28 13:00:00,,,
2023-01-28 13:05:00,,,
2023-01-28 13:10:00,,,
2023-01-28 13:15:00,,,
2023-01-28 13:20:00,,,
2023-01-28 13:25:00,,,
2023-01-28 13:30:00,,,
2023-01-28 13:35:00,,,
2023-01-28 13:40:00,,,
2023-01-28 13:45:00,,,
2023-01-28 13:50:00,,,
2023-01-28 13:55:00,,,
2023-01-28 14:00:00,,,
2023-01-28 14:05:00,,,
2023-01-28 14:10:00,,,
2023-01-28 14:15:00,,,
2023-01-28 14:20:00,,,
2023-01-28 14:25:00,,,
2023-01-28 14:30:00,,,
2023-01-28 14:35:00,,,
2023-01-28 14:40:00,,,
2023-01-28 14:45:00,,,
2023-01-28 14:50:00,,,
2023-01-28 14:55:00,,,
2023-01-28 15:00:00,,,
2023-01-28 15:05:00,,,
2023-01-28 15:10:00,,,
2023-01-28 15:15:00,,,
2023-01-28 15:20:00,,,
2023-01-28 15:25:00,,,
2023-01-28 15:30:00,,,
2023-01-28 15:35:00,,,
2023-01-28 15:40:00,,,
2023-01-28 15:45:00,,,
2023-01-28 15:50:00,,,
2023-01-28 15:55:00,,,
2023-01-28 16:00:00,,,
2023-01-28 16:05:00,,,
2023-01-28 16:10:00,,,
2023-01-28 16:15:00,,,
2023-01-28 16:20:00,,,
2023-01-28 16:25:00,,,
2023-01-28 16:30:00,,,
2023-01-28 16:35:00,,,
2023-01-28 16:40:00,,,
2023-01-28 16:45:00,,,
2023-01-28 16:50:00,,,
2023-01-28 16:55:00,,,
2023-01-28 17:00:00,,,
2023-01-28 17:05:00,,,
2023-01-28 17:10:00,,,
2023-01-28 17:15:00,,,
2023-01-28 17:20:00,,,
2023-01-28 17:25:00,,,
2023-01-28 17:30:00,,,
2023-01-28 17:35:00,,,
2023-01-28 17:40:00,,,
2023-01-28 17:45:00,,,
2023-01-28 17:50:00,,,
2023-01-28 17:55:00,,,
2023-01-28 18:00:00,,,
2023-01-28 18:05:00,,,
2023-01-28 18:10:00,,,
2023-01-28 18:15:00,,,
2023-01-28 18:20:00,,,
2023-01-28 18:25:00,,,
2023-01-28 18:30:00,,,
2023-01-28 18:35:00,,,
2023-01-28 18:40:00,,,
2023-01-28 18:45:00,,,
2023-01-28 18:50:00,,,
2023-01-28 18:55:00,,,
2023-01-28 19:00:00,,,
2023-01-28 19:05:00,,,
2023-01-28 19:10:00,,,
2023-01-28 19:15:00,,,
2023-01-28 19:20:00,,,
2023-01-28 19:25:00,,,
2023-01-28 19:30:00,,,
2023-01-28 19:35:00,,,
2023-01-28 19:40:00,,,
2023-01-28 19:45:00,,,
2023-01-28 19:50:00,,,
2023-01-28 19:55:00,,,
2023-01-28 20:00:00,,,
2023-01-28 20:05:00,,,
2023-01-28 20:10:00,,,
2023-01-28 20:15:00,,,
2023-01-28 20:20:00,,,
2023-01-28 20:25:00,,,
2023-01-28 20:30:00,,,
2023-01-28 20:35:00,,,
2023-01-28 20:40:00,,,
2023-01-28 20:45:00,,,
2023-01-28 20:50:00,,,
2023-01-28 20:55:00,,,
2023-01-28 21:00:00,,,
2023-01-28 21:05:00,,,
2023-01-28 21:10:00,,,
2023-01-28 21:15:00,,,
2023-01-28 21:20:00,,,
2023-01-28 21:25:00,,,
2023-01-28 21:30:00,,,
2023-01-28 21:35:00,,,
2023-01-28 21:40:00,,,
2023-01-28 21:45:00,,,
2023-01-28 21:50:00,,,
2023-01-28 21:55:00,,,
2023-01-28 22:00:00,,,
2023-01-28 22:05:00,,,
2023-01-28 22:10:00,,,
2023-01-28 22:15:00,,,
2023-01-28 22:20:00,,,
2023-01-28 22:25:00,,,
2023-01-28 22:30:00,,,
2023-01-28 22:35:00,,,
2023-01-28 22:40:00,,,
2023-01-28 22:45:00,,,
2023-01-28 22:50:00,,,
2023-01-28 22:55:00,,,
2023-01-28 23:00:00,,,
2023-01-28 23:05:00,,,
2023-01-28 23:10:00,,,
2023-01-28 23:15:00,,,
2023-01-28 23:20:00,,,
2023-01-28 23:25:00,,,
2023-01-28 23:30:00,,,
2023-01-28 23:35:00,,,
2023-01-28 23:40:00,,,
2023-01-28 23:45:00,,,
2023-01-28 23:50:00,,,
2023-01-28 23:55:00,,,
2023-01-29 00:00:00,,,
2023-01-29 00:05:00,,,
2023-01-29 00:10:00,,,
2023-01-29 00:15:00,,,
2023-01-29 00:20:00,,,
2023-01-29 00:25:00,,,
2023-01-29 00:30:00,,,
2023-01-29 00:35:00,,,
2023-01-29 00:40:00,,,
2023-01-29 00:45:00,,,
2023-01-29 00:50:00,,,
2023-01-29 00:55:00,,,
2023-01-29 01:00:00,,,
2023-01-29 01:05:00,,,
2023-01-29 01:10:00,,,
2023-01-29 01:15:00,,,
2023-01-29 01:20:00,,,
2023-01-29 01:25:00,,,
2023-01-29 01:30:00,,,
2023-01-29 01:35:00,,,
2023-01-29 01:40:00,,,
2023-01-29 01:45:00,,,
2023-01-29 01:50:00,,,
2023-01-29 01:55:00,,,
2023-01-29 02:00:00,,,
2023-01-29 02:05:00,,,
2023-01-29 02:10:00,,,
2023-01-29 02:15:00,,,
2023-01-29 02:20:00,,,
2023-01-29 02:25:00,,,
2023-01-29 02:30:00,,,
2023-01-29 02:35:00,,,
2023-01-29 02:40:00,,,
2023-01-29 02:45:00,,,
2023-01-29 02:50:00,,,
2023-01-29 02:55:00,,,
2023-01-29 03:00:00,,,
2023-01-29 03:05:00,,,
2023-01-29 03:10:00,,,
2023-01-29 03:15:00,,,
2023-01-29 03:20:00,,,
2023-01-29 03:25:00,,,
2023-01-29 03:30:00,,,
2023-01-29 03:35:00,,,
2023-01-29 03:40:00,,,
2023-01-29 03:45:00,,,
2023-01-29 03:50:00,,,
2023-01-29 03:55:00,,,
2023-01-29 04:00:00,,,
2023-01-29 04:05:00,,,
2023-01-29 04:10:00,,,
2023-01-29 04:15:00,,,
2023-01-29 04:20:00,,,
2023-01-29 04:25:00,,,
2023-01-29 04:30:00,,,
2023-01-29 04:35:00,,,
2023-01-29 04:40:00,,,
2023-01-29 04:45:00,,,
2023-01-29 04:50:00,,,
2023-01-29 04:55:00,,,
2023-01-29 05:00:00,,,
2023-01-29 05:05:00,,,
2023-01-29 05:10:00,,,
2023-01-29 05:15:00,,,
2023-01-29 05:20:00,,,
2023-01-29 05:25:00,,,
2023-01-29 05:30:00,,,
2023-01-29 05:35:00,,,
2023-01-29 05:40:00,,,
2023-01-29 05:45:00,,,
2023-01-29 05:50:00,,,
2023-01-29 05:55:00,,,
2023-01-29 06:00:00,,,
2023-01-29 06:05:00,,,
2023-01-29 06:10:00,,,
2023-01-29 06:15:00,,,
2023-01-29 06:20:00,,,
2023-01-29 06:25:00,,,
2023-01-29 06:30:00,,,
2023-01-29 06:35:00,,,
2023-01-29 06:40:00,,,
2023-01-29 06:45:00,,,
2023-01-29 06:50:00,,,
2023-01-29 06:55:00,,,
2023-01-29 07:00:00,,,
2023-01-29 07:05:00,,,
2023-01-29 07:10:00,,,
2023-01-29 07:15:00,,,
2023-01-29 07:20:00,,,
2023-01-29 07:25:00,,,
2023-01-29 07:30:00,,,
2023-01-29 07:35:00,,,
2023-01-29 07:40:00,,,
2023-01-29 07:45:00,,,
2023-01-29 07:50:00,,,
2023-01-29 07:55:00,,,
2023-01-29 08:00:00,,,
2023-01-29 08:05:00,,,
2023-01-29 08:10:00,,,
2023-01-29 08:15:00,,,
2023-01-29 08:20:00,,,
2023-01-29 08:25:00,,,
2023-01-29 08:30:00,,,
2023-01-29 08:35:00,,,
2023-01-29 08:40:00,,,
2023-01-29 08:45:00,,,
2023-01-29 08:50:00,,,
2023-01-29 08:55:00,,,
2023-01-29 09:00:00,,,
2023-01-29 09:05:00,,,
2023-01-29 09:10:00,,,
2023-01-29 09:15:00,,,
2023-01-29 09:20:00,,,
2023-01-29 09:25:00,,,
2023-01-29 09:30:00,,,
2023-01-29 09:35:00,,,
2023-01-29 09:40:00,,,
2023-01-29 09:45:00,,,
2023-01-29 09:50:00,,,
2023-01-29 09:55:00,,,
2023-01-29 10:00:00,,,
2023-01-29 10:05:00,,,
2023-01-29 10:10:00,,,
2023-01-29 10:15:00,,,
2023-01-29 10:20:00,,,
2023-01-29 10:25:00,,,
2023-01-29 10:30:00,,,
2023-01-29 10:35:00,,,
2023-01-29 10:40:00,,,
2023-01-29 10:45:00,,,
2023-01-29 10:50:00,,,
2023-01-29 10:55:00,,,
2023-01-29 11:00:00,,,
2023-01-29 11:05:00,,,
2023-01-29 11:10:00,,,
2023-01-29 11:15:00,,,
2023-01-29 11:20:00,,,
2023-01-29 11:25:00,,,
2023-01-29 11:30:00,,,
2023-01-29 11:35:00,,,
2023-01-29 11:40:00,,,
2023-01-29 11:45:00,,,
2023-01-29 11:50:00,,,
2023-01-29 11:55:00,,,
2023-01-29 12:00:00,,,
2023-01-29 12:05:00,,,
2023-01-29 12:10:00,,,
2023-01-29 12:15:00,,,
2023-01-29 12:20:00,,,
2023-01-29 12:25:00,,,
2023-01-29 12:30:00,,,
2023-01-29 12:35:00,,,
2023-01-29 12:40:00,,,
2023-01-29 12:45:00,,,
2023-01-29 12:50:00,,,
2023-01-29 12:55:00,,,
2023-01-29 13:00:00,,,
2023-01-29 13:05:00,,,
2023-01-29 13:10:00,,,
2023-01-29 13:15:00,,,
2023-01-29 13:20:00,,,
2023-01-29 13:25:00,,,
2023-01-29 13:30:00,,,
2023-01-29 13:35:00,,,
2023-01-29 13:40:00,,,
2023-01-29 13:45:00,,,
2023-01-29 13:50:00,,,
2023-01-29 13:55:00,,,
2023-01-29 14:00:00,,,
2023-01-29 14:05:00,,,
2023-01-29 14:10:00,,,
2023-01-29 14:15:00,,,
2023-01-29 14:20:00,,,
2023-01-29 14:25:00,,,
2023-01-29 14:30:00,,,
2023-01-29 14:35:00,,,
2023-01-29 14:40:00,,,
2023-01-29 14:45:00,,,
2023-01-29 14:50:00,,,
2023-01-29 14:55:00,,,
2023-01-29 15:00:00,,,
2023-01-29 15:05:00,,,
2023-01-29 15:10:00,,,
2023-01-29 15:15:00,,,
2023-01-29 15:20:00,,,
2023-01-29 15:25:00,,,
2023-01-29 15:30:00,,,
2023-01-29 15:35:00,,,
2023-01-29 15:40:00,,,
2023-01-29 15:45:00,,,
2023-01-29 15:50:00,,,
2023-01-29 15:55:00,,,
2023-01-29 16:00:00,,,
2023-01-29 16:05:00,,,
2023-01-29 16:10:00,,,
2023-01-29 16:15:00,,,
2023-01-29 16:20:00,,,
2023-01-29 16:25:00,,,
2023-01-29 16:30:00,,,
2023-01-29 16:35:00,,,
2023-01-29 16:40:00,,,
2023-01-29 16:45:00,,,
2023-01-29 16:50:00,,,
2023-01-29 16:55:00,,,
2023-01-29 17:00:00,,,
2023-01-29 17:05:00,,,
2023-01-29 17:10:00,,,
2023-01-29 17:15:00,,,
2023-01-29 17:20:00,,,
2023-01-29 17:25:00,,,
2023-01-29 17:30:00,,,
2023-01-29 17:35:00,,,
2023-01-29 17:40:00,,,
2023-01-29 17:45:00,,,
2023-01-29 17:50:00,,,
2023-01-29 17:55:00,,,
2023-01-29 18:00:00,,,
2023-01-29 18:05:00,,,
2023-01-29 18:10:00,,,
2023-01-29 18:15:00,,,
2023-01-29 18:20:00,,,
2023-01-29 18:25:00,,,
2023-01-29 18:30:00,,,
2023-01-29 18:35:00,,,
2023-01-29 18:40:00,,,
2023-01-29 18:45:00,,,
2023-01-29 18:50:00,,,
2023-01-29 18:55:00,,,
2023-01-29 19:00:00,,,
2023-01-29 19:05:00,,,
2023-01-29 19:10:00,,,
2023-01-29 19:15:00,,,
2023-01-29 19:20:00,,,
2023-01-29 19:25:00,,,
2023-01-29 19:30:00,,,
2023-01-29 19:35:00,,,
2023-01-29 19:40:00,,,
2023-01-29 19:45:00,,,
2023-01-29 19:50:00,,,
2023-01-29 19:55:00,,,
2023-01-29 20:00:00,,,
2023-01-29 20:05:00,,,
2023-01-29 20:10:00,,,
2023-01-29 20:15:00,,,
2023-01-29 20:20:00,,,
2023-01-29 20:25:00,,,
2023-01-29 20:30:00,,,
2023-01-29 20:35:00,,,
2023-01-29 20:40:00,,,
2023-01-29 20:45:00,,,
2023-01-29 20:50:00,,,
2023-01-29 20:55:00,,,
2023-01-29 21:00:00,,,
2023-01-29 21:05:00,,,
2023-01-29 21:10:00,,,
2023-01-29 21:15:00,,,
2023-01-29 21:20:00,,,
2023-01-29 21:25:00,,,
2023-01-29 21:30:00,,,
2023-01-29 21:35:00,,,
2023-01-29 21:40:00,,,
2023-01-29 21:45:00,,,
2023-01-29 21:50:00,,,
2023-01-29 21:55:00,,,
2023-01-29 22:00:00,,,
2023-01-29 22:05:00,,,
2023-01-29 22:10:00,,,
2023-01-29 22:15:00,,,
2023-01-29 22:20:00,,,
2023-01-29 22:25:00,,,
2023-01-29 22:30:00,,,
2023-01-29 22:35:00,,,
2023-01-29 22:40:00,,,
2023-01-29 22:45:00,,,
2023-01-29 22:50:00,,,
2023-01-29 22:55:00,,,
2023-01-29 23:00:00,,,
2023-01-29 23:05:00,,,
2023-01-29 23:10:00,,,
2023-01-29 23:15:00,,,
2023-01-29 23:20:00,,,
2023-01-29 23:25:00,,,
2023-01-29 23:30:00,,,
2023-01-29 23:35:00,,,
2023-01-29 23:40:00,,,
2023-01-29 23:45:00,,,
2023-01-29 23:50:00,,,
2023-01-29 23:55:00,,,
2023-01-30 00:00:00,,,
2023-01-30 00:05:00,,,
2023-01-30 00:10:00,,,
2023-01-30 00:15:00,,,
2023-01-30 00:20:00,,,
2023-01-30 00:25:00,,,
2023-01-30 00:30:00,,,
2023-01-30 00:35:00,,,
2023-01-30 00:40:00,,,
2023-01-30 00:45:00,,,
2023-01-30 00:50:00,,,
2023-01-30 00:55:00,,,
2023-01-30 01:00:00,,,
2023-01-30 01:05:00,,,
2023-01-30 01:10:00,,,
2023-01-30 01:15:00,,,
2023-01-30 01:20:00,,,
2023-01-30 01:25:00,,,
2023-01-30 01:30:00,,,
2023-01-30 01:35:00,,,
2023-01-30 01:40:00,,,
2023-01-30 01:45:00,,,
2023-01-30 01:50:00,,,
2023-01-30 01:55:00,,,
2023-01-30 02:00:00,,,
2023-01-30 02:05:00,,,
2023-01-30 02:10:00,,,
2023-01-30 02:15:00,,,
2023-01-30 02:20:00,,,
2023-01-30 02:25:00,,,
2023-01-30 02:30:00,,,
2023-01-30 02:35:00,,,
2023-01-30 02:40:00,,,
2023-01-30 02:45:00,,,
2023-01-30 02:50:00,,,
2023-01-30 02:55:00,,,
2023-01-30 03:00:00,,,
2023-01-30 03:05:00,,,
2023-01-30 03:10:00,,,
2023-01-30 03:15:00,,,
2023-01-30 03:20:00,,,
2023-01-30 03:25:00,,,
2023-01-30 03:30:00,,,
2023-01-30 03:35:00,,,
2023-01-30 03:40:00,,,
2023-01-30 03:45:00,,,
2023-01-30 03:50:00,,,
2023-01-30 03:55:00,,,
2023-01-30 04:00:00,,,
2023-01-30 04:05:00,,,
2023-01-30 04:10:00,,,
2023-01-30 04:15:00,,,
2023-01-30 04:20:00,,,
2023-01-30 04:25:00,,,
2023-01-30 04:30:00,,,
2023-01-30 04:35:00,,,
2023-01-30 04:40:00,,,
2023-01-30 04:45:00,,,
2023-01-30 04:50:00,,,
2023-01-30 04:55:00,,,
2023-01-30 05:00:00,,,
2023-01-30 05:05:00,,,
2023-01-30 05:10:00,,,
2023-01-30 05:15:00,,,
2023-01-30 05:20:00,,,
2023-01-30 05:25:00,,,
2023-01-30 05:30:00,,,
2023-01-30 05:35:00,,,
2023-01-30 05:40:00,,,
2023-01-30 05:45:00,,,
2023-01-30 05:50:00,5.8,290.0,23.44
2023-01-30 05:55:00,,,
2023-01-30 06:00:00,,,
2023-01-30 06:05:00,,,
2023-01-30 06:10:00,,,
2023-01-30 06:15:00,5.585,459.5,23.38
2023-01-30 06:20:00,5.54,285.0,23.38
2023-01-30 06:25:00,5.6,289.0,23.38
2023-01-30 06:30:00,5.58,285.0,23.38
2023-01-30 06:35:00,5.64,285.0,23.38
2023-01-30 06:40:00,5.66,285.0,23.38
2023-01-30 06:45:00,5.68,287.0,23.38
2023-01-30 06:50:00,5.720000000000001,287.0,23.38
2023-01-30 06:55:00,5.8,287.0,23.38
2023-01-30 07:00:00,5.725,285.0,23.38
2023-01-30 07:05:00,5.82,287.0,23.38
2023-01-30 07:10:00,5.805,287.0,23.38
2023-01-30 07:15:00,5.885,287.0,23.38
2023-01-30 07:20:00,5.85,287.0,23.38
2023-01-30 07:25:00,5.86,289.0,23.38
2023-01-30 07:30:00,5.89,287.0,23.38
2023-01-30 07:35:00,5.94,287.0,23.38
2023-01-30 07:40:00,5.92,288.0,23.38
2023-01-30 07:45:00,5.93,289.0,23.38
2023-01-30 07:50:00,5.85,289.0,23.345
2023-01-30 07:55:00,5.87,289.0,23.38
2023-01-30 08:00:00,6.005,285.0,23.31
2023-01-30 08:05:00,6.005000000000001,289.0,23.38
2023-01-30 08:10:00,6.015,289.0,23.38
2023-01-30 08:15:00,6.01,287.0,23.38
2023-01-30 08:20:00,6.08,287.0,23.38
2023-01-30 08:25:00,6.08,289.0,23.31
2023-01-30 08:30:00,6.05,289.0,23.38
2023-01-30 08:35:00,6.08,289.0,23.38
2023-01-30 08:40:00,6.01,287.0,23.38
2023-01-30 08:45:00,6.075,289.0,23.38
2023-01-30 08:50:00,6.12,289.0,23.38
2023-01-30 08:55:00,6.01,290.0,23.38
2023-01-30 09:00:00,5.88,289.0,23.38
2023-01-30 09:05:00,6.11,289.5,23.38
2023-01-30 09:10:00,6.0600000000000005,288.0,23.38
2023-01-30 09:15:00,6.05,287.0,23.38
2023-01-30 09:20:00,6.1899999999999995,287.5,23.44
2023-01-30 09:25:00,6.234999999999999,287.0,23.44
2023-01-30 09:30:00,6.154999999999999,289.0,23.44
2023-01-30 09:35:00,6.05,287.0,23.44
2023-01-30 09:40:00,5.95,285.0,23.44
2023-01-30 09:45:00,5.83,288.0,23.5
2023-01-30 09:50:00,5.86,287.0,23.5
2023-01-30 09:55:00,6.005,288.0,23.5
2023-01-30 10:00:00,6.095,288.0,23.5
2023-01-30 10:05:00,6.39,288.0,23.5
2023-01-30 10:10:00,6.0600000000000005,288.0,23.5
2023-01-30 10:15:00,6.295,287.5,23.5
2023-01-30 10:20:00,6.375,287.5,23.5
2023-01-30 10:25:00,5.98,288.0,23.56
2023-01-30 10:30:00,6.17,287.0,23.56
2023-01-30 10:35:00,6.32,288.0,23.56
2023-01-30 10:40:00,6.34,288.0,23.63
2023-01-30 10:45:00,6.365,287.0,23.63
2023-01-30 10:50:00,6.25,286.0,23.63
2023-01-30 10:55:00,5.885,286.0,23.63
2023-01-30 11:00:00,6.32,288.0,23.69
2023-01-30 11:05:00,6.37,286.0,23.69
2023-01-30 11:10:00,6.24,288.0,23.69
2023-01-30 11:15:00,6.15,288.0,23.69
2023-01-30 11:20:00,6.07,288.0,23.75
2023-01-30 11:25:00,6.275,288.0,23.75
2023-01-30 11:30:00,6.255,287.0,23.75
2023-01-30 11:35:00,6.125,288.0,23.81
2023-01-30 11:40:00,6.38,288.0,23.81
2023-01-30 11:45:00,6.39,288.0,23.81
2023-01-30 11:50:00,6.1,286.0,23.88
2023-01-30 11:55:00,6.19,286.0,23.88
2023-01-30 12:00:00,6.470000000000001,288.0,23.88
2023-01-30 12:05:00,6.24,288.0,23.94
2023-01-30 12:10:00,6.4,288.0,23.94
2023-01-30 12:15:00,6.45,288.0,23.94
2023-01-30 12:20:00,6.335,290.0,24.0
2023-01-30 12:25:00,6.39,288.0,24.0
2023-01-30 12:30:00,6.0,288.0,24.0
2023-01-30 12:35:00,6.49,288.0,24.0
2023-01-30 12:40:00,6.04,288.0,24.06
2023-01-30 12:45:00,6.41,288.0,24.06
2023-01-30 12:50:00,6.23,288.0,24.06
2023-01-30 12:55:00,6.11,290.0,24.06
2023-01-30 13:00:00,6.59,290.0,24.13
2023-01-30 13:05:00,6.465,288.0,24.13
2023-01-30 13:10:00,6.365,289.5,24.13
2023-01-30 13:15:00,6.42,291.0,24.19
2023-01-30 13:20:00,6.39,289.0,24.19
2023-01-30 13:25:00,5.675,288.0,24.22
2023-01-30 13:30:00,6.65,289.0,24.19
2023-01-30 13:35:00,6.17,288.0,24.25
2023-01-30 13:40:00,,,
2023-01-30 13:45:00,,,
2023-01-30 13:50:00,,,
2023-01-30 13:55:00,,,
2023-01-30 14:00:00,6.76,630.0,24.31
2023-01-30 14:05:00,5.81,289.0,24.31
2023-01-30 14:10:00,6.54,289.0,24.38
2023-01-30 14:15:00,6.04,291.0,24.38
2023-01-30 14:20:00,6.62,289.0,24.38
2023-01-30 14:25:00,,,
2023-01-30 14:30:00,,,
2023-01-30 14:35:00,6.86,289.0,24.44
2023-01-30 14:40:00,6.62,291.0,24.44
2023-01-30 14:45:00,,,
2023-01-30 14:50:00,6.6,293.0,24.5
2023-01-30 14:55:00,,,
2023-01-30 15:00:00,6.78,291.0,24.5
2023-01-30 15:05:00,5.785,289.0,24.53
2023-01-30 15:10:00,6.45,289.0,24.56
2023-01-30 15:15:00,6.3,291.0,24.56
2023-01-30 15:20:00,6.355,291.0,24.595
2023-01-30 15:25:00,6.64,287.0,24.63
2023-01-30 15:30:00,6.475,291.0,24.63
2023-01-30 15:35:00,5.86,289.0,24.63
2023-01-30 15:40:00,6.04,289.0,24.69
2023-01-30 15:45:00,6.38,291.0,24.69
2023-01-30 15:50:00,6.605,292.0,24.69
2023-01-30 15:55:00,6.09,291.0,24.69
2023-01-30 16:00:00,5.995,291.5,24.69
2023-01-30 16:05:00,6.1,291.0,24.69
2023-01-30 16:10:00,6.15,291.0,24.75
2023-01-30 16:15:00,6.595,291.0,24.75
2023-01-30 16:20:00,6.34,291.0,24.75
2023-01-30 16:25:00,5.875,291.0,24.75
2023-01-30 16:30:00,6.29,292.0,24.75
2023-01-30 16:35:00,6.0,292.0,24.81
2023-01-30 16:40:00,6.58,292.0,24.81
2023-01-30 16:45:00,6.095000000000001,292.0,24.81
2023-01-30 16:50:00,6.35,294.0,24.81
2023-01-30 16:55:00,6.18,294.0,24.81
2023-01-30 17:00:00,6.3149999999999995,292.0,24.81
2023-01-30 17:05:00,6.23,294.0,24.88
2023-01-30 17:10:00,6.26,294.0,24.81
2023-01-30 17:15:00,6.63,292.0,24.88
2023-01-30 17:20:00,6.54,293.0,24.88
2023-01-30 17:25:00,6.23,294.0,24.88
2023-01-30 17:30:00,6.65,294.0,24.88
2023-01-30 17:35:00,6.49,294.0,24.88
2023-01-30 17:40:00,6.24,294.0,24.88
2023-01-30 17:45:00,5.955,294.0,24.88
2023-01-30 17:50:00,6.755,294.0,24.88
2023-01-30 17:55:00,6.81,294.0,24.88
2023-01-30 18:00:00,5.9,294.0,24.88
2023-01-30 18:05:00,6.03,294.0,24.88
2023-01-30 18:10:00,6.78,294.0,24.88
2023-01-30 18:15:00,6.325,294.0,24.88
2023-01-30 18:20:00,6.34,296.0,24.88
2023-01-30 18:25:00,6.125,294.0,24.88
2023-01-30 18:30:00,6.44,296.0,24.88
2023-01-30 18:35:00,6.675000000000001,294.0,24.88
2023-01-30 18:40:00,6.46,296.0,24.88
2023-01-30 18:45:00,6.1850000000000005,294.0,24.88
2023-01-30 18:50:00,6.43,295.0,24.88
2023-01-30 18:55:00,6.36,294.0,24.88
2023-01-30 19:00:00,6.78,294.0,24.94
2023-01-30 19:05:00,6.655,294.0,24.94
2023-01-30 19:10:00,6.24,294.0,24.88
2023-01-30 19:15:00,6.51,294.0,24.88
2023-01-30 19:20:00,6.48,294.0,24.94
2023-01-30 19:25:00,6.62,294.0,24.88
2023-01-30 19:30:00,6.3,296.0,24.94
2023-01-30 19:35:00,6.35,296.0,24.88
2023-01-30 19:40:00,6.1,296.0,24.88
2023-01-30 19:45:00,6.03,294.0,24.88
2023-01-30 19:50:00,6.73,294.0,24.88
2023-01-30 19:55:00,6.75,294.0,24.88
2023-01-30 20:00:00,6.225,295.0,24.88
2023-01-30 20:05:00,6.17,296.0,24.88
2023-01-30 20:10:00,6.41,296.0,24.88
2023-01-30 20:15:00,6.324999999999999,296.0,24.88
2023-01-30 20:20:00,6.45,296.0,24.88
2023-01-30 20:25:00,6.25,296.0,24.88
2023-01-30 20:30:00,6.39,294.0,24.88
2023-01-30 20:35:00,6.84,296.0,24.88
2023-01-30 20:40:00,6.23,296.0,24.88
2023-01-30 20:45:00,6.71,296.0,24.88
2023-01-30 20:50:00,6.4,296.0,24.88
2023-01-30 20:55:00,6.33,296.0,24.88
2023-01-30 21:00:00,6.31,296.0,24.88
2023-01-30 21:05:00,6.51,294.0,24.88
2023-01-30 21:10:00,6.31,296.0,24.88
2023-01-30 21:15:00,6.295,295.0,24.88
2023-01-30 21:20:00,6.605,296.0,24.88
2023-01-30 21:25:00,6.074999999999999,296.0,24.88
2023-01-30 21:30:00,6.48,296.0,24.88
2023-01-30 21:35:00,6.41,296.0,24.88
2023-01-30 21:40:00,6.34,296.0,24.88
2023-01-30 21:45:00,6.3,296.0,24.88
2023-01-30 21:50:00,6.36,296.0,24.88
2023-01-30 21:55:00,6.28,296.0,24.88
2023-01-30 22:00:00,6.32,296.0,24.88
2023-01-30 22:05:00,6.154999999999999,296.0,24.88
2023-01-30 22:10:00,6.32,296.0,24.81
2023-01-30 22:15:00,6.34,296.0,24.81
2023-01-30 22:20:00,6.300000000000001,296.0,24.81
2023-01-30 22:25:00,6.615,296.0,24.81
2023-01-30 22:30:00,6.33,296.0,24.81
2023-01-30 22:35:00,6.235,296.0,24.81
2023-01-30 22:40:00,6.54,296.0,24.81
2023-01-30 22:45:00,6.31,296.0,24.81
2023-01-30 22:50:00,6.46,296.0,24.81
2023-01-30 22:55:00,6.13,296.0,24.81
2023-01-30 23:00:00,6.3,296.0,24.81
2023-01-30 23:05:00,6.48,296.0,24.81
2023-01-30 23:10:00,6.51,296.0,24.81
2023-01-30 23:15:00,6.5649999999999995,296.0,24.75
2023-01-30 23:20:00,6.75,296.0,24.75
2023-01-30 23:25:00,6.5,296.0,24.75
2023-01-30 23:30:00,6.425000000000001,296.0,24.75
2023-01-30 23:35:00,6.285,296.0,24.75
2023-01-30 23:40:00,6.74,296.0,24.75
2023-01-30 23:45:00,6.32,294.0,24.75
2023-01-30 23:50:00,6.36,296.0,24.75
2023-01-30 23:55:00,6.31,294.0,24.75
2023-01-31 00:00:00,6.27,296.0,24.75
2023-01-31 00:05:00,6.36,296.0,24.75
2023-01-31 00:10:00,6.605,296.0,24.75
2023-01-31 00:15:00,6.265000000000001,296.0,24.75
2023-01-31 00:20:00,6.42,296.0,24.75
2023-01-31 00:25:00,6.390000000000001,296.0,24.69
2023-01-31 00:30:00,6.73,296.0,24.69
2023-01-31 00:35:00,6.48,296.0,24.69
2023-01-31 00:40:00,6.119999999999999,296.0,24.69
2023-01-31 00:45:00,6.705,296.0,24.69
2023-01-31 00:50:00,6.445,296.0,24.69
2023-01-31 00:55:00,6.54,296.0,24.69
2023-01-31 01:00:00,6.675,296.0,24.69
2023-01-31 01:05:00,6.43,296.0,24.69
2023-01-31 01:10:00,6.415,296.0,24.69
2023-01-31 01:15:00,6.62,296.0,24.69
2023-01-31 01:20:00,6.484999999999999,296.0,24.69
2023-01-31 01:25:00,6.875,296.0,24.69
2023-01-31 01:30:00,6.39,296.0,24.63
2023-01-31 01:35:00,6.275,296.0,24.63
2023-01-31 01:40:00,6.34,296.0,24.63
2023-01-31 01:45:00,6.405,296.0,24.63
2023-01-31 01:50:00,6.6,296.0,24.63
2023-01-31 01:55:00,6.48,296.0,24.63
2023-01-31 02:00:00,6.6,296.0,24.63
2023-01-31 02:05:00,6.545,296.0,24.63
2023-01-31 02:10:00,6.47,296.0,24.63
2023-01-31 02:15:00,6.645,296.0,24.63
2023-01-31 02:20:00,6.635,296.0,24.63
2023-01-31 02:25:00,6.27,296.0,24.63
2023-01-31 02:30:00,6.635,296.0,24.56
2023-01-31 02:35:00,6.515000000000001,296.0,24.56
2023-01-31 02:40:00,6.7,296.0,24.56
2023-01-31 02:45:00,6.27,296.0,24.56
2023-01-31 02:50:00,6.3,296.0,24.56
2023-01-31 02:55:00,6.59,296.0,24.56
2023-01-31 03:00:00,6.57,296.0,24.56
2023-01-31 03:05:00,6.33,296.0,24.56
2023-01-31 03:10:00,6.869999999999999,296.0,24.56
2023-01-31 03:15:00,6.39,296.0,24.56
2023-01-31 03:20:00,6.505,296.0,24.56
2023-01-31 03:25:00,6.605,295.0,24.5
2023-01-31 03:30:00,6.695,296.0,24.5
2023-01-31 03:35:00,6.4,296.0,24.5
2023-01-31 03:40:00,6.375,296.0,24.5
2023-01-31 03:45:00,6.6,296.0,24.5
2023-01-31 03:50:00,6.65,296.0,24.5
2023-01-31 03:55:00,6.64,296.0,24.5
2023-01-31 04:00:00,6.4,296.0,24.5
2023-01-31 04:05:00,6.39,295.0,24.5
2023-01-31 04:10:00,6.5600000000000005,296.0,24.5
2023-01-31 04:15:00,6.56,296.0,24.44
2023-01-31 04:20:00,6.71,296.0,24.44
2023-01-31 04:25:00,6.94,295.0,24.44
2023-01-31 04:30:00,6.835,295.5,24.44
2023-01-31 04:35:00,6.72,296.0,24.44
2023-01-31 04:40:00,6.51,295.0,24.44
2023-01-31 04:45:00,6.8149999999999995,295.0,24.44
2023-01-31 04:50:00,6.9,295.0,24.44
2023-01-31 04:55:00,7.04,295.0,24.38
2023-01-31 05:00:00,6.99,295.0,24.38
2023-01-31 05:05:00,6.93,295.0,24.38
2023-01-31 05:10:00,6.81,295.0,24.38
2023-01-31 05:15:00,6.77,295.0,24.38
2023-01-31 05:20:00,6.68,295.0,24.38
2023-01-31 05:25:00,6.8149999999999995,295.0,24.38
2023-01-31 05:30:00,7.015000000000001,295.0,24.31
2023-01-31 05:35:00,6.53,295.0,24.31
2023-01-31 05:40:00,6.6850000000000005,295.0,24.31
2023-01-31 05:45:00,6.65,295.0,24.31
2023-01-31 05:50:00,6.73,295.0,24.31
2023-01-31 05:55:00,6.59,295.0,24.31
2023-01-31 06:00:00,6.89,295.0,24.31
2023-01-31 06:05:00,6.885,295.0,24.31
2023-01-31 06:10:00,6.72,295.0,24.25
2023-01-31 06:15:00,6.73,295.0,24.25
2023-01-31 06:20:00,6.76,295.0,24.25
2023-01-31 06:25:00,6.8149999999999995,295.0,24.25
2023-01-31 06:30:00,6.88,295.0,24.25
2023-01-31 06:35:00,6.58,295.0,24.25
2023-01-31 06:40:00,6.88,295.0,24.25
2023-01-31 06:45:00,6.81,295.0,24.25
2023-01-31 06:50:00,6.625,295.0,24.25
2023-01-31 06:55:00,6.63,295.0,24.25
2023-01-31 07:00:00,6.539999999999999,295.0,24.19
2023-01-31 07:05:00,6.56,295.0,24.19
2023-01-31 07:10:00,6.73,295.0,24.19
2023-01-31 07:15:00,6.74,297.0,24.19
2023-01-31 07:20:00,6.84,297.0,24.19
2023-01-31 07:25:00,6.92,297.0,24.19
2023-01-31 07:30:00,6.91,297.0,24.19
2023-01-31 07:35:00,7.025,297.0,24.19
2023-01-31 07:40:00,6.55,297.0,24.19
2023-01-31 07:45:00,6.51,297.0,24.19
2023-01-31 07:50:00,6.81,297.0,24.19
2023-01-31 07:55:00,6.55,297.0,24.19
2023-01-31 08:00:00,6.76,295.0,24.19
2023-01-31 08:05:00,6.75,297.0,24.19
2023-01-31 08:10:00,6.86,295.0,24.19
2023-01-31 08:15:00,6.88,297.0,24.19
2023-01-31 08:20:00,6.890000000000001,295.0,24.19
2023-01-31 08:25:00,6.779999999999999,297.0,24.25
2023-01-31 08:30:00,6.97,297.0,24.25
2023-01-31 08:35:00,6.75,297.0,24.25
2023-01-31 08:40:00,6.96,297.0,24.25
2023-01-31 08:45:00,7.105,295.0,24.25
2023-01-31 08:50:00,7.34,295.0,24.25
2023-01-31 08:55:00,6.87,299.5,24.25
2023-01-31 09:00:00,6.77,297.0,24.25
2023-01-31 09:05:00,6.88,296.0,24.25
2023-01-31 09:10:00,6.81,298.0,24.25
2023-01-31 09:15:00,7.07,297.0,24.31
2023-01-31 09:20:00,7.62,651.0,24.31
2023-01-31 09:25:00,6.39,294.0,24.31
2023-01-31 09:30:00,6.28,297.0,24.31
2023-01-31 09:35:00,7.415,294.0,24.31
2023-01-31 09:40:00,,,
2023-01-31 09:45:00,7.445,294.0,24.31
2023-01-31 09:50:00,7.225,295.5,24.31
2023-01-31 09:55:00,6.315,296.5,24.38
2023-01-31 10:00:00,6.43,293.0,24.38
2023-01-31 10:05:00,,,
2023-01-31 10:10:00,,,
2023-01-31 10:15:00,,,
2023-01-31 10:20:00,,,
2023-01-31 10:25:00,,,
2023-01-31 10:30:00,,,
2023-01-31 10:35:00,,,
2023-01-31 10:40:00,7.33,295.0,24.5
2023-01-31 10:45:00,6.17,293.0,24.5
2023-01-31 10:50:00,,,
2023-01-31 10:55:00,,,
2023-01-31 11:00:00,,,
2023-01-31 11:05:00,7.08,293.0,24.56
2023-01-31 11:10:00,6.77,293.5,24.56
2023-01-31 11:15:00,7.1,293.0,24.56
2023-01-31 11:20:00,7.115,293.0,24.56
2023-01-31 11:25:00,6.83,293.0,24.63
2023-01-31 11:30:00,6.48,293.0,24.63
2023-01-31 11:35:00,6.26,294.5,24.63
2023-01-31 11:40:00,,,
2023-01-31 11:45:00,,,
2023-01-31 11:50:00,,,
2023-01-31 11:55:00,,,
2023-01-31 12:00:00,6.12,291.0,24.75
2023-01-31 12:05:00,7.4350000000000005,291.0,24.75
2023-01-31 12:10:00,6.78,292.0,24.75
2023-01-31 12:15:00,6.73,291.0,24.81
2023-01-31 12:20:00,7.38,294.0,24.81
2023-01-31 12:25:00,7.14,292.0,24.81
2023-01-31 12:30:00,6.62,291.0,24.81
2023-01-31 12:35:00,6.65,292.0,24.88
2023-01-31 12:40:00,6.61,292.0,24.88
2023-01-31 12:45:00,6.94,292.0,24.88
2023-01-31 12:50:00,6.449999999999999,291.0,24.94
2023-01-31 12:55:00,6.8,292.0,24.94
2023-01-31 13:00:00,6.32,292.0,24.94
2023-01-31 13:05:00,7.18,292.0,24.94
2023-01-31 13:10:00,7.35,290.0,24.97
2023-01-31 13:15:00,6.52,292.0,25.0
2023-01-31 13:20:00,6.69,292.0,25.0
2023-01-31 13:25:00,6.8,292.0,25.06
2023-01-31 13:30:00,6.71,294.0,25.06
2023-01-31 13:35:00,6.4350000000000005,292.0,25.06
2023-01-31 13:40:00,6.58,294.0,25.06
2023-01-31 13:45:00,6.574999999999999,292.0,25.13
2023-01-31 13:50:00,6.83,292.0,25.13
2023-01-31 13:55:00,6.39,294.0,25.13
2023-01-31 14:00:00,6.82,294.0,25.13
2023-01-31 14:05:00,6.78,292.0,25.19
2023-01-31 14:10:00,6.66,294.0,25.19
2023-01-31 14:15:00,6.86,294.0,25.19
2023-01-31 14:20:00,6.54,292.0,25.25
2023-01-31 14:25:00,6.51,292.0,25.25
2023-01-31 14:30:00,6.9,294.0,25.25
2023-01-31 14:35:00,6.99,294.0,25.25
2023-01-31 14:40:00,6.325,294.0,25.31
2023-01-31 14:45:00,7.03,294.0,25.31
2023-01-31 14:50:00,6.24,294.0,25.31
2023-01-31 14:55:00,6.49,296.0,25.31
2023-01-31 15:00:00,6.45,294.0,25.31
2023-01-31 15:05:00,6.76,294.0,25.38
2023-01-31 15:10:00,7.1,294.0,25.38
2023-01-31 15:15:00,6.725,295.0,25.38
2023-01-31 15:20:00,6.72,295.0,25.38
2023-01-31 15:25:00,6.72,296.0,25.38
2023-01-31 15:30:00,6.715,295.0,25.44
2023-01-31 15:35:00,6.98,295.0,25.44
2023-01-31 15:40:00,6.46,295.0,25.44
2023-01-31 15:45:00,6.34,297.0,25.44
2023-01-31 15:50:00,6.445,295.0,25.44
2023-01-31 15:55:00,6.44,295.0,25.5
2023-01-31 16:00:00,6.305,295.0,25.5
2023-01-31 16:05:00,6.859999999999999,297.0,25.5
2023-01-31 16:10:00,6.875,297.0,25.5
2023-01-31 16:15:00,6.44,301.0,25.5
2023-01-31 16:20:00,6.46,297.0,25.5
2023-01-31 16:25:00,6.73,301.0,25.5
2023-01-31 16:30:00,6.17,301.0,25.5
2023-01-31 16:35:00,6.06,301.0,25.5
2023-01-31 16:40:00,6.53,301.0,25.56
2023-01-31 16:45:00,6.195,303.0,25.53
2023-01-31 16:50:00,6.31,301.0,25.56
2023-01-31 16:55:00,6.61,301.0,25.56
2023-01-31 17:00:00,6.79,301.0,25.56
2023-01-31 17:05:00,6.3100000000000005,303.0,25.56
2023-01-31 17:10:00,6.79,303.0,25.56
2023-01-31 17:15:00,6.18,303.0,25.56
2023-01-31 17:20:00,5.83,303.0,25.56
2023-01-31 17:25:00,6.33,303.0,25.56
2023-01-31 17:30:00,6.67,303.0,25.56
2023-01-31 17:35:00,6.44,304.0,25.56
2023-01-31 17:40:00,6.48,303.0,25.56
2023-01-31 17:45:00,6.115,303.0,25.56
2023-01-31 17:50:00,6.48,303.0,25.56
2023-01-31 17:55:00,6.15,304.0,25.56
2023-01-31 18:00:00,6.88,304.0,25.56
2023-01-31 18:05:00,6.37,304.0,25.56
2023-01-31 18:10:00,6.37,304.0,25.56
2023-01-31 18:15:00,6.52,304.0,25.56
2023-01-31 18:20:00,6.5,304.0,25.56
2023-01-31 18:25:00,6.585,304.0,25.56
2023-01-31 18:30:00,6.4,304.0,25.56
2023-01-31 18:35:00,6.234999999999999,304.0,25.56
2023-01-31 18:40:00,6.25,304.0,25.56
2023-01-31 18:45:00,6.234999999999999,304.0,25.56
2023-01-31 18:50:00,6.6850000000000005,304.0,25.56
2023-01-31 18:55:00,6.54,304.0,25.56
2023-01-31 19:00:00,6.285,304.0,25.5
2023-01-31 19:05:00,6.51,304.0,25.5
2023-01-31 19:10:00,6.51,304.0,25.5
2023-01-31 19:15:00,6.48,304.0,25.5
2023-01-31 19:20:00,6.48,304.0,25.5
2023-01-31 19:25:00,6.51,304.0,25.5
2023-01-31 19:30:00,6.36,304.0,25.5
2023-01-31 19:35:00,6.43,304.0,25.5
2023-01-31 19:40:00,6.39,304.0,25.5
2023-01-31 19:45:00,6.279999999999999,304.0,25.5
2023-01-31 19:50:00,6.46,304.0,25.5
2023-01-31 19:55:00,6.525,304.0,25.5
2023-01-31 20:00:00,6.42,304.0,25.5
2023-01-31 20:05:00,6.54,304.0,25.5
2023-01-31 20:10:00,6.47,304.0,25.44
2023-01-31 20:15:00,6.484999999999999,304.0,25.47
2023-01-31 20:20:00,6.365,305.0,25.44
2023-01-31 20:25:00,6.545,305.0,25.44
2023-01-31 20:30:00,6.51,305.0,25.44
2023-01-31 20:35:00,6.48,305.0,25.44
2023-01-31 20:40:00,6.6,305.0,25.44
2023-01-31 20:45:00,6.67,305.0,25.44
2023-01-31 20:50:00,6.925000000000001,305.0,25.44
2023-01-31 20:55:00,6.5,305.0,25.44
2023-01-31 21:00:00,6.77,305.0,25.44
2023-01-31 21:05:00,6.68,305.0,25.44
2023-01-31 21:10:00,6.65,305.0,25.44
2023-01-31 21:15:00,6.595000000000001,305.0,25.44
2023-01-31 21:20:00,6.475,305.0,25.38
2023-01-31 21:25:00,6.59,305.0,25.38
2023-01-31 21:30:00,6.33,305.0,25.38
2023-01-31 21:35:00,6.73,305.0,25.38
2023-01-31 21:40:00,6.62,305.0,25.38
2023-01-31 21:45:00,6.615,305.0,25.38
2023-01-31 21:50:00,6.67,305.0,25.38
2023-01-31 21:55:00,7.16,305.0,25.38
2023-01-31 22:00:00,6.67,305.0,25.38
2023-01-31 22:05:00,6.72,305.0,25.38
2023-01-31 22:10:00,6.44,305.0,25.31
2023-01-31 22:15:00,6.68,305.0,25.31
2023-01-31 22:20:00,7.135,305.0,25.31
2023-01-31 22:25:00,7.05,305.0,25.31
2023-01-31 22:30:00,6.65,305.0,25.31
2023-01-31 22:35:00,7.0,305.0,25.31
2023-01-31 22:40:00,6.68,305.0,25.31
2023-01-31 22:45:00,6.695,305.0,25.31
2023-01-31 22:50:00,6.99,305.0,25.31
2023-01-31 22:55:00,6.495,305.0,25.31
2023-01-31 23:00:00,6.95,305.0,25.25
2023-01-31 23:05:00,6.525,305.0,25.25
2023-01-31 23:10:00,6.555,305.0,25.25
2023-01-31 23:15:00,6.65,305.0,25.25
2023-01-31 23:20:00,7.12,305.0,25.25
2023-01-31 23:25:00,6.765000000000001,305.0,25.25
2023-01-31 23:30:00,6.445,305.0,25.25
2023-01-31 23:35:00,6.75,305.0,25.19
2023-01-31 23:40:00,6.949999999999999,305.0,25.19
2023-01-31 23:45:00,7.085,305.0,25.19
2023-01-31 23:50:00,6.795,305.0,25.19
2023-01-31 23:55:00,7.055,305.0,25.19
2023-02-01 00:00:00,6.895,305.0,25.19
2023-02-01 00:05:00,6.98,305.0,25.19
2023-02-01 00:10:00,6.5649999999999995,305.0,25.16
2023-02-01 00:15:00,6.8100000000000005,305.0,25.13
2023-02-01 00:20:00,6.845000000000001,305.0,25.13
2023-02-01 00:25:00,6.94,305.0,25.13
2023-02-01 00:30:00,6.76,305.0,25.13
2023-02-01 00:35:00,6.875,305.0,25.13
2023-02-01 00:40:00,6.7,305.0,25.06
2023-02-01 00:45:00,6.545,305.0,25.06
2023-02-01 00:50:00,6.99,305.0,25.06
2023-02-01 00:55:00,6.775,305.0,25.06
2023-02-01 01:00:00,7.14,305.0,25.06
2023-02-01 01:05:00,7.08,305.0,25.06
2023-02-01 01:10:00,6.635,305.0,25.06
2023-02-01 01:15:00,6.58,305.0,25.0
2023-02-01 01:20:00,6.89,305.0,25.0
2023-02-01 01:25:00,6.81,305.0,25.0
2023-02-01 01:30:00,6.93,305.0,25.0
2023-02-01 01:35:00,6.835,305.0,25.0
2023-02-01 01:40:00,6.88,305.0,25.0
2023-02-01 01:45:00,6.75,305.0,24.94
2023-02-01 01:50:00,7.05,305.0,24.94
2023-02-01 01:55:00,6.91,305.0,24.94
2023-02-01 02:00:00,6.71,305.0,24.94
2023-02-01 02:05:00,7.2,303.0,24.94
2023-02-01 02:10:00,6.86,303.0,24.88
2023-02-01 02:15:00,6.49,303.0,24.88
2023-02-01 02:20:00,6.95,303.0,24.88
2023-02-01 02:25:00,6.71,303.0,24.88
2023-02-01 02:30:00,6.45,303.0,24.88
2023-02-01 02:35:00,7.1,303.0,24.88
2023-02-01 02:40:00,6.98,303.0,24.81
2023-02-01 02:45:00,7.01,303.0,24.81
2023-02-01 02:50:00,7.005,303.0,24.81
2023-02-01 02:55:00,7.09,303.0,24.81
2023-02-01 03:00:00,6.705,303.0,24.75
2023-02-01 03:05:00,7.02,303.0,24.75
2023-02-01 03:10:00,6.91,303.0,24.75
2023-02-01 03:15:00,6.53,303.0,24.75
2023-02-01 03:20:00,7.015000000000001,303.0,24.75
2023-02-01 03:25:00,7.03,303.0,24.69
2023-02-01 03:30:00,6.85,304.0,24.69
2023-02-01 03:35:00,6.55,304.0,24.69
2023-02-01 03:40:00,7.07,304.0,24.69
2023-02-01 03:45:00,6.75,304.0,24.63
2023-02-01 03:50:00,6.88,304.0,24.63
2023-02-01 03:55:00,6.86,304.0,24.63
2023-02-01 04:00:00,6.95,304.0,24.63
2023-02-01 04:05:00,6.85,304.0,24.63
2023-02-01 04:10:00,6.890000000000001,304.0,24.56
2023-02-01 04:15:00,7.235,304.0,24.56
2023-02-01 04:20:00,6.65,304.0,24.56
2023-02-01 04:25:00,6.79,304.0,24.56
2023-02-01 04:30:00,6.83,304.0,24.56
2023-02-01 04:35:00,7.04,304.0,24.56
2023-02-01 04:40:00,6.7,304.0,24.5
2023-02-01 04:45:00,6.49,304.0,24.5
2023-02-01 04:50:00,7.16,304.0,24.5
2023-02-01 04:55:00,7.0,304.0,24.5
2023-02-01 05:00:00,6.56,304.0,24.5
2023-02-01 05:05:00,6.74,304.0,24.5
2023-02-01 05:10:00,6.91,304.0,24.5
2023-02-01 05:15:00,6.8,304.0,24.44
2023-02-01 05:20:00,7.13,304.0,24.44
2023-02-01 05:25:00,7.105,304.0,24.44
2023-02-01 05:30:00,7.11,304.0,24.44
2023-02-01 05:35:00,6.97,302.0,24.44
2023-02-01 05:40:00,6.86,302.0,24.44
2023-02-01 05:45:00,7.125,304.0,24.44
2023-02-01 05:50:00,6.824999999999999,304.0,24.44
2023-02-01 05:55:00,6.83,304.0,24.38
2023-02-01 06:00:00,7.03,302.0,24.38
2023-02-01 06:05:00,6.53,302.0,24.38
2023-02-01 06:10:00,6.975,302.0,24.38
2023-02-01 06:15:00,6.605,302.0,24.38
2023-02-01 06:20:00,6.59,302.0,24.38
2023-02-01 06:25:00,6.66,304.0,24.38
2023-02-01 06:30:00,6.89,302.0,24.38
2023-02-01 06:35:00,6.83,302.0,24.31
2023-02-01 06:40:00,7.0,302.0,24.31
2023-02-01 06:45:00,6.475,302.0,24.31
2023-02-01 06:50:00,6.85,302.0,24.31
2023-02-01 06:55:00,7.02,302.0,24.31
2023-02-01 07:00:00,6.95,302.0,24.31
2023-02-01 07:05:00,6.395,302.0,24.31
2023-02-01 07:10:00,6.56,302.0,24.31
2023-02-01 07:15:00,6.8149999999999995,304.0,24.31
2023-02-01 07:20:00,6.795,302.0,24.31
2023-02-01 07:25:00,6.96,304.0,24.31
2023-02-01 07:30:00,6.91,302.0,24.25
2023-02-01 07:35:00,6.81,304.0,24.25
2023-02-01 07:40:00,6.69,304.0,24.25
2023-02-01 07:45:00,6.76,304.0,24.25
2023-02-01 07:50:00,6.85,304.0,24.25
2023-02-01 07:55:00,6.9,304.0,24.25
2023-02-01 08:00:00,6.79,304.0,24.25
2023-02-01 08:05:00,6.8,304.0,24.25
2023-02-01 08:10:00,6.625,304.0,24.25
2023-02-01 08:15:00,6.38,306.0,24.25
2023-02-01 08:20:00,6.4,306.0,24.25
2023-02-01 08:25:00,6.54,304.0,24.25
2023-02-01 08:30:00,6.55,304.0,24.25
2023-02-01 08:35:00,6.38,306.0,24.25
2023-02-01 08:40:00,6.345000000000001,302.0,24.25
2023-02-01 08:45:00,7.36,304.0,24.25
2023-02-01 08:50:00,6.279999999999999,304.0,24.25
2023-02-01 08:55:00,6.4,304.0,24.25
2023-02-01 09:00:00,7.19,304.0,24.25
2023-02-01 09:05:00,6.33,304.0,24.25
2023-02-01 09:10:00,6.78,304.0,24.25
2023-02-01 09:15:00,7.085,303.0,24.25
2023-02-01 09:20:00,6.54,302.0,24.25
2023-02-01 09:25:00,7.0600000000000005,302.0,24.25
2023-02-01 09:30:00,6.69,302.0,24.25
2023-02-01 09:35:00,7.18,302.0,24.25
2023-02-01 09:40:00,6.5600000000000005,302.0,24.25
2023-02-01 09:45:00,6.390000000000001,302.0,24.25
2023-02-01 09:50:00,7.11,298.0,24.31
2023-02-01 09:55:00,6.665,302.0,24.31
2023-02-01 10:00:00,6.3149999999999995,298.0,24.31
2023-02-01 10:05:00,6.295,298.0,24.31
2023-02-01 10:10:00,6.73,298.0,24.31
2023-02-01 10:15:00,6.37,298.0,24.38
2023-02-01 10:20:00,6.225,298.0,24.38
2023-02-01 10:25:00,6.12,296.0,24.38
2023-02-01 10:30:00,6.425000000000001,298.0,24.38
2023-02-01 10:35:00,6.52,296.0,24.38
2023-02-01 10:40:00,6.404999999999999,298.0,24.44
2023-02-01 10:45:00,6.84,298.0,24.44
2023-02-01 10:50:00,6.94,298.0,24.44
2023-02-01 10:55:00,6.35,298.0,24.44
2023-02-01 11:00:00,6.24,298.0,24.44
2023-02-01 11:05:00,6.21,298.0,24.5
2023-02-01 11:10:00,6.17,296.0,24.5
2023-02-01 11:15:00,6.52,298.0,24.5
2023-02-01 11:20:00,6.779999999999999,297.0,24.5
2023-02-01 11:25:00,6.154999999999999,299.0,24.56
2023-02-01 11:30:00,6.715,297.0,24.56
2023-02-01 11:35:00,6.785,300.0,24.56
2023-02-01 11:40:00,7.0,296.0,24.63
2023-02-01 11:45:00,6.29,298.0,24.63
2023-02-01 11:50:00,6.345,297.0,24.63
2023-02-01 11:55:00,6.59,298.0,24.63
2023-02-01 12:00:00,6.48,298.0,24.69
2023-02-01 12:05:00,6.105,298.0,24.69
2023-02-01 12:10:00,6.5,296.0,24.69
2023-02-01 12:15:00,6.625,300.0,24.75
2023-02-01 12:20:00,6.14,296.0,24.75
2023-02-01 12:25:00,6.6,296.0,24.75
2023-02-01 12:30:00,6.89,298.0,24.75
2023-02-01 12:35:00,6.22,298.0,24.75
2023-02-01 12:40:00,6.75,298.0,24.81
2023-02-01 12:45:00,6.38,302.0,24.81
2023-02-01 12:50:00,6.665,298.0,24.81
2023-02-01 12:55:00,6.35,298.0,24.81
2023-02-01 13:00:00,6.63,298.0,24.88
2023-02-01 13:05:00,6.21,298.0,24.88
2023-02-01 13:10:00,6.619999999999999,298.0,24.88
2023-02-01 13:15:00,6.57,298.0,24.88
2023-02-01 13:20:00,6.28,296.0,24.88
2023-02-01 13:25:00,6.83,296.0,24.88
2023-02-01 13:30:00,6.08,296.0,24.88
2023-02-01 13:35:00,6.27,297.0,24.94
2023-02-01 13:40:00,6.49,297.0,24.94
2023-02-01 13:45:00,6.445,296.0,24.94
2023-02-01 13:50:00,5.95,298.0,25.0
2023-02-01 13:55:00,6.67,298.0,25.0
2023-02-01 14:00:00,5.800000000000001,297.0,25.0
2023-02-01 14:05:00,6.52,298.0,25.0
2023-02-01 14:10:00,6.415,298.0,25.0
2023-02-01 14:15:00,6.77,297.0,25.0
2023-02-01 14:20:00,6.515,301.0,25.06
2023-02-01 14:25:00,6.26,296.0,25.06
2023-02-01 14:30:00,5.85,298.0,25.06
2023-02-01 14:35:00,5.95,301.0,25.06
2023-02-01 14:40:00,6.37,301.0,25.06
2023-02-01 14:45:00,6.425000000000001,301.0,25.13
2023-02-01 14:50:00,6.265,301.0,25.13
2023-02-01 14:55:00,5.94,301.0,25.13
2023-02-01 15:00:00,6.19,301.0,25.19
2023-02-01 15:05:00,5.79,301.0,25.19
2023-02-01 15:10:00,6.42,301.0,25.19
2023-02-01 15:15:00,5.855,301.0,25.19
2023-02-01 15:20:00,6.33,301.0,25.19
2023-02-01 15:25:00,6.7,301.0,25.19
2023-02-01 15:30:00,6.57,301.0,25.25
2023-02-01 15:35:00,6.38,301.0,25.25
2023-02-01 15:40:00,6.135,301.0,25.25
2023-02-01 15:45:00,5.975,301.0,25.25
2023-02-01 15:50:00,6.215,296.0,25.25
2023-02-01 15:55:00,6.285,294.0,25.19
2023-02-01 16:00:00,6.59,301.0,25.19
2023-02-01 16:05:00,6.07,301.0,25.19
2023-02-01 16:10:00,6.095,303.0,25.19
2023-02-01 16:15:00,6.13,303.0,25.19
2023-02-01 16:20:00,6.19,297.0,25.19
2023-02-01 16:25:00,6.075,288.0,25.19
2023-02-01 16:30:00,6.48,294.0,25.13
2023-02-01 16:35:00,6.32,301.0,25.13
2023-02-01 16:40:00,6.03,305.0,25.13
2023-02-01 16:45:00,6.32,303.0,25.13
2023-02-01 16:50:00,6.23,303.0,25.13
2023-02-01 16:55:00,6.32,305.0,25.06
2023-02-01 17:00:00,6.855,304.0,25.06
2023-02-01 17:05:00,6.465,305.0,25.06
2023-02-01 17:10:00,6.44,305.0,25.06
2023-02-01 17:15:00,6.09,303.0,25.06
2023-02-01 17:20:00,6.955,305.0,25.06
2023-02-01 17:25:00,6.47,303.0,25.06
2023-02-01 17:30:00,6.77,305.0,25.0
2023-02-01 17:35:00,6.795,305.0,25.0
2023-02-01 17:40:00,6.42,303.0,25.0
2023-02-01 17:45:00,6.92,305.0,25.0
2023-02-01 17:50:00,7.01,305.0,25.0
2023-02-01 17:55:00,6.859999999999999,305.0,25.0
2023-02-01 18:00:00,6.81,305.0,25.0
2023-02-01 18:05:00,7.3,305.0,25.0
2023-02-01 18:10:00,7.3100000000000005,305.0,25.0
2023-02-01 18:15:00,7.145,305.0,25.0
2023-02-01 18:20:00,6.865,305.0,25.0
2023-02-01 18:25:00,7.29,305.0,24.94
2023-02-01 18:30:00,7.215,305.0,24.94
2023-02-01 18:35:00,7.135,305.0,24.94
2023-02-01 18:40:00,7.395,305.0,24.94
2023-02-01 18:45:00,7.04,305.0,24.94
2023-02-01 18:50:00,7.27,305.0,24.94
2023-02-01 18:55:00,7.630000000000001,305.0,24.94
2023-02-01 19:00:00,7.34,305.0,24.94
2023-02-01 19:05:00,7.11,305.0,24.94
2023-02-01 19:10:00,7.3149999999999995,305.0,24.94
2023-02-01 19:15:00,7.18,305.0,24.94
2023-02-01 19:20:00,7.975,305.0,24.94
2023-02-01 19:25:00,7.2,305.0,24.88
2023-02-01 19:30:00,7.27,305.0,24.88
2023-02-01 19:35:00,7.65,305.0,24.88
2023-02-01 19:40:00,7.61,305.0,24.88
2023-02-01 19:45:00,7.77,305.0,24.88
2023-02-01 19:50:00,7.63,305.0,24.88
2023-02-01 19:55:00,7.6,305.0,24.88
2023-02-01 20:00:00,7.68,305.0,24.88
2023-02-01 20:05:00,7.529999999999999,305.0,24.88
2023-02-01 20:10:00,7.665,305.0,24.88
2023-02-01 20:15:00,7.82,305.0,24.88
2023-02-01 20:20:00,7.95,305.0,24.81
2023-02-01 20:25:00,7.97,305.0,24.81
2023-02-01 20:30:00,7.95,305.0,24.81
2023-02-01 20:35:00,7.47,305.0,24.81
2023-02-01 20:40:00,7.99,303.0,24.81
2023-02-01 20:45:00,7.955,303.0,24.81
2023-02-01 20:50:00,7.84,302.0,24.81
2023-02-01 20:55:00,7.895,303.0,24.81
2023-02-01 21:00:00,8.05,305.0,24.75
2023-02-01 21:05:00,7.88,305.0,24.75
2023-02-01 21:10:00,7.84,305.0,24.75
2023-02-01 21:15:00,8.23,305.0,24.75
2023-02-01 21:20:00,8.02,305.0,24.75
2023-02-01 21:25:00,8.29,305.0,24.75
2023-02-01 21:30:00,7.91,305.0,24.75
2023-02-01 21:35:00,8.12,305.0,24.75
2023-02-01 21:40:00,8.08,305.0,24.69
2023-02-01 21:45:00,8.53,305.0,24.69
2023-02-01 21:50:00,8.05,305.0,24.69
2023-02-01 21:55:00,8.21,305.0,24.69
2023-02-01 22:00:00,8.205,305.0,24.69
2023-02-01 22:05:00,8.065000000000001,305.0,24.69
2023-02-01 22:10:00,8.33,305.0,24.69
2023-02-01 22:15:00,8.07,305.0,24.69
2023-02-01 22:20:00,8.31,305.0,24.69
2023-02-01 22:25:00,7.970000000000001,305.0,24.69
2023-02-01 22:30:00,8.07,305.0,24.63
2023-02-01 22:35:00,8.08,305.0,24.63
2023-02-01 22:40:00,8.545,305.0,24.63
2023-02-01 22:45:00,8.13,304.0,24.63
2023-02-01 22:50:00,8.56,305.0,24.63
2023-02-01 22:55:00,8.49,305.0,24.63
2023-02-01 23:00:00,8.54,305.0,24.63
2023-02-01 23:05:00,8.295,305.0,24.63
2023-02-01 23:10:00,8.35,305.0,24.63
2023-02-01 23:15:00,8.405000000000001,305.0,24.63
2023-02-01 23:20:00,8.215,305.0,24.56
2023-02-01 23:25:00,8.84,305.0,24.56
2023-02-01 23:30:00,8.25,305.0,24.56
2023-02-01 23:35:00,8.274999999999999,305.0,24.56
2023-02-01 23:40:00,8.485,305.0,24.56
2023-02-01 23:45:00,8.34,305.0,24.56
2023-02-01 23:50:00,8.6,305.0,24.56
2023-02-01 23:55:00,8.5,305.0,24.5
2023-02-02 00:00:00,8.45,305.0,24.5
2023-02-02 00:05:00,8.64,306.0,24.5
2023-02-02 00:10:00,8.41,306.0,24.5
2023-02-02 00:15:00,8.485,306.0,24.5
2023-02-02 00:20:00,8.274999999999999,306.0,24.5
2023-02-02 00:25:00,8.49,306.0,24.5
2023-02-02 00:30:00,8.67,304.0,24.44
2023-02-02 00:35:00,8.485,304.0,24.44
2023-02-02 00:40:00,8.68,304.0,24.44
2023-02-02 00:45:00,8.485,304.0,24.44
2023-02-02 00:50:00,8.77,304.0,24.44
2023-02-02 00:55:00,8.605,304.0,24.44
2023-02-02 01:00:00,9.035,304.0,24.44
2023-02-02 01:05:00,8.66,304.0,24.38
2023-02-02 01:10:00,8.615,304.0,24.38
2023-02-02 01:15:00,8.594999999999999,304.0,24.38
2023-02-02 01:20:00,8.74,304.0,24.38
2023-02-02 01:25:00,8.76,304.0,24.38
2023-02-02 01:30:00,8.83,304.0,24.38
2023-02-02 01:35:00,8.875,304.0,24.38
2023-02-02 01:40:00,8.95,304.0,24.31
2023-02-02 01:45:00,8.81,304.0,24.31
2023-02-02 01:50:00,8.86,304.0,24.31
2023-02-02 01:55:00,8.995000000000001,304.0,24.31
2023-02-02 02:00:00,8.81,304.0,24.31
2023-02-02 02:05:00,8.88,304.0,24.25
2023-02-02 02:10:00,8.97,304.0,24.25
2023-02-02 02:15:00,8.72,304.0,24.25
2023-02-02 02:20:00,8.855,304.0,24.25
2023-02-02 02:25:00,8.89,304.0,24.25
2023-02-02 02:30:00,9.03,304.0,24.19
2023-02-02 02:35:00,8.754999999999999,304.0,24.19
2023-02-02 02:40:00,9.06,304.0,24.19
2023-02-02 02:45:00,8.695,304.0,24.19
2023-02-02 02:50:00,9.405000000000001,304.0,24.19
2023-02-02 02:55:00,8.89,304.0,24.13
2023-02-02 03:00:00,9.02,304.0,24.13
2023-02-02 03:05:00,8.93,304.0,24.13
2023-02-02 03:10:00,9.085,304.0,24.13
2023-02-02 03:15:00,8.9,302.0,24.13
2023-02-02 03:20:00,9.13,302.0,24.13
2023-02-02 03:25:00,8.95,302.0,24.06
2023-02-02 03:30:00,9.22,302.0,24.06
2023-02-02 03:35:00,9.12,302.0,24.06
2023-02-02 03:40:00,9.225,302.0,24.06
2023-02-02 03:45:00,9.24,302.0,24.06
2023-02-02 03:50:00,9.15,302.0,24.0
2023-02-02 03:55:00,9.61,302.0,24.0
2023-02-02 04:00:00,9.28,302.0,24.0
2023-02-02 04:05:00,9.21,302.0,24.0
2023-02-02 04:10:00,9.43,302.0,24.0
2023-02-02 04:15:00,8.87,302.0,24.0
2023-02-02 04:20:00,9.23,302.0,23.94
2023-02-02 04:25:00,8.87,302.0,23.94
2023-02-02 04:30:00,9.364999999999998,302.0,23.94
2023-02-02 04:35:00,9.18,302.0,23.94
2023-02-02 04:40:00,9.37,302.0,23.94
2023-02-02 04:45:00,9.385000000000002,302.0,23.94
2023-02-02 04:50:00,9.245000000000001,300.5,23.88
2023-02-02 04:55:00,9.575,302.0,23.88
2023-02-02 05:00:00,9.33,299.0,23.88
2023-02-02 05:05:00,9.52,303.0,23.88
2023-02-02 05:10:00,9.32,299.0,23.88
2023-02-02 05:15:00,9.33,301.0,23.88
2023-02-02 05:20:00,9.3,299.0,23.81
2023-02-02 05:25:00,9.14,299.0,23.81
2023-02-02 05:30:00,9.33,299.0,23.81
2023-02-02 05:35:00,9.17,299.0,23.81
2023-02-02 05:40:00,9.42,299.0,23.81
2023-02-02 05:45:00,9.545,299.0,23.81
2023-02-02 05:50:00,9.47,299.0,23.81
2023-02-02 05:55:00,9.45,303.0,23.75
2023-02-02 06:00:00,9.375,303.0,23.75
2023-02-02 06:05:00,9.27,303.0,23.75
2023-02-02 06:10:00,9.48,303.0,23.75
2023-02-02 06:15:00,9.53,303.0,23.75
2023-02-02 06:20:00,9.44,299.0,23.75
2023-02-02 06:25:00,9.83,299.0,23.75
2023-02-02 06:30:00,9.49,299.0,23.75
2023-02-02 06:35:00,9.63,303.0,23.69
2023-02-02 06:40:00,9.46,299.0,23.69
2023-02-02 06:45:00,9.2,299.0,23.69
2023-02-02 06:50:00,9.525,299.0,23.69
2023-02-02 06:55:00,9.26,299.0,23.69
2023-02-02 07:00:00,9.77,303.0,23.69
2023-02-02 07:05:00,9.42,303.0,23.69
2023-02-02 07:10:00,9.56,305.0,23.69
2023-02-02 07:15:00,9.22,303.0,23.69
2023-02-02 07:20:00,9.24,305.0,23.69
2023-02-02 07:25:00,9.34,303.0,23.69
2023-02-02 07:30:00,9.615,303.0,23.69
2023-02-02 07:35:00,9.530000000000001,299.0,23.69
2023-02-02 07:40:00,9.225,295.0,23.69
2023-02-02 07:45:00,9.695,298.0,23.69
2023-02-02 07:50:00,9.83,295.0,23.69
2023-02-02 07:55:00,9.47,303.0,23.69
2023-02-02 08:00:00,9.61,303.0,23.69
2023-02-02 08:05:00,9.469999999999999,299.0,23.69
2023-02-02 08:10:00,9.49,299.0,23.69
2023-02-02 08:15:00,9.475000000000001,292.0,23.69
2023-02-02 08:20:00,9.135,285.5,23.69
2023-02-02 08:25:00,9.77,301.0,23.69
2023-02-02 08:30:00,9.495000000000001,297.0,23.69
2023-02-02 08:35:00,9.344999999999999,299.0,23.75
2023-02-02 08:40:00,9.59,278.0,23.75
2023-02-02 08:45:00,9.37,278.0,23.75
2023-02-02 08:50:00,8.72,299.0,23.75
2023-02-02 08:55:00,9.62,303.0,23.75
2023-02-02 09:00:00,8.89,303.0,23.81
2023-02-02 09:05:00,10.004999999999999,297.0,23.81
2023-02-02 09:10:00,9.325,297.0,23.81
2023-02-02 09:15:00,8.94,297.0,23.88
2023-02-02 09:20:00,8.879999999999999,299.0,23.88
2023-02-02 09:25:00,9.04,302.0,23.88
2023-02-02 09:30:00,9.45,274.0,23.88
2023-02-02 09:35:00,9.64,299.0,23.94
2023-02-02 09:40:00,9.12,299.0,23.94
2023-02-02 09:45:00,9.41,299.0,23.94
2023-02-02 09:50:00,9.88,302.0,23.94
2023-02-02 09:55:00,8.78,299.0,23.94
2023-02-02 10:00:00,9.6,297.0,23.94
2023-02-02 10:05:00,9.04,295.0,23.94
2023-02-02 10:10:00,9.13,270.0,24.0
2023-02-02 10:15:00,9.219999999999999,291.0,24.0
2023-02-02 10:20:00,9.295,298.0,24.0
2023-02-02 10:25:00,8.845,298.0,24.0
2023-02-02 10:30:00,8.945,294.0,24.06
2023-02-02 10:35:00,8.75,281.0,24.06
2023-02-02 10:40:00,9.91,282.0,24.06
2023-02-02 10:45:00,9.17,274.5,24.06
2023-02-02 10:50:00,8.95,293.0,24.06
2023-02-02 10:55:00,9.75,304.0,24.06
2023-02-02 11:00:00,8.45,295.0,24.13
2023-02-02 11:05:00,9.52,296.0,24.13
2023-02-02 11:10:00,9.67,295.0,24.13
2023-02-02 11:15:00,8.9,295.0,24.13
2023-02-02 11:20:00,9.004999999999999,299.0,24.19
2023-02-02 11:25:00,,,
2023-02-02 11:30:00,8.86,298.0,24.25
2023-02-02 11:35:00,8.725,297.5,24.25
2023-02-02 11:40:00,8.39,295.0,24.31
2023-02-02 11:45:00,9.07,294.0,24.31
2023-02-02 11:50:00,9.64,293.0,24.38
2023-02-02 11:55:00,9.74,298.5,24.38
2023-02-02 12:00:00,8.91,295.0,24.38
2023-02-02 12:05:00,9.559999999999999,295.0,24.41
2023-02-02 12:10:00,9.135,296.0,24.44
2023-02-02 12:15:00,8.98,295.0,24.44
2023-02-02 12:20:00,9.85,296.0,24.44
2023-02-02 12:25:00,8.82,282.0,24.5
2023-02-02 12:30:00,9.52,295.0,24.5
2023-02-02 12:35:00,9.600000000000001,297.0,24.5
2023-02-02 12:40:00,9.28,298.0,24.56
2023-02-02 12:45:00,9.53,296.0,24.56
2023-02-02 12:50:00,8.58,298.0,24.56
2023-02-02 12:55:00,9.13,296.0,24.56
2023-02-02 13:00:00,8.93,298.0,24.63
2023-02-02 13:05:00,9.105,297.0,24.63
2023-02-02 13:10:00,8.59,298.0,24.63
2023-02-02 13:15:00,8.535,300.0,24.63
2023-02-02 13:20:00,8.86,296.0,24.69
2023-02-02 13:25:00,9.305,302.0,24.69
2023-02-02 13:30:00,8.72,298.0,24.69
2023-02-02 13:35:00,9.274999999999999,302.0,24.69
2023-02-02 13:40:00,8.78,298.0,24.75
2023-02-02 13:45:00,9.07,298.0,24.75
2023-02-02 13:50:00,8.97,302.0,24.75
2023-02-02 13:55:00,9.645,302.0,24.75
2023-02-02 14:00:00,8.83,303.0,24.75
2023-02-02 14:05:00,9.4,302.0,24.75
2023-02-02 14:10:00,8.75,302.0,24.81
2023-02-02 14:15:00,8.705,303.0,24.81
2023-02-02 14:20:00,8.739999999999998,303.0,24.81
2023-02-02 14:25:00,9.16,302.0,24.81
2023-02-02 14:30:00,9.184999999999999,303.0,24.81
2023-02-02 14:35:00,9.59,301.0,24.845
2023-02-02 14:40:00,8.56,301.0,24.88
2023-02-02 14:45:00,8.995000000000001,301.0,24.88
2023-02-02 14:50:00,9.094999999999999,301.0,24.88
2023-02-02 14:55:00,9.43,303.0,24.88
2023-02-02 15:00:00,9.235,302.0,24.88
2023-02-02 15:05:00,8.879999999999999,301.0,24.94
2023-02-02 15:10:00,9.52,303.0,24.94
2023-02-02 15:15:00,9.17,303.0,24.94
2023-02-02 15:20:00,8.915,301.0,24.94
2023-02-02 15:25:00,9.305,301.0,24.94
2023-02-02 15:30:00,8.92,303.0,24.94
2023-02-02 15:35:00,8.774999999999999,303.0,24.94
2023-02-02 15:40:00,8.83,303.0,25.0
2023-02-02 15:45:00,8.92,301.0,25.0
2023-02-02 15:50:00,9.25,303.0,25.0
2023-02-02 15:55:00,8.97,303.0,25.0
2023-02-02 16:00:00,9.33,303.0,25.0
2023-02-02 16:05:00,8.965,303.0,25.0
2023-02-02 16:10:00,9.129999999999999,303.0,25.0
2023-02-02 16:15:00,9.145,303.0,25.0
2023-02-02 16:20:00,8.83,305.0,25.0
2023-02-02 16:25:00,8.89,305.0,25.0
2023-02-02 16:30:00,8.99,305.0,25.0
2023-02-02 16:35:00,9.04,305.0,25.0
2023-02-02 16:40:00,9.265,305.0,25.03
2023-02-02 16:45:00,8.94,305.0,25.0
2023-02-02 16:50:00,8.64,305.0,25.06
2023-02-02 16:55:00,9.135000000000002,305.0,25.06
2023-02-02 17:00:00,9.045000000000002,305.0,25.06
2023-02-02 17:05:00,9.165,307.0,25.06
2023-02-02 17:10:00,8.725000000000001,306.0,25.06
2023-02-02 17:15:00,9.16,305.0,25.06
2023-02-02 17:20:00,9.09,307.0,25.06
2023-02-02 17:25:00,9.26,307.0,25.06
2023-02-02 17:30:00,8.78,307.0,25.06
2023-02-02 17:35:00,8.69,305.0,25.06
2023-02-02 17:40:00,8.865,308.0,25.06
2023-02-02 17:45:00,9.155,307.0,25.06
2023-02-02 17:50:00,9.285,307.0,25.06
2023-02-02 17:55:00,9.41,307.0,25.06
2023-02-02 18:00:00,8.774999999999999,307.0,25.06
2023-02-02 18:05:00,9.03,307.0,25.06
2023-02-02 18:10:00,8.83,307.0,25.06
2023-02-02 18:15:00,8.72,307.0,25.06
2023-02-02 18:20:00,9.085,307.0,25.06
2023-02-02 18:25:00,9.0,307.0,25.06
2023-02-02 18:30:00,9.055,307.0,25.06
2023-02-02 18:35:00,8.855,307.0,25.06
2023-02-02 18:40:00,8.57,307.0,25.06
2023-02-02 18:45:00,8.969999999999999,307.0,25.0
2023-02-02 18:50:00,8.895,307.0,25.0
2023-02-02 18:55:00,8.49,307.0,25.0
2023-02-02 19:00:00,8.52,307.0,25.0
2023-02-02 19:05:00,9.265,308.0,25.0
2023-02-02 19:10:00,8.58,307.0,25.0
2023-02-02 19:15:00,8.53,307.0,25.0
2023-02-02 19:20:00,9.05,307.0,25.0
2023-02-02 19:25:00,8.65,307.0,25.0
2023-02-02 19:30:00,8.855,307.0,25.0
2023-02-02 19:35:00,8.61,307.0,25.0
2023-02-02 19:40:00,8.46,307.0,25.0
2023-02-02 19:45:00,8.495000000000001,307.0,25.0
2023-02-02 19:50:00,8.945,307.0,25.0
2023-02-02 19:55:00,8.98,307.0,25.0
2023-02-02 20:00:00,8.52,307.0,25.0
2023-02-02 20:05:00,8.75,309.0,25.0
2023-02-02 20:10:00,8.46,307.0,24.94
2023-02-02 20:15:00,9.065,307.0,24.94
2023-02-02 20:20:00,8.315000000000001,307.0,24.94
2023-02-02 20:25:00,8.43,307.0,24.94
2023-02-02 20:30:00,8.79,307.0,24.94
2023-02-02 20:35:00,8.64,309.0,24.94
2023-02-02 20:40:00,8.695,307.0,24.94
2023-02-02 20:45:00,8.809999999999999,307.0,24.94
2023-02-02 20:50:00,8.4,307.0,24.94
2023-02-02 20:55:00,8.365,307.0,24.94
2023-02-02 21:00:00,8.47,309.0,24.94
2023-02-02 21:05:00,8.675,309.0,24.94
2023-02-02 21:10:00,8.75,309.0,24.88
2023-02-02 21:15:00,8.530000000000001,309.0,24.88
2023-02-02 21:20:00,8.545,309.0,24.88
2023-02-02 21:25:00,8.379999999999999,307.0,24.88
2023-02-02 21:30:00,8.3,307.0,24.88
2023-02-02 21:35:00,8.265,307.0,24.88
2023-02-02 21:40:00,8.65,307.0,24.88
2023-02-02 21:45:00,8.355,307.0,24.88
2023-02-02 21:50:00,8.595,309.0,24.88
2023-02-02 21:55:00,8.61,309.0,24.88
2023-02-02 22:00:00,8.15,307.0,24.88
2023-02-02 22:05:00,8.57,308.0,24.81
2023-02-02 22:10:00,8.344999999999999,309.0,24.81
2023-02-02 22:15:00,8.47,307.0,24.81
2023-02-02 22:20:00,8.280000000000001,307.0,24.81
2023-02-02 22:25:00,8.49,307.0,24.81
2023-02-02 22:30:00,8.91,307.0,24.81
2023-02-02 22:35:00,8.29,309.0,24.81
2023-02-02 22:40:00,8.545,309.0,24.81
2023-02-02 22:45:00,8.42,309.0,24.81
2023-02-02 22:50:00,8.435,307.0,24.75
2023-02-02 22:55:00,8.48,309.0,24.75
2023-02-02 23:00:00,8.33,309.0,24.75
2023-02-02 23:05:00,8.11,307.0,24.75
2023-02-02 23:10:00,8.43,309.0,24.75
2023-02-02 23:15:00,8.165,309.0,24.75
2023-02-02 23:20:00,7.9350000000000005,309.0,24.75
2023-02-02 23:25:00,8.48,309.0,24.75
2023-02-02 23:30:00,8.27,307.0,24.69
2023-02-02 23:35:00,8.11,307.0,24.69
2023-02-02 23:40:00,8.17,309.0,24.69
2023-02-02 23:45:00,8.275,309.0,24.69
2023-02-02 23:50:00,8.184999999999999,307.0,24.69
2023-02-02 23:55:00,8.35,307.0,24.69
2023-02-03 00:00:00,8.375,307.0,24.69
2023-02-03 00:05:00,8.25,307.0,24.63
2023-02-03 00:10:00,7.955,307.0,24.63
2023-02-03 00:15:00,8.57,307.0,24.63
2023-02-03 00:20:00,8.44,307.0,24.63
2023-02-03 00:25:00,8.31,307.0,24.63
2023-02-03 00:30:00,8.26,307.0,24.63
2023-02-03 00:35:00,8.335,307.0,24.63
2023-02-03 00:40:00,8.08,307.0,24.56
2023-02-03 00:45:00,8.305,307.0,24.56
2023-02-03 00:50:00,8.45,307.0,24.56
2023-02-03 00:55:00,8.774999999999999,307.0,24.56
2023-02-03 01:00:00,8.705,307.0,24.56
2023-02-03 01:05:00,8.33,307.0,24.5
2023-02-03 01:10:00,8.72,307.0,24.5
2023-02-03 01:15:00,8.42,307.0,24.5
2023-02-03 01:20:00,8.8,307.0,24.5
2023-02-03 01:25:00,8.49,307.0,24.5
2023-02-03 01:30:00,9.04,307.0,24.5
2023-02-03 01:35:00,8.83,307.0,24.44
2023-02-03 01:40:00,8.745000000000001,307.0,24.44
2023-02-03 01:45:00,8.92,307.0,24.44
2023-02-03 01:50:00,8.89,307.0,24.44
2023-02-03 01:55:00,8.96,307.0,24.44
2023-02-03 02:00:00,9.01,307.0,24.44
2023-02-03 02:05:00,8.955,307.0,24.38
2023-02-03 02:10:00,9.22,308.0,24.38
2023-02-03 02:15:00,9.09,308.0,24.38
2023-02-03 02:20:00,9.3,306.0,24.38
2023-02-03 02:25:00,9.105,306.0,24.38
2023-02-03 02:30:00,9.13,306.0,24.38
2023-02-03 02:35:00,8.93,306.0,24.31
2023-02-03 02:40:00,9.14,306.0,24.31
2023-02-03 02:45:00,9.48,306.0,24.31
2023-02-03 02:50:00,8.92,304.0,24.31
2023-02-03 02:55:00,9.62,306.0,24.31
2023-02-03 03:00:00,9.42,306.0,24.31
2023-02-03 03:05:00,9.4,306.0,24.31
2023-02-03 03:10:00,9.51,306.0,24.25
2023-02-03 03:15:00,9.53,308.0,24.25
2023-02-03 03:20:00,9.58,306.0,24.25
2023-02-03 03:25:00,9.72,306.0,24.25
2023-02-03 03:30:00,9.905000000000001,306.0,24.25
2023-02-03 03:35:00,9.425,306.0,24.25
2023-02-03 03:40:00,9.46,306.0,24.25
2023-02-03 03:45:00,9.55,306.0,24.19
2023-02-03 03:50:00,9.22,306.0,24.19
2023-02-03 03:55:00,9.7,304.0,24.19
2023-02-03 04:00:00,9.44,306.0,24.19
2023-02-03 04:05:00,9.71,304.0,24.19
2023-02-03 04:10:00,9.91,275.0,24.19
2023-02-03 04:15:00,9.65,306.0,24.13
2023-02-03 04:20:00,9.77,306.0,24.13
2023-02-03 04:25:00,9.28,306.0,24.13
2023-02-03 04:30:00,9.64,306.0,24.13
2023-02-03 04:35:00,9.69,306.0,24.13
2023-02-03 04:40:00,9.97,306.0,24.13
2023-02-03 04:45:00,9.704999999999998,306.0,24.06
2023-02-03 04:50:00,9.61,306.0,24.06
2023-02-03 04:55:00,9.78,306.0,24.06
2023-02-03 05:00:00,9.78,306.0,24.06
2023-02-03 05:05:00,9.53,306.0,24.06
2023-02-03 05:10:00,9.63,306.0,24.0
2023-02-03 05:15:00,9.9,306.0,24.0
2023-02-03 05:20:00,9.73,306.0,24.0
2023-02-03 05:25:00,9.63,306.0,24.0
2023-02-03 05:30:00,9.57,304.0,24.0
2023-02-03 05:35:00,9.69,304.0,24.0
2023-02-03 05:40:00,9.83,304.0,24.0
2023-02-03 05:45:00,9.62,304.0,23.94
2023-02-03 05:50:00,9.49,304.0,23.94
2023-02-03 05:55:00,9.754999999999999,304.0,23.94
2023-02-03 06:00:00,9.82,304.0,23.94
2023-02-03 06:05:00,9.58,304.0,23.94
2023-02-03 06:10:00,9.85,304.0,23.88
2023-02-03 06:15:00,9.565000000000001,304.0,23.88
2023-02-03 06:20:00,9.61,304.0,23.88
2023-02-03 06:25:00,9.77,304.0,23.88
2023-02-03 06:30:00,9.905000000000001,304.0,23.81
2023-02-03 06:35:00,9.75,306.0,23.81
2023-02-03 06:40:00,9.59,299.0,23.81
2023-02-03 06:45:00,9.605,299.0,23.81
2023-02-03 06:50:00,10.01,299.0,23.81
2023-02-03 06:55:00,9.74,297.0,23.81
2023-02-03 07:00:00,9.8,299.0,23.81
2023-02-03 07:05:00,9.97,299.0,23.81
2023-02-03 07:10:00,9.77,295.0,23.81
2023-02-03 07:15:00,9.66,293.0,23.75
2023-02-03 07:20:00,9.64,290.0,23.75
2023-02-03 07:25:00,9.3,290.0,23.75
2023-02-03 07:30:00,9.715,292.0,23.75
2023-02-03 07:35:00,9.635,292.0,23.75
2023-02-03 07:40:00,9.754999999999999,292.0,23.75
2023-02-03 07:45:00,9.84,292.0,23.75
2023-02-03 07:50:00,9.78,295.0,23.75
2023-02-03 07:55:00,9.445,295.0,23.75
2023-02-03 08:00:00,9.3,295.0,23.75
2023-02-03 08:05:00,9.6,295.0,23.75
2023-02-03 08:10:00,9.45,292.0,23.75
2023-02-03 08:15:00,9.59,290.0,23.75
2023-02-03 08:20:00,9.54,295.0,23.75
2023-02-03 08:25:00,9.68,297.0,23.75
2023-02-03 08:30:00,9.68,295.0,23.75
2023-02-03 08:35:00,9.655000000000001,297.0,23.75
2023-02-03 08:40:00,9.31,297.0,23.75
2023-02-03 08:45:00,8.875,297.0,23.78
2023-02-03 08:50:00,9.355,297.0,23.81
2023-02-03 08:55:00,8.91,297.0,23.81
2023-02-03 09:00:00,8.765,297.0,23.81
2023-02-03 09:05:00,9.11,297.0,23.81
2023-02-03 09:10:00,8.585,297.0,23.81
2023-02-03 09:15:00,8.98,295.0,23.81
2023-02-03 09:20:00,8.94,295.0,23.81
2023-02-03 09:25:00,8.81,295.0,23.81
2023-02-03 09:30:00,9.325,295.0,23.88
2023-02-03 09:35:00,8.7,295.0,23.88
2023-02-03 09:40:00,8.9,293.0,23.88
2023-02-03 09:45:00,8.395,293.0,23.88
2023-02-03 09:50:00,8.7,293.0,23.94
2023-02-03 09:55:00,8.82,293.0,23.94
2023-02-03 10:00:00,8.934999999999999,293.0,23.94
2023-02-03 10:05:00,8.63,295.0,23.94
2023-02-03 10:10:00,8.52,295.0,23.94
2023-02-03 10:15:00,8.855,295.0,24.0
2023-02-03 10:20:00,8.95,295.0,24.0
2023-02-03 10:25:00,8.48,295.0,24.0
2023-02-03 10:30:00,8.61,295.0,24.0
2023-02-03 10:35:00,8.74,295.0,24.0
2023-02-03 10:40:00,8.765,295.0,24.06
2023-02-03 10:45:00,9.25,295.0,24.06
2023-02-03 10:50:00,8.77,295.0,24.06
2023-02-03 10:55:00,8.66,295.0,24.06
2023-02-03 11:00:00,8.97,295.0,24.06
2023-02-03 11:05:00,9.07,295.0,24.13
2023-02-03 11:10:00,8.64,295.0,24.13
2023-02-03 11:15:00,8.665,297.0,24.13
2023-02-03 11:20:00,8.99,295.0,24.13
2023-02-03 11:25:00,8.945,297.0,24.13
2023-02-03 11:30:00,9.28,297.0,24.13
2023-02-03 11:35:00,9.45,297.0,24.13
2023-02-03 11:40:00,8.92,296.0,24.19
2023-02-03 11:45:00,9.335,297.0,24.19
2023-02-03 11:50:00,9.115,302.0,24.19
2023-02-03 11:55:00,9.76,302.0,24.19
2023-02-03 12:00:00,9.175,298.0,24.19
2023-02-03 12:05:00,9.9,306.0,24.19
2023-02-03 12:10:00,9.14,304.0,24.19
2023-02-03 12:15:00,,,
2023-02-03 12:20:00,9.86,304.0,24.25
2023-02-03 12:25:00,9.219999999999999,304.0,24.25
2023-02-03 12:30:00,9.934999999999999,303.0,24.25
2023-02-03 12:35:00,9.45,304.0,24.25
2023-02-03 12:40:00,9.95,302.0,24.25
2023-02-03 12:45:00,9.12,304.0,24.31
2023-02-03 12:50:00,8.74,302.0,24.31
2023-02-03 12:55:00,9.83,304.0,24.31
2023-02-03 13:00:00,9.43,304.0,24.31
2023-02-03 13:05:00,9.120000000000001,304.0,24.345
2023-02-03 13:10:00,9.68,304.0,24.38
2023-02-03 13:15:00,9.825,304.0,24.38
2023-02-03 13:20:00,8.66,304.0,24.38
2023-02-03 13:25:00,8.875,438.0,24.44
2023-02-03 13:30:00,8.86,295.0,24.44
2023-02-03 13:35:00,,,
2023-02-03 13:40:00,8.54,306.0,24.5
2023-02-03 13:45:00,9.35,306.0,24.5
2023-02-03 13:50:00,9.28,306.0,24.5
2023-02-03 13:55:00,9.525,304.0,24.5
2023-02-03 14:00:00,9.355,306.0,24.5
2023-02-03 14:05:00,8.74,306.0,24.56
2023-02-03 14:10:00,8.43,307.0,24.5
2023-02-03 14:15:00,9.515,675.0,24.56
2023-02-03 14:20:00,8.49,305.0,24.56
2023-02-03 14:25:00,9.53,305.0,24.56
2023-02-03 14:30:00,,,
2023-02-03 14:35:00,,,
2023-02-03 14:40:00,8.635,306.0,24.595
2023-02-03 14:45:00,8.98,305.0,24.63
2023-02-03 14:50:00,8.41,307.0,24.63
2023-02-03 14:55:00,9.45,305.0,24.63
2023-02-03 15:00:00,8.86,305.0,24.63
2023-02-03 15:05:00,9.41,308.0,24.63
2023-02-03 15:10:00,9.34,305.0,24.63
2023-02-03 15:15:00,8.88,305.0,24.69
2023-02-03 15:20:00,9.309999999999999,305.0,24.69
2023-02-03 15:25:00,9.235,305.0,24.69
2023-02-03 15:30:00,8.57,307.0,24.69
2023-02-03 15:35:00,8.705,306.0,24.69
2023-02-03 15:40:00,8.725,307.0,24.69
2023-02-03 15:45:00,9.115,306.0,24.75
2023-02-03 15:50:00,8.6,307.0,24.75
2023-02-03 15:55:00,9.055,307.0,24.75
2023-02-03 16:00:00,9.01,308.0,24.75
2023-02-03 16:05:00,8.78,307.0,24.75
2023-02-03 16:10:00,9.190000000000001,307.0,24.75
2023-02-03 16:15:00,8.975,309.0,24.75
2023-02-03 16:20:00,8.43,308.0,24.75
2023-02-03 16:25:00,9.06,309.0,24.75
2023-02-03 16:30:00,8.655,307.0,24.75
2023-02-03 16:35:00,8.934999999999999,309.0,24.75
2023-02-03 16:40:00,8.84,309.0,24.75
2023-02-03 16:45:00,9.17,309.0,24.75
2023-02-03 16:50:00,8.77,309.0,24.75
2023-02-03 16:55:00,8.71,311.0,24.75
2023-02-03 17:00:00,8.66,309.0,24.75
2023-02-03 17:05:00,8.89,309.0,24.75
2023-02-03 17:10:00,8.25,309.0,24.75
2023-02-03 17:15:00,8.44,309.0,24.75
2023-02-03 17:20:00,8.48,311.0,24.75
2023-02-03 17:25:00,8.71,311.0,24.75
2023-02-03 17:30:00,8.82,311.0,24.75
2023-02-03 17:35:00,8.55,310.0,24.75
2023-02-03 17:40:00,8.74,311.0,24.75
2023-02-03 17:45:00,8.705,311.0,24.75
2023-02-03 17:50:00,8.74,311.0,24.75
2023-02-03 17:55:00,8.34,311.0,24.75
2023-02-03 18:00:00,8.62,311.0,24.75
2023-02-03 18:05:00,8.57,313.0,24.75
2023-02-03 18:10:00,8.805,311.0,24.75
2023-02-03 18:15:00,8.49,311.0,24.69
2023-02-03 18:20:00,8.48,311.0,24.69
2023-02-03 18:25:00,8.42,311.0,24.69
2023-02-03 18:30:00,8.55,311.0,24.69
2023-02-03 18:35:00,8.8,311.0,24.69
2023-02-03 18:40:00,8.84,311.0,24.69
2023-02-03 18:45:00,8.77,311.0,24.69
2023-02-03 18:50:00,8.915,313.0,24.69
2023-02-03 18:55:00,8.275,311.0,24.69
2023-02-03 19:00:00,8.45,311.0,24.69
2023-02-03 19:05:00,8.54,311.0,24.69
2023-02-03 19:10:00,8.5,311.0,24.69
2023-02-03 19:15:00,8.665,312.0,24.69
2023-02-03 19:20:00,8.665,311.0,24.69
2023-02-03 19:25:00,8.8,311.0,24.63
2023-02-03 19:30:00,8.57,313.0,24.63
2023-02-03 19:35:00,8.23,311.0,24.63
2023-02-03 19:40:00,8.545,311.0,24.63
2023-02-03 19:45:00,8.44,311.0,24.63
2023-02-03 19:50:00,8.605,313.0,24.63
2023-02-03 19:55:00,8.79,313.0,24.63
2023-02-03 20:00:00,8.77,313.0,24.63
2023-02-03 20:05:00,8.66,311.0,24.63
2023-02-03 20:10:00,8.61,311.0,24.63
2023-02-03 20:15:00,8.88,311.0,24.56
2023-02-03 20:20:00,8.225000000000001,311.0,24.56
2023-02-03 20:25:00,8.415,311.0,24.56
2023-02-03 20:30:00,8.49,313.0,24.56
2023-02-03 20:35:00,8.66,313.0,24.56
2023-02-03 20:40:00,8.78,311.0,24.56
2023-02-03 20:45:00,8.55,311.0,24.56
2023-02-03 20:50:00,8.635,313.0,24.56
2023-02-03 20:55:00,8.774999999999999,311.0,24.5
2023-02-03 21:00:00,8.47,311.0,24.5
2023-02-03 21:05:00,8.21,311.0,24.5
2023-02-03 21:10:00,8.35,311.0,24.5
2023-02-03 21:15:00,8.74,311.0,24.5
2023-02-03 21:20:00,8.72,313.0,24.5
2023-02-03 21:25:00,8.44,311.0,24.5
2023-02-03 21:30:00,8.53,313.0,24.5
2023-02-03 21:35:00,8.665,313.0,24.5
2023-02-03 21:40:00,8.54,313.0,24.5
2023-02-03 21:45:00,8.62,311.0,24.5
2023-02-03 21:50:00,8.45,311.0,24.5
2023-02-03 21:55:00,8.6,311.0,24.5
2023-02-03 22:00:00,8.719999999999999,313.0,24.44
2023-02-03 22:05:00,8.145,311.0,24.44
2023-02-03 22:10:00,8.895,311.0,24.44
2023-02-03 22:15:00,8.43,311.0,24.44
2023-02-03 22:20:00,8.15,311.0,24.44
2023-02-03 22:25:00,8.455,311.0,24.44
2023-02-03 22:30:00,8.325,311.0,24.44
2023-02-03 22:35:00,8.695,311.0,24.38
2023-02-03 22:40:00,8.52,311.0,24.38
2023-02-03 22:45:00,8.08,311.0,24.38
2023-02-03 22:50:00,8.47,311.0,24.38
2023-02-03 22:55:00,8.19,311.0,24.38
2023-02-03 23:00:00,8.46,311.0,24.38
2023-02-03 23:05:00,8.19,311.0,24.38
2023-02-03 23:10:00,8.41,311.0,24.38
2023-02-03 23:15:00,8.54,311.0,24.38
2023-02-03 23:20:00,8.36,311.0,24.38
2023-02-03 23:25:00,8.16,311.0,24.31
2023-02-03 23:30:00,8.41,311.0,24.31
2023-02-03 23:35:00,8.49,313.0,24.31
2023-02-03 23:40:00,8.53,311.0,24.31
2023-02-03 23:45:00,8.5,311.0,24.31
2023-02-03 23:50:00,8.33,311.0,24.31
2023-02-03 23:55:00,8.41,311.0,24.31
2023-02-04 00:00:00,8.595,311.0,24.25
2023-02-04 00:05:00,8.47,311.0,24.25
2023-02-04 00:10:00,8.455,311.0,24.25
2023-02-04 00:15:00,8.44,311.0,24.25
2023-02-04 00:20:00,8.42,311.0,24.25
2023-02-04 00:25:00,8.43,311.0,24.25
2023-02-04 00:30:00,8.45,311.0,24.25
2023-02-04 00:35:00,8.28,311.0,24.25
2023-02-04 00:40:00,8.375,311.0,24.19
2023-02-04 00:45:00,8.44,311.0,24.19
2023-02-04 00:50:00,8.23,312.0,24.19
2023-02-04 00:55:00,8.215,312.0,24.19
2023-02-04 01:00:00,8.725000000000001,312.0,24.19
2023-02-04 01:05:00,8.48,312.0,24.19
2023-02-04 01:10:00,8.22,312.0,24.13
2023-02-04 01:15:00,8.51,312.0,24.13
2023-02-04 01:20:00,8.47,312.0,24.13
2023-02-04 01:25:00,8.5,312.0,24.13
2023-02-04 01:30:00,8.3,310.0,24.13
2023-02-04 01:35:00,8.765,310.0,24.13
2023-02-04 01:40:00,8.525,310.0,24.13
2023-02-04 01:45:00,8.49,310.0,24.13
2023-02-04 01:50:00,8.07,310.0,24.06
2023-02-04 01:55:00,8.445,310.0,24.06
2023-02-04 02:00:00,8.34,312.0,24.06
2023-02-04 02:05:00,8.32,312.0,24.06
2023-02-04 02:10:00,8.535,312.0,24.06
2023-02-04 02:15:00,8.53,310.0,24.06
2023-02-04 02:20:00,8.51,310.0,24.0
2023-02-04 02:25:00,8.52,310.0,24.0
2023-02-04 02:30:00,8.16,310.0,24.0
2023-02-04 02:35:00,8.614999999999998,310.0,24.0
2023-02-04 02:40:00,8.395,310.0,24.0
2023-02-04 02:45:00,8.66,310.0,24.0
2023-02-04 02:50:00,8.355,310.0,24.0
2023-02-04 02:55:00,8.5,310.0,24.0
2023-02-04 03:00:00,8.73,310.0,23.94
2023-02-04 03:05:00,8.82,310.0,23.94
2023-02-04 03:10:00,8.6,310.0,23.94
2023-02-04 03:15:00,8.555,310.0,23.94
2023-02-04 03:20:00,8.690000000000001,310.0,23.94
2023-02-04 03:25:00,8.6,310.0,23.94
2023-02-04 03:30:00,8.47,310.0,23.94
2023-02-04 03:35:00,8.53,310.0,23.94
2023-02-04 03:40:00,8.8,310.0,23.88
2023-02-04 03:45:00,8.55,310.0,23.88
2023-02-04 03:50:00,8.629999999999999,310.0,23.88
2023-02-04 03:55:00,8.48,310.0,23.88
2023-02-04 04:00:00,8.645,310.0,23.88
2023-02-04 04:05:00,8.594999999999999,310.0,23.88
2023-02-04 04:10:00,8.309999999999999,310.0,23.88
2023-02-04 04:15:00,8.87,310.0,23.81
2023-02-04 04:20:00,8.44,310.0,23.81
2023-02-04 04:25:00,8.8,310.0,23.81
2023-02-04 04:30:00,8.55,310.0,23.81
2023-02-04 04:35:00,8.715,310.0,23.81
2023-02-04 04:40:00,8.895,310.0,23.81
2023-02-04 04:45:00,8.6,310.0,23.81
2023-02-04 04:50:00,8.61,310.0,23.81
2023-02-04 04:55:00,8.57,310.0,23.75
2023-02-04 05:00:00,8.58,310.0,23.75
2023-02-04 05:05:00,8.76,310.0,23.75
2023-02-04 05:10:00,8.594999999999999,310.0,23.75
2023-02-04 05:15:00,8.55,310.0,23.75
2023-02-04 05:20:00,8.58,310.0,23.75
2023-02-04 05:25:00,8.545,310.0,23.75
2023-02-04 05:30:00,8.524999999999999,310.0,23.75
2023-02-04 05:35:00,8.75,310.0,23.69
2023-02-04 05:40:00,8.625,310.0,23.69
2023-02-04 05:45:00,8.56,310.0,23.69
2023-02-04 05:50:00,8.78,310.0,23.69
2023-02-04 05:55:00,8.555,310.0,23.69
2023-02-04 06:00:00,8.71,310.0,23.69
2023-02-04 06:05:00,8.35,310.0,23.69
2023-02-04 06:10:00,8.66,310.0,23.63
2023-02-04 06:15:00,8.42,310.0,23.63
2023-02-04 06:20:00,8.46,310.0,23.63
2023-02-04 06:25:00,8.94,310.0,23.63
2023-02-04 06:30:00,8.84,310.0,23.63
2023-02-04 06:35:00,8.530000000000001,310.0,23.63
2023-02-04 06:40:00,8.74,310.0,23.63
2023-02-04 06:45:00,8.5,310.0,23.63
2023-02-04 06:50:00,8.5,310.0,23.63
2023-02-04 06:55:00,8.99,310.0,23.63
2023-02-04 07:00:00,8.67,310.0,23.63
2023-02-04 07:05:00,8.83,310.0,23.63
2023-02-04 07:10:00,8.774999999999999,310.0,23.63
2023-02-04 07:15:00,8.395,310.0,23.63
2023-02-04 07:20:00,8.8,310.0,23.56
2023-02-04 07:25:00,8.47,310.0,23.56
2023-02-04 07:30:00,8.26,310.0,23.56
2023-02-04 07:35:00,8.77,310.0,23.56
2023-02-04 07:40:00,8.690000000000001,310.0,23.56
2023-02-04 07:45:00,8.835,310.0,23.56
2023-02-04 07:50:00,8.97,310.0,23.56
2023-02-04 07:55:00,8.44,310.0,23.56
2023-02-04 08:00:00,8.75,310.0,23.56
2023-02-04 08:05:00,8.835,308.0,23.56
2023-02-04 08:10:00,9.0,310.0,23.56
2023-02-04 08:15:00,8.515,310.0,23.56
2023-02-04 08:20:00,8.37,308.0,23.56
2023-02-04 08:25:00,8.62,310.0,23.56
2023-02-04 08:30:00,8.87,310.0,23.56
2023-02-04 08:35:00,8.65,310.0,23.56
2023-02-04 08:40:00,8.57,310.0,23.56
2023-02-04 08:45:00,8.71,310.0,23.56
2023-02-04 08:50:00,8.71,310.0,23.56
2023-02-04 08:55:00,8.594999999999999,310.0,23.56
2023-02-04 09:00:00,8.36,310.0,23.56
2023-02-04 09:05:00,8.77,310.0,23.56
2023-02-04 09:10:00,8.43,310.0,23.56
2023-02-04 09:15:00,8.465,310.0,23.56
2023-02-04 09:20:00,8.695,310.0,23.56
2023-02-04 09:25:00,8.3,310.0,23.56
2023-02-04 09:30:00,8.69,310.0,23.56
2023-02-04 09:35:00,8.3,310.0,23.63
2023-02-04 09:40:00,8.55,310.0,23.63
2023-02-04 09:45:00,8.32,310.0,23.63
2023-02-04 09:50:00,8.36,310.0,23.63
2023-02-04 09:55:00,8.6,310.0,23.63
2023-02-04 10:00:00,8.425,310.0,23.63
2023-02-04 10:05:00,8.33,310.0,23.63
2023-02-04 10:10:00,8.25,310.0,23.63
2023-02-04 10:15:00,8.32,310.0,23.63
2023-02-04 10:20:00,8.61,310.0,23.63
2023-02-04 10:25:00,8.135000000000002,310.0,23.63
2023-02-04 10:30:00,8.55,310.0,23.69
2023-02-04 10:35:00,8.46,310.0,23.69
2023-02-04 10:40:00,8.23,310.0,23.69
2023-02-04 10:45:00,8.03,310.0,23.75
2023-02-04 10:50:00,8.425,310.0,23.75
2023-02-04 10:55:00,8.03,310.0,23.75
2023-02-04 11:00:00,8.25,310.0,23.81
2023-02-04 11:05:00,8.07,310.0,23.81
2023-02-04 11:10:00,8.45,310.0,23.81
2023-02-04 11:15:00,8.23,310.0,23.81
2023-02-04 11:20:00,8.055,310.0,23.88
2023-02-04 11:25:00,8.205,310.0,23.88
2023-02-04 11:30:00,8.385,312.0,23.88
2023-02-04 11:35:00,8.23,310.0,23.88
2023-02-04 11:40:00,8.13,310.0,23.94
2023-02-04 11:45:00,8.19,310.0,23.94
2023-02-04 11:50:00,8.285,310.0,24.0
2023-02-04 11:55:00,8.16,310.0,24.0
2023-02-04 12:00:00,8.225,312.0,24.0
2023-02-04 12:05:00,8.08,310.0,24.0
2023-02-04 12:10:00,7.93,310.0,24.06
2023-02-04 12:15:00,7.845,312.0,24.06
2023-02-04 12:20:00,8.16,312.0,24.06
2023-02-04 12:25:00,8.08,312.0,24.13
2023-02-04 12:30:00,7.89,310.0,24.13
2023-02-04 12:35:00,8.175,312.0,24.13
2023-02-04 12:40:00,7.88,312.0,24.19
2023-02-04 12:45:00,7.8,312.0,24.19
2023-02-04 12:50:00,7.775,312.0,24.19
2023-02-04 12:55:00,7.82,311.0,24.19
2023-02-04 13:00:00,8.165,311.0,24.25
2023-02-04 13:05:00,8.31,311.0,24.25
2023-02-04 13:10:00,8.17,311.0,24.31
2023-02-04 13:15:00,8.195,311.0,24.31
2023-02-04 13:20:00,8.3,311.0,24.31
2023-02-04 13:25:00,8.13,311.0,24.31
2023-02-04 13:30:00,8.15,311.0,24.38
2023-02-04 13:35:00,7.98,311.0,24.38
2023-02-04 13:40:00,8.135,311.0,24.38
2023-02-04 13:45:00,7.84,311.0,24.44
2023-02-04 13:50:00,8.195,311.0,24.44
2023-02-04 13:55:00,8.01,311.0,24.44
2023-02-04 14:00:00,7.96,311.0,24.44
2023-02-04 14:05:00,7.99,311.0,24.5
2023-02-04 14:10:00,8.05,311.0,24.5
2023-02-04 14:15:00,7.715,311.0,24.5
2023-02-04 14:20:00,7.75,311.0,24.5
2023-02-04 14:25:00,7.77,311.0,24.5
2023-02-04 14:30:00,7.9,311.0,24.56
2023-02-04 14:35:00,7.59,313.0,24.56
2023-02-04 14:40:00,8.31,313.0,24.56
2023-02-04 14:45:00,7.855,313.0,24.56
2023-02-04 14:50:00,7.92,313.0,24.56
2023-02-04 14:55:00,8.085,313.0,24.56
2023-02-04 15:00:00,8.23,313.0,24.56
2023-02-04 15:05:00,7.88,313.0,24.56
2023-02-04 15:10:00,7.79,313.0,24.56
2023-02-04 15:15:00,8.23,313.0,24.63
2023-02-04 15:20:00,8.22,313.0,24.63
2023-02-04 15:25:00,7.86,313.0,24.63
2023-02-04 15:30:00,7.9350000000000005,315.0,24.63
2023-02-04 15:35:00,8.07,315.0,24.63
2023-02-04 15:40:00,7.84,315.0,24.63
2023-02-04 15:45:00,7.98,315.0,24.63
2023-02-04 15:50:00,7.96,314.0,24.63
2023-02-04 15:55:00,7.83,315.0,24.63
2023-02-04 16:00:00,7.62,315.0,24.63
2023-02-04 16:05:00,8.0,315.0,24.63
2023-02-04 16:10:00,7.89,315.0,24.63
2023-02-04 16:15:00,7.4,315.0,24.63
2023-02-04 16:20:00,7.97,315.0,24.69
2023-02-04 16:25:00,7.625,315.0,24.69
2023-02-04 16:30:00,7.75,317.0,24.69
2023-02-04 16:35:00,7.55,315.0,24.69
2023-02-04 16:40:00,7.55,317.0,24.69
2023-02-04 16:45:00,7.605,317.0,24.69
2023-02-04 16:50:00,7.395,315.0,24.69
2023-02-04 16:55:00,7.57,317.0,24.69
2023-02-04 17:00:00,7.73,317.0,24.69
2023-02-04 17:05:00,7.8,315.0,24.69
2023-02-04 17:10:00,7.82,315.0,24.69
2023-02-04 17:15:00,7.52,317.0,24.69
2023-02-04 17:20:00,7.56,317.0,24.69
2023-02-04 17:25:00,7.9,317.0,24.69
2023-02-04 17:30:00,7.904999999999999,317.0,24.69
2023-02-04 17:35:00,7.57,317.0,24.69
2023-02-04 17:40:00,7.6899999999999995,317.0,24.69
2023-02-04 17:45:00,7.705,317.0,24.69
2023-02-04 17:50:00,7.59,317.0,24.69
2023-02-04 17:55:00,7.54,318.0,24.69
2023-02-04 18:00:00,7.37,318.0,24.69
2023-02-04 18:05:00,7.49,317.0,24.69
2023-02-04 18:10:00,7.68,317.0,24.69
2023-02-04 18:15:00,7.6850000000000005,319.0,24.69
2023-02-04 18:20:00,7.77,319.0,24.69
2023-02-04 18:25:00,7.79,318.0,24.69
2023-02-04 18:30:00,7.595,319.0,24.69
2023-02-04 18:35:00,7.585,319.0,24.69
2023-02-04 18:40:00,7.375,319.0,24.69
2023-02-04 18:45:00,7.58,319.0,24.69
2023-02-04 18:50:00,7.31,319.0,24.69
2023-02-04 18:55:00,7.93,320.0,24.69
2023-02-04 19:00:00,7.17,319.0,24.69
2023-02-04 19:05:00,7.6850000000000005,319.0,24.69
2023-02-04 19:10:00,7.62,319.0,24.69
2023-02-04 19:15:00,7.295,319.0,24.69
2023-02-04 19:20:00,7.29,319.0,24.63
2023-02-04 19:25:00,7.43,318.0,24.63
2023-02-04 19:30:00,7.87,319.0,24.63
2023-02-04 19:35:00,7.630000000000001,317.0,24.63
2023-02-04 19:40:00,7.81,317.0,24.63
2023-02-04 19:45:00,7.64,319.0,24.63
2023-02-04 19:50:00,7.49,317.0,24.63
2023-02-04 19:55:00,7.68,319.0,24.63
2023-02-04 20:00:00,7.555,318.0,24.63
2023-02-04 20:05:00,7.93,317.0,24.63
2023-02-04 20:10:00,7.96,317.0,24.63
2023-02-04 20:15:00,7.31,317.0,24.63
2023-02-04 20:20:00,7.58,319.0,24.63
2023-02-04 20:25:00,8.05,317.0,24.595
2023-02-04 20:30:00,7.61,319.0,24.63
2023-02-04 20:35:00,7.57,317.0,24.63
2023-02-04 20:40:00,7.41,317.0,24.56
2023-02-04 20:45:00,7.27,317.0,24.56
2023-02-04 20:50:00,7.54,319.0,24.56
2023-02-04 20:55:00,7.285,319.0,24.56
2023-02-04 21:00:00,7.545,319.0,24.56
2023-02-04 21:05:00,7.8,317.0,24.56
2023-02-04 21:10:00,7.08,319.0,24.56
2023-02-04 21:15:00,7.49,319.0,24.56
2023-02-04 21:20:00,7.33,319.0,24.56
2023-02-04 21:25:00,7.595000000000001,319.0,24.56
2023-02-04 21:30:00,7.29,319.0,24.56
2023-02-04 21:35:00,7.6,319.0,24.56
2023-02-04 21:40:00,7.88,319.0,24.56
2023-02-04 21:45:00,7.36,319.0,24.56
2023-02-04 21:50:00,7.81,319.0,24.56
2023-02-04 21:55:00,7.5,319.0,24.56
2023-02-04 22:00:00,7.595,319.0,24.56
2023-02-04 22:05:00,7.52,319.0,24.56
2023-02-04 22:10:00,7.59,317.0,24.56
2023-02-04 22:15:00,7.545,317.0,24.56
2023-02-04 22:20:00,7.49,319.0,24.5
2023-02-04 22:25:00,7.575,318.0,24.5
2023-02-04 22:30:00,7.51,319.0,24.5
2023-02-04 22:35:00,7.4350000000000005,319.0,24.5
2023-02-04 22:40:00,7.44,319.0,24.5
2023-02-04 22:45:00,7.35,319.0,24.5
2023-02-04 22:50:00,7.48,317.0,24.5
2023-02-04 22:55:00,7.59,317.0,24.5
2023-02-04 23:00:00,7.35,319.0,24.5
2023-02-04 23:05:00,7.45,317.0,24.44
2023-02-04 23:10:00,7.65,319.0,24.44
2023-02-04 23:15:00,7.43,317.0,24.44
2023-02-04 23:20:00,7.42,319.0,24.44
2023-02-04 23:25:00,7.57,319.0,24.44
2023-02-04 23:30:00,7.705,317.0,24.44
2023-02-04 23:35:00,7.495,319.0,24.38
2023-02-04 23:40:00,7.63,317.0,24.38
2023-02-04 23:45:00,7.47,319.0,24.38
2023-02-04 23:50:00,7.445,318.0,24.38
2023-02-04 23:55:00,7.49,319.0,24.38
2023-02-05 00:00:00,7.52,319.0,24.38
2023-02-05 00:05:00,7.42,317.0,24.31
2023-02-05 00:10:00,7.415,319.0,24.31
2023-02-05 00:15:00,7.38,319.0,24.31
2023-02-05 00:20:00,7.33,319.0,24.31
2023-02-05 00:25:00,7.875,317.0,24.31
2023-02-05 00:30:00,7.82,317.0,24.31
2023-02-05 00:35:00,7.22,317.0,24.31
2023-02-05 00:40:00,7.485,317.0,24.31
2023-02-05 00:45:00,7.5,317.0,24.25
2023-02-05 00:50:00,7.45,317.0,24.25
2023-02-05 00:55:00,7.55,317.0,24.25
2023-02-05 01:00:00,7.28,317.0,24.25
2023-02-05 01:05:00,7.484999999999999,317.0,24.25
2023-02-05 01:10:00,7.57,317.0,24.25
2023-02-05 01:15:00,7.43,317.0,24.25
2023-02-05 01:20:00,7.55,317.0,24.19
2023-02-05 01:25:00,7.465,317.0,24.19
2023-02-05 01:30:00,7.47,317.0,24.19
2023-02-05 01:35:00,7.23,317.0,24.19
2023-02-05 01:40:00,7.36,317.0,24.19
2023-02-05 01:45:00,7.3,317.0,24.19
2023-02-05 01:50:00,7.43,317.0,24.13
2023-02-05 01:55:00,7.825,317.0,24.13
2023-02-05 02:00:00,7.98,317.0,24.13
2023-02-05 02:05:00,7.92,317.0,24.13
2023-02-05 02:10:00,8.09,315.0,24.13
2023-02-05 02:15:00,8.190000000000001,317.0,24.06
2023-02-05 02:20:00,8.03,317.0,24.06
2023-02-05 02:25:00,8.11,317.0,24.06
2023-02-05 02:30:00,8.055,315.0,24.06
2023-02-05 02:35:00,8.55,315.0,24.06
2023-02-05 02:40:00,8.585,315.0,24.0
2023-02-05 02:45:00,8.105,316.0,24.0
2023-02-05 02:50:00,8.1,316.0,24.0
2023-02-05 02:55:00,8.114999999999998,316.0,24.0
2023-02-05 03:00:00,8.37,316.0,24.0
2023-02-05 03:05:00,8.71,316.0,24.0
2023-02-05 03:10:00,8.49,316.0,24.0
2023-02-05 03:15:00,8.825,316.0,23.94
2023-02-05 03:20:00,8.23,316.0,23.94
2023-02-05 03:25:00,7.39,316.0,23.94
2023-02-05 03:30:00,7.29,316.0,23.94
2023-02-05 03:35:00,7.4,316.0,23.94
2023-02-05 03:40:00,7.265,316.0,23.94
2023-02-05 03:45:00,7.15,316.0,23.88
2023-02-05 03:50:00,7.225,316.0,23.88
2023-02-05 03:55:00,7.41,316.0,23.88
2023-02-05 04:00:00,6.87,316.0,23.88
2023-02-05 04:05:00,7.119999999999999,316.0,23.88
2023-02-05 04:10:00,7.02,316.0,23.81
2023-02-05 04:15:00,7.31,316.0,23.81
2023-02-05 04:20:00,7.07,316.0,23.81
2023-02-05 04:25:00,7.43,316.0,23.81
2023-02-05 04:30:00,7.155,316.0,23.81
2023-02-05 04:35:00,7.46,316.0,23.75
2023-02-05 04:40:00,7.145,316.0,23.75
2023-02-05 04:45:00,7.105,314.0,23.75
2023-02-05 04:50:00,6.89,314.0,23.75
2023-02-05 04:55:00,7.345,314.0,23.75
2023-02-05 05:00:00,7.215,314.0,23.75
2023-02-05 05:05:00,7.04,314.0,23.69
2023-02-05 05:10:00,7.1,314.0,23.69
2023-02-05 05:15:00,7.38,314.0,23.69
2023-02-05 05:20:00,7.3149999999999995,314.0,23.69
2023-02-05 05:25:00,7.395,314.0,23.69
2023-02-05 05:30:00,6.98,314.0,23.69
2023-02-05 05:35:00,7.535,314.0,23.69
2023-02-05 05:40:00,7.31,314.0,23.69
2023-02-05 05:45:00,7.1899999999999995,314.0,23.63
2023-02-05 05:50:00,7.39,314.0,23.63
2023-02-05 05:55:00,7.34,314.0,23.63
2023-02-05 06:00:00,7.365,314.0,23.63
2023-02-05 06:05:00,7.25,314.0,23.63
2023-02-05 06:10:00,7.62,314.0,23.63
2023-02-05 06:15:00,7.45,312.0,23.63
2023-02-05 06:20:00,7.29,312.0,23.63
2023-02-05 06:25:00,7.324999999999999,312.0,23.63
2023-02-05 06:30:00,7.03,312.0,23.63
2023-02-05 06:35:00,7.26,312.0,23.56
2023-02-05 06:40:00,7.325,312.0,23.56
2023-02-05 06:45:00,7.49,314.0,23.56
2023-02-05 06:50:00,7.425,312.0,23.56
2023-02-05 06:55:00,7.324999999999999,312.0,23.56
2023-02-05 07:00:00,7.58,312.0,23.56
2023-02-05 07:05:00,7.3100000000000005,313.0,23.56
2023-02-05 07:10:00,7.43,312.0,23.56
2023-02-05 07:15:00,7.38,314.0,23.56
2023-02-05 07:20:00,7.34,314.0,23.56
2023-02-05 07:25:00,7.28,314.0,23.56
2023-02-05 07:30:00,7.25,314.0,23.56
2023-02-05 07:35:00,7.3,314.0,23.56
2023-02-05 07:40:00,7.21,314.0,23.56
2023-02-05 07:45:00,7.14,314.0,23.5
2023-02-05 07:50:00,7.455,314.0,23.5
2023-02-05 07:55:00,7.2,314.0,23.5
2023-02-05 08:00:00,7.405,314.0,23.5
2023-02-05 08:05:00,7.43,314.0,23.5
2023-02-05 08:10:00,6.895,314.0,23.5
2023-02-05 08:15:00,7.01,314.0,23.5
2023-02-05 08:20:00,7.18,314.0,23.56
2023-02-05 08:25:00,7.08,314.0,23.56
2023-02-05 08:30:00,6.98,314.0,23.56
2023-02-05 08:35:00,7.42,314.0,23.56
2023-02-05 08:40:00,6.83,314.0,23.56
2023-02-05 08:45:00,7.16,314.0,23.56
2023-02-05 08:50:00,7.09,314.0,23.56
2023-02-05 08:55:00,7.51,314.0,23.56
2023-02-05 09:00:00,7.175,314.0,23.63
2023-02-05 09:05:00,7.38,314.0,23.63
2023-02-05 09:10:00,6.925000000000001,314.0,23.63
2023-02-05 09:15:00,7.025,314.0,23.63
2023-02-05 09:20:00,7.25,314.0,23.69
2023-02-05 09:25:00,6.99,314.0,23.69
2023-02-05 09:30:00,7.015,314.0,23.69
2023-02-05 09:35:00,6.71,314.0,23.69
2023-02-05 09:40:00,6.970000000000001,314.0,23.69
2023-02-05 09:45:00,7.26,314.0,23.75
2023-02-05 09:50:00,7.05,314.0,23.75
2023-02-05 09:55:00,7.175,314.0,23.75
2023-02-05 10:00:00,6.5,314.0,23.75
2023-02-05 10:05:00,7.01,314.0,23.75
2023-02-05 10:10:00,7.25,314.0,23.81
2023-02-05 10:15:00,7.24,314.0,23.81
2023-02-05 10:20:00,7.03,314.0,23.81
2023-02-05 10:25:00,6.94,314.0,23.88
2023-02-05 10:30:00,6.92,314.0,23.88
2023-02-05 10:35:00,6.74,314.0,23.94
2023-02-05 10:40:00,6.9399999999999995,314.0,23.94
2023-02-05 10:45:00,6.86,314.0,24.0
2023-02-05 10:50:00,6.6850000000000005,314.0,24.06
2023-02-05 10:55:00,6.96,314.0,24.06
2023-02-05 11:00:00,6.95,313.0,24.13
2023-02-05 11:05:00,6.785,313.0,24.13
2023-02-05 11:10:00,6.785,313.0,24.19
2023-02-05 11:15:00,6.93,313.0,24.19
2023-02-05 11:20:00,7.37,313.0,24.25
2023-02-05 11:25:00,6.609999999999999,313.0,24.25
2023-02-05 11:30:00,6.845000000000001,313.0,24.31
2023-02-05 11:35:00,7.08,313.0,24.31
2023-02-05 11:40:00,6.66,311.0,24.31
2023-02-05 11:45:00,6.26,311.0,24.38
2023-02-05 11:50:00,6.41,313.0,24.38
2023-02-05 11:55:00,6.32,313.0,24.44
2023-02-05 12:00:00,7.16,313.0,24.44
2023-02-05 12:05:00,6.38,313.0,24.44
2023-02-05 12:10:00,6.65,313.0,24.5
2023-02-05 12:15:00,6.6,313.0,24.5
2023-02-05 12:20:00,6.21,313.0,24.5
2023-02-05 12:25:00,7.07,313.0,24.5
2023-02-05 12:30:00,6.1850000000000005,313.0,24.56
2023-02-05 12:35:00,6.165,313.0,24.56
2023-02-05 12:40:00,6.3100000000000005,313.0,24.56
2023-02-05 12:45:00,6.545,313.0,24.56
2023-02-05 12:50:00,7.065,313.0,24.595
2023-02-05 12:55:00,6.42,313.0,24.63
2023-02-05 13:00:00,7.01,315.0,24.63
2023-02-05 13:05:00,6.29,313.0,24.69
2023-02-05 13:10:00,6.46,313.0,24.69
2023-02-05 13:15:00,6.58,315.0,24.69
2023-02-05 13:20:00,6.515,315.0,24.69
2023-02-05 13:25:00,6.75,315.0,24.75
2023-02-05 13:30:00,6.36,315.0,24.75
2023-02-05 13:35:00,6.07,315.0,24.75
2023-02-05 13:40:00,6.13,315.0,24.75
2023-02-05 13:45:00,6.48,315.0,24.81
2023-02-05 13:50:00,6.145,317.0,24.81
2023-02-05 13:55:00,6.8,315.0,24.81
2023-02-05 14:00:00,6.155,315.0,24.81
2023-02-05 14:05:00,6.605,315.5,24.88
2023-02-05 14:10:00,6.12,316.0,24.88
2023-02-05 14:15:00,6.37,316.0,24.88
2023-02-05 14:20:00,6.46,316.0,24.88
2023-02-05 14:25:00,6.855,316.0,24.94
2023-02-05 14:30:00,6.734999999999999,316.0,24.94
2023-02-05 14:35:00,6.36,316.0,24.94
2023-02-05 14:40:00,6.375,316.0,24.94
2023-02-05 14:45:00,6.105,318.0,24.94
2023-02-05 14:50:00,6.41,318.0,24.94
2023-02-05 14:55:00,6.585,318.0,24.94
2023-02-05 15:00:00,6.165,318.0,24.94
2023-02-05 15:05:00,6.44,318.0,25.0
2023-02-05 15:10:00,6.125,318.0,25.0
2023-02-05 15:15:00,6.41,318.0,25.0
2023-02-05 15:20:00,6.02,318.0,25.0
2023-02-05 15:25:00,6.28,318.0,25.0
2023-02-05 15:30:00,6.4,318.0,25.06
2023-02-05 15:35:00,6.52,320.0,25.06
2023-02-05 15:40:00,6.22,320.0,25.06
2023-02-05 15:45:00,6.33,320.0,25.06
2023-02-05 15:50:00,6.645,320.0,25.06
2023-02-05 15:55:00,6.41,320.0,25.06
2023-02-05 16:00:00,5.91,320.0,25.06
2023-02-05 16:05:00,6.035,320.0,25.06
2023-02-05 16:10:00,6.085,320.0,25.06
2023-02-05 16:15:00,6.4350000000000005,320.0,25.06
2023-02-05 16:20:00,6.355,320.0,25.06
2023-02-05 16:25:00,6.1,320.0,25.06
2023-02-05 16:30:00,6.175000000000001,320.0,25.06
2023-02-05 16:35:00,6.32,320.0,25.06
2023-02-05 16:40:00,6.445,320.0,25.06
2023-02-05 16:45:00,6.04,324.0,25.06
2023-02-05 16:50:00,6.32,320.0,25.06
2023-02-05 16:55:00,6.18,324.0,25.06
2023-02-05 17:00:00,6.34,322.0,25.06
2023-02-05 17:05:00,6.45,324.0,25.0
2023-02-05 17:10:00,6.1899999999999995,324.0,25.0
2023-02-05 17:15:00,6.13,324.0,25.0
2023-02-05 17:20:00,6.01,324.0,25.0
2023-02-05 17:25:00,6.455,324.0,25.0
2023-02-05 17:30:00,6.225,324.0,25.0
2023-02-05 17:35:00,6.48,324.0,25.0
2023-02-05 17:40:00,6.26,324.0,25.0
2023-02-05 17:45:00,6.8,324.0,24.94
2023-02-05 17:50:00,6.545,324.0,24.94
2023-02-05 17:55:00,6.36,324.0,24.94
2023-02-05 18:00:00,6.3,324.0,24.94
2023-02-05 18:05:00,6.265,324.0,24.94
2023-02-05 18:10:00,5.95,326.0,24.94
2023-02-05 18:15:00,6.38,324.0,24.94
2023-02-05 18:20:00,6.574999999999999,324.0,24.94
2023-02-05 18:25:00,6.33,324.0,24.88
2023-02-05 18:30:00,6.59,324.0,24.88
2023-02-05 18:35:00,6.41,324.0,24.88
2023-02-05 18:40:00,5.98,324.0,24.88
2023-02-05 18:45:00,6.16,324.0,24.88
2023-02-05 18:50:00,6.265,324.0,24.88
2023-02-05 18:55:00,6.17,324.0,24.88
2023-02-05 19:00:00,6.175000000000001,324.0,24.88
2023-02-05 19:05:00,6.359999999999999,324.0,24.81
2023-02-05 19:10:00,6.645,324.0,24.81
2023-02-05 19:15:00,6.154999999999999,324.0,24.81
2023-02-05 19:20:00,6.55,324.0,24.81
2023-02-05 19:25:00,6.21,324.0,24.81
2023-02-05 19:30:00,6.38,324.0,24.81
2023-02-05 19:35:00,6.06,324.0,24.75
2023-02-05 19:40:00,6.1850000000000005,325.0,24.75
2023-02-05 19:45:00,6.52,324.0,24.75
2023-02-05 19:50:00,6.27,324.0,24.75
2023-02-05 19:55:00,6.24,326.0,24.75
2023-02-05 20:00:00,6.22,324.0,24.75
2023-02-05 20:05:00,6.29,324.0,24.75
2023-02-05 20:10:00,6.515000000000001,324.0,24.69
2023-02-05 20:15:00,6.75,326.0,24.69
2023-02-05 20:20:00,6.055,324.0,24.69
2023-02-05 20:25:00,6.73,324.0,24.69
2023-02-05 20:30:00,6.65,324.0,24.69
2023-02-05 20:35:00,6.365,324.0,24.69
2023-02-05 20:40:00,6.245,324.0,24.69
2023-02-05 20:45:00,6.23,324.0,24.63
2023-02-05 20:50:00,6.3,324.0,24.63
2023-02-05 20:55:00,6.0,324.0,24.63
2023-02-05 21:00:00,6.34,326.0,24.63
2023-02-05 21:05:00,6.53,324.0,24.63
2023-02-05 21:10:00,6.625,324.0,24.63
2023-02-05 21:15:00,6.12,324.0,24.63
2023-02-05 21:20:00,6.54,324.0,24.56
2023-02-05 21:25:00,6.345000000000001,324.0,24.56
2023-02-05 21:30:00,6.380000000000001,324.0,24.56
2023-02-05 21:35:00,6.43,324.0,24.56
2023-02-05 21:40:00,6.335,324.0,24.56
2023-02-05 21:45:00,6.43,324.0,24.56
2023-02-05 21:50:00,6.4,324.0,24.56
2023-02-05 21:55:00,6.56,324.0,24.56
2023-02-05 22:00:00,6.5,324.0,24.5
2023-02-05 22:05:00,6.205,325.0,24.5
2023-02-05 22:10:00,6.25,325.0,24.5
2023-02-05 22:15:00,6.48,325.0,24.5
2023-02-05 22:20:00,6.404999999999999,325.0,24.5
2023-02-05 22:25:00,6.35,325.0,24.5
2023-02-05 22:30:00,6.109999999999999,325.0,24.5
2023-02-05 22:35:00,6.4350000000000005,325.0,24.5
2023-02-05 22:40:00,6.47,325.0,24.5
2023-02-05 22:45:00,6.51,325.0,24.5
2023-02-05 22:50:00,6.54,325.0,24.5
2023-02-05 22:55:00,6.4350000000000005,325.0,24.44
2023-02-05 23:00:00,6.69,325.0,24.44
2023-02-05 23:05:00,6.6850000000000005,325.0,24.44
2023-02-05 23:10:00,6.48,325.0,24.44
2023-02-05 23:15:00,6.44,325.0,24.44
2023-02-05 23:20:00,6.3149999999999995,325.0,24.44
2023-02-05 23:25:00,6.34,325.0,24.44
2023-02-05 23:30:00,6.4399999999999995,325.0,24.44
2023-02-05 23:35:00,6.39,325.0,24.44
2023-02-05 23:40:00,6.42,325.0,24.44
2023-02-05 23:45:00,6.67,325.0,24.38
2023-02-05 23:50:00,6.19,325.0,24.38
2023-02-05 23:55:00,6.41,325.0,24.38
2023-02-06 00:00:00,6.32,325.0,24.38
2023-02-06 00:05:00,6.6,325.0,24.38
2023-02-06 00:10:00,6.43,325.0,24.38
2023-02-06 00:15:00,6.404999999999999,325.0,24.38
2023-02-06 00:20:00,6.470000000000001,325.0,24.38
2023-02-06 00:25:00,6.175000000000001,325.0,24.38
2023-02-06 00:30:00,6.61,325.0,24.38
2023-02-06 00:35:00,6.42,325.0,24.31
2023-02-06 00:40:00,6.25,325.0,24.31
2023-02-06 00:45:00,6.395,325.0,24.31
2023-02-06 00:50:00,6.32,325.0,24.31
2023-02-06 00:55:00,6.355,325.0,24.31
2023-02-06 01:00:00,6.3149999999999995,323.0,24.31
2023-02-06 01:05:00,6.49,325.0,24.31
2023-02-06 01:10:00,6.37,325.0,24.31
2023-02-06 01:15:00,6.515000000000001,325.0,24.31
2023-02-06 01:20:00,6.51,325.0,24.31
2023-02-06 01:25:00,6.4,325.0,24.31
2023-02-06 01:30:00,6.775,325.0,24.25
2023-02-06 01:35:00,6.5,325.0,24.25
2023-02-06 01:40:00,6.24,321.0,24.25
2023-02-06 01:45:00,6.46,321.0,24.25
2023-02-06 01:50:00,6.3100000000000005,325.0,24.25
2023-02-06 01:55:00,6.62,325.0,24.25
2023-02-06 02:00:00,6.52,325.0,24.25
2023-02-06 02:05:00,6.47,325.0,24.25
2023-02-06 02:10:00,6.35,325.0,24.25
2023-02-06 02:15:00,6.75,321.0,24.25
2023-02-06 02:20:00,6.525,325.0,24.19
2023-02-06 02:25:00,6.43,325.0,24.19
2023-02-06 02:30:00,6.61,325.0,24.19
2023-02-06 02:35:00,6.47,325.0,24.19
2023-02-06 02:40:00,6.33,325.0,24.19
2023-02-06 02:45:00,6.42,325.0,24.19
2023-02-06 02:50:00,6.44,325.0,24.19
2023-02-06 02:55:00,6.47,325.0,24.19
2023-02-06 03:00:00,6.550000000000001,325.0,24.19
2023-02-06 03:05:00,6.44,325.0,24.19
2023-02-06 03:10:00,6.53,325.0,24.19
2023-02-06 03:15:00,6.38,325.0,24.13
2023-02-06 03:20:00,6.32,325.0,24.13
2023-02-06 03:25:00,6.5,321.0,24.13
2023-02-06 03:30:00,6.65,321.0,24.13
2023-02-06 03:35:00,6.33,325.0,24.13
2023-02-06 03:40:00,6.245,321.0,24.13
2023-02-06 03:45:00,6.47,325.0,24.13
2023-02-06 03:50:00,6.59,321.0,24.13
2023-02-06 03:55:00,6.46,325.0,24.13
2023-02-06 04:00:00,6.37,321.0,24.13
2023-02-06 04:05:00,6.53,321.0,24.06
2023-02-06 04:10:00,6.45,321.0,24.06
2023-02-06 04:15:00,6.24,325.0,24.06
2023-02-06 04:20:00,6.43,321.0,24.06
2023-02-06 04:25:00,6.145,325.0,24.06
2023-02-06 04:30:00,6.36,321.0,24.06
2023-02-06 04:35:00,6.43,325.0,24.06
2023-02-06 04:40:00,6.58,321.0,24.06
2023-02-06 04:45:00,6.545,321.0,24.06
2023-02-06 04:50:00,6.49,321.0,24.06
2023-02-06 04:55:00,6.475,321.0,24.06
2023-02-06 05:00:00,6.55,321.0,24.06
2023-02-06 05:05:00,6.43,321.0,24.0
2023-02-06 05:10:00,6.58,321.0,24.0
2023-02-06 05:15:00,6.43,321.0,24.0
2023-02-06 05:20:00,6.6850000000000005,321.0,24.0
2023-02-06 05:25:00,6.42,321.0,24.0
2023-02-06 05:30:00,6.46,321.0,24.0
2023-02-06 05:35:00,6.595000000000001,321.0,24.0
2023-02-06 05:40:00,6.48,321.0,24.0
2023-02-06 05:45:00,6.395,321.0,24.0
2023-02-06 05:50:00,6.285,321.0,23.94
2023-02-06 05:55:00,6.55,321.0,23.94
2023-02-06 06:00:00,6.48,321.0,23.94
2023-02-06 06:05:00,6.54,321.0,23.94
2023-02-06 06:10:00,6.5649999999999995,321.0,23.94
2023-02-06 06:15:00,6.41,321.0,23.94
2023-02-06 06:20:00,6.47,325.0,23.94
2023-02-06 06:25:00,6.71,325.0,23.94
2023-02-06 06:30:00,6.295,321.0,23.94
2023-02-06 06:35:00,6.195,321.0,23.94
2023-02-06 06:40:00,6.66,321.0,23.94
2023-02-06 06:45:00,6.61,321.0,23.88
2023-02-06 06:50:00,6.555,321.0,23.88
2023-02-06 06:55:00,6.529999999999999,321.0,23.88
2023-02-06 07:00:00,6.51,321.0,23.88
2023-02-06 07:05:00,6.495,325.0,23.88
2023-02-06 07:10:00,6.44,325.0,23.88
2023-02-06 07:15:00,6.35,321.0,23.88
2023-02-06 07:20:00,6.4,321.0,23.88
2023-02-06 07:25:00,6.4399999999999995,321.0,23.88
2023-02-06 07:30:00,6.505,321.0,23.88
2023-02-06 07:35:00,6.279999999999999,321.0,23.88
2023-02-06 07:40:00,6.49,321.0,23.88
2023-02-06 07:45:00,6.65,321.0,23.88
2023-02-06 07:50:00,6.55,321.0,23.88
2023-02-06 07:55:00,6.46,321.0,23.88
2023-02-06 08:00:00,6.45,321.0,23.88
2023-02-06 08:05:00,6.56,325.0,23.88
2023-02-06 08:10:00,6.49,325.0,23.88
2023-02-06 08:15:00,6.545,321.0,23.88
2023-02-06 08:20:00,6.55,321.0,23.88
2023-02-06 08:25:00,6.6,321.0,23.88
2023-02-06 08:30:00,6.5,321.0,23.88
2023-02-06 08:35:00,6.494999999999999,323.0,23.88
2023-02-06 08:40:00,6.415,321.0,23.88
2023-02-06 08:45:00,6.574999999999999,321.0,23.94
2023-02-06 08:50:00,6.51,321.0,23.94
2023-02-06 08:55:00,6.51,321.0,23.94
2023-02-06 09:00:00,6.335,321.0,23.94
2023-02-06 09:05:00,6.47,321.0,24.0
2023-02-06 09:10:00,6.53,321.0,24.0
2023-02-06 09:15:00,6.66,319.0,24.0
2023-02-06 09:20:00,6.41,319.0,24.0
2023-02-06 09:25:00,6.5,317.0,24.06
2023-02-06 09:30:00,6.16,319.0,24.06
2023-02-06 09:35:00,6.56,319.0,24.06
2023-02-06 09:40:00,6.5,319.0,24.06
2023-02-06 09:45:00,6.4,319.0,24.13
2023-02-06 09:50:00,6.27,319.0,24.13
2023-02-06 09:55:00,6.35,319.0,24.13
2023-02-06 10:00:00,6.405,317.0,24.13
2023-02-06 10:05:00,6.53,317.0,24.13
2023-02-06 10:10:00,6.44,317.0,24.13
2023-02-06 10:15:00,6.455,318.0,24.19
2023-02-06 10:20:00,6.39,318.0,24.19
2023-02-06 10:25:00,6.16,317.0,24.19
2023-02-06 10:30:00,6.535,319.0,24.19
2023-02-06 10:35:00,6.06,317.0,24.25
2023-02-06 10:40:00,6.32,317.0,24.25
2023-02-06 10:45:00,6.52,317.0,24.25
2023-02-06 10:50:00,6.57,319.0,24.25
2023-02-06 10:55:00,5.890000000000001,319.0,24.25
2023-02-06 11:00:00,6.47,317.0,24.31
2023-02-06 11:05:00,6.17,319.0,24.31
2023-02-06 11:10:00,6.47,315.0,24.31
2023-02-06 11:15:00,6.5,317.0,24.38
2023-02-06 11:20:00,6.07,317.0,24.38
2023-02-06 11:25:00,6.475,319.0,24.38
2023-02-06 11:30:00,6.475,317.0,24.38
2023-02-06 11:35:00,6.225,317.0,24.38
2023-02-06 11:40:00,6.355,319.0,24.44
2023-02-06 11:45:00,6.21,319.0,24.44
2023-02-06 11:50:00,6.470000000000001,319.0,24.44
2023-02-06 11:55:00,5.85,321.0,24.44
2023-02-06 12:00:00,6.07,319.0,24.44
2023-02-06 12:05:00,6.21,320.0,24.44
2023-02-06 12:10:00,,,
2023-02-06 12:15:00,,,
2023-02-06 12:20:00,5.82,321.0,24.44
2023-02-06 12:25:00,6.4350000000000005,320.0,24.44
2023-02-06 12:30:00,6.574999999999999,514.5,24.47
2023-02-06 12:35:00,,,
2023-02-06 12:40:00,,,
2023-02-06 12:45:00,,,
2023-02-06 12:50:00,6.165,324.0,24.5
2023-02-06 12:55:00,6.21,323.5,24.5
2023-02-06 13:00:00,,,
2023-02-06 13:05:00,6.63,327.0,24.5
2023-02-06 13:10:00,5.82,324.0,24.5
2023-02-06 13:15:00,5.87,321.0,24.56
2023-02-06 13:20:00,,,
2023-02-06 13:25:00,6.96,321.0,24.56
2023-02-06 13:30:00,6.9,321.0,24.63
2023-02-06 13:35:00,6.94,321.0,24.63
2023-02-06 13:40:00,6.51,320.0,24.69
2023-02-06 13:45:00,6.225,320.0,24.69
2023-02-06 13:50:00,6.96,322.0,24.69
2023-02-06 13:55:00,6.220000000000001,324.0,24.75
2023-02-06 14:00:00,7.09,324.0,24.75
2023-02-06 14:05:00,5.875,324.0,24.78
2023-02-06 14:10:00,6.39,324.0,24.81
2023-02-06 14:15:00,6.095000000000001,326.0,24.81
2023-02-06 14:20:00,6.359999999999999,319.0,24.88
2023-02-06 14:25:00,,,
2023-02-06 14:30:00,,,
2023-02-06 14:35:00,6.675000000000001,524.5,24.91
2023-02-06 14:40:00,6.09,324.0,24.94
2023-02-06 14:45:00,6.12,324.0,24.94
2023-02-06 14:50:00,6.87,324.0,24.94
2023-02-06 14:55:00,6.835,324.0,24.94
2023-02-06 15:00:00,6.16,324.0,25.0
2023-02-06 15:05:00,6.955,325.0,25.0
2023-02-06 15:10:00,6.72,324.0,25.0
2023-02-06 15:15:00,7.29,324.0,25.0
2023-02-06 15:20:00,6.95,324.0,25.0
2023-02-06 15:25:00,6.68,324.0,25.06
2023-02-06 15:30:00,6.87,324.0,25.06
2023-02-06 15:35:00,6.56,326.0,25.06
2023-02-06 15:40:00,6.66,324.0,25.06
2023-02-06 15:45:00,6.32,326.0,25.13
2023-02-06 15:50:00,6.63,326.0,25.13
2023-02-06 15:55:00,7.14,324.0,25.13
2023-02-06 16:00:00,6.970000000000001,325.0,25.13
2023-02-06 16:05:00,7.28,326.0,25.13
2023-02-06 16:10:00,6.34,326.0,25.13
2023-02-06 16:15:00,6.18,328.0,25.19
2023-02-06 16:20:00,,,
2023-02-06 16:25:00,,,
2023-02-06 16:30:00,6.539999999999999,328.0,25.19
2023-02-06 16:35:00,7.005000000000001,330.0,25.19
2023-02-06 16:40:00,6.225,328.0,25.19
2023-02-06 16:45:00,6.36,330.0,25.25
2023-02-06 16:50:00,6.49,330.0,25.25
2023-02-06 16:55:00,6.475,330.0,25.25
2023-02-06 17:00:00,6.404999999999999,331.0,25.25
2023-02-06 17:05:00,7.1,330.0,25.25
2023-02-06 17:10:00,6.6,747.0,25.25
2023-02-06 17:15:00,6.65,330.0,25.25
2023-02-06 17:20:00,7.17,330.0,25.25
2023-02-06 17:25:00,6.8100000000000005,330.0,25.25
2023-02-06 17:30:00,7.02,330.0,25.25
2023-02-06 17:35:00,6.69,330.0,25.25
2023-02-06 17:40:00,7.03,330.0,25.25
2023-02-06 17:45:00,7.38,330.0,25.25
2023-02-06 17:50:00,6.88,330.0,25.25
2023-02-06 17:55:00,6.79,331.0,25.25
2023-02-06 18:00:00,7.305,331.0,25.25
2023-02-06 18:05:00,7.115,331.0,25.25
2023-02-06 18:10:00,6.99,330.0,25.25
2023-02-06 18:15:00,6.705,330.0,25.25
2023-02-06 18:20:00,7.05,331.0,25.25
2023-02-06 18:25:00,7.46,331.0,25.25
2023-02-06 18:30:00,6.77,331.0,25.25
2023-02-06 18:35:00,6.88,331.0,25.25
2023-02-06 18:40:00,7.15,331.0,25.25
2023-02-06 18:45:00,7.355,331.0,25.25
2023-02-06 18:50:00,7.45,331.0,25.25
2023-02-06 18:55:00,7.02,330.0,25.25
2023-02-06 19:00:00,7.01,330.0,25.25
2023-02-06 19:05:00,7.275,331.0,25.25
2023-02-06 19:10:00,7.12,331.0,25.25
2023-02-06 19:15:00,7.025,330.5,25.25
2023-02-06 19:20:00,6.94,331.0,25.25
2023-02-06 19:25:00,7.165,331.0,25.25
2023-02-06 19:30:00,7.0,333.0,25.25
2023-02-06 19:35:00,7.055,331.0,25.25
2023-02-06 19:40:00,7.01,331.0,25.25
2023-02-06 19:45:00,7.05,331.0,25.25
2023-02-06 19:50:00,7.65,331.0,25.25
2023-02-06 19:55:00,7.05,331.0,25.25
2023-02-06 20:00:00,7.54,331.0,25.19
2023-02-06 20:05:00,7.14,332.0,25.19
2023-02-06 20:10:00,7.21,331.5,25.19
2023-02-06 20:15:00,7.08,331.0,25.19
2023-02-06 20:20:00,7.13,332.0,25.19
2023-02-06 20:25:00,7.03,332.0,25.19
2023-02-06 20:30:00,7.06,332.0,25.19
2023-02-06 20:35:00,7.46,332.0,25.19
2023-02-06 20:40:00,7.43,332.0,25.19
2023-02-06 20:45:00,7.45,332.0,25.19
2023-02-06 20:50:00,7.585,332.0,25.19
2023-02-06 20:55:00,7.445,332.0,25.19
2023-02-06 21:00:00,7.74,332.0,25.19
2023-02-06 21:05:00,7.43,332.0,25.19
2023-02-06 21:10:00,7.42,332.0,25.19
2023-02-06 21:15:00,7.83,332.0,25.19
2023-02-06 21:20:00,7.57,332.0,25.19
2023-02-06 21:25:00,7.275,332.0,25.19
2023-02-06 21:30:00,7.08,332.0,25.13
2023-02-06 21:35:00,7.27,332.0,25.13
2023-02-06 21:40:00,7.295,332.0,25.13
2023-02-06 21:45:00,7.24,332.0,25.13
2023-02-06 21:50:00,7.385,332.0,25.13
2023-02-06 21:55:00,7.44,332.0,25.13
2023-02-06 22:00:00,7.69,332.0,25.13
2023-02-06 22:05:00,7.25,332.0,25.13
2023-02-06 22:10:00,7.5,332.0,25.13
2023-02-06 22:15:00,7.675,332.0,25.13
2023-02-06 22:20:00,7.7,332.0,25.13
2023-02-06 22:25:00,7.37,332.0,25.13
2023-02-06 22:30:00,7.45,332.0,25.06
2023-02-06 22:35:00,7.625,332.0,25.06
2023-02-06 22:40:00,7.13,332.0,25.06
2023-02-06 22:45:00,7.64,332.0,25.06
2023-02-06 22:50:00,7.73,332.0,25.06
2023-02-06 22:55:00,7.54,332.0,25.06
2023-02-06 23:00:00,7.58,332.0,25.06
2023-02-06 23:05:00,7.69,332.0,25.06
2023-02-06 23:10:00,7.65,334.0,25.06
2023-02-06 23:15:00,7.38,332.0,25.0
2023-02-06 23:20:00,7.53,332.0,25.0
2023-02-06 23:25:00,7.904999999999999,332.0,25.0
2023-02-06 23:30:00,7.885,334.0,25.0
2023-02-06 23:35:00,7.7,332.0,25.0
2023-02-06 23:40:00,7.82,332.0,25.0
2023-02-06 23:45:00,7.9350000000000005,332.0,25.0
2023-02-06 23:50:00,7.31,332.0,25.0
2023-02-06 23:55:00,7.47,332.0,25.0
2023-02-07 00:00:00,7.94,332.0,24.94
2023-02-07 00:05:00,7.82,332.0,24.94
2023-02-07 00:10:00,7.635,332.0,24.94
2023-02-07 00:15:00,7.5,332.0,24.94
2023-02-07 00:20:00,7.695,332.0,24.94
2023-02-07 00:25:00,7.734999999999999,332.0,24.94
2023-02-07 00:30:00,8.08,332.0,24.94
2023-02-07 00:35:00,7.77,332.0,24.88
2023-02-07 00:40:00,7.82,332.0,24.88
2023-02-07 00:45:00,7.88,332.0,24.88
2023-02-07 00:50:00,7.75,332.0,24.88
2023-02-07 00:55:00,7.8149999999999995,332.0,24.88
2023-02-07 01:00:00,7.725,332.0,24.88
2023-02-07 01:05:00,7.73,332.0,24.88
2023-02-07 01:10:00,8.065,332.0,24.88
2023-02-07 01:15:00,7.545,332.0,24.88
2023-02-07 01:20:00,8.13,332.0,24.81
2023-02-07 01:25:00,7.94,332.0,24.81
2023-02-07 01:30:00,7.97,332.0,24.81
2023-02-07 01:35:00,7.95,332.0,24.81
2023-02-07 01:40:00,8.024999999999999,332.0,24.81
2023-02-07 01:45:00,8.05,332.0,24.81
2023-02-07 01:50:00,7.95,332.0,24.75
2023-02-07 01:55:00,8.13,332.0,24.75
2023-02-07 02:00:00,8.23,332.0,24.75
2023-02-07 02:05:00,8.31,332.0,24.75
2023-02-07 02:10:00,7.82,332.0,24.75
2023-02-07 02:15:00,8.165,332.0,24.69
2023-02-07 02:20:00,7.885,332.0,24.69
2023-02-07 02:25:00,8.21,332.0,24.69
2023-02-07 02:30:00,7.78,330.0,24.69
2023-02-07 02:35:00,8.145,332.0,24.69
2023-02-07 02:40:00,7.970000000000001,332.0,24.63
2023-02-07 02:45:00,7.94,330.0,24.63
2023-02-07 02:50:00,8.129999999999999,332.0,24.63
2023-02-07 02:55:00,8.0,330.0,24.63
2023-02-07 03:00:00,8.35,330.0,24.63
2023-02-07 03:05:00,8.1,330.0,24.56
2023-02-07 03:10:00,8.28,332.0,24.56
2023-02-07 03:15:00,8.33,330.0,24.56
2023-02-07 03:20:00,7.97,330.0,24.56
2023-02-07 03:25:00,8.4,330.0,24.5
2023-02-07 03:30:00,8.11,330.0,24.5
2023-02-07 03:35:00,8.125,330.0,24.5
2023-02-07 03:40:00,8.11,330.0,24.5
2023-02-07 03:45:00,8.245000000000001,330.0,24.5
2023-02-07 03:50:00,8.48,330.0,24.5
2023-02-07 03:55:00,7.97,330.0,24.44
2023-02-07 04:00:00,8.21,331.0,24.44
2023-02-07 04:05:00,7.95,331.0,24.44
2023-02-07 04:10:00,8.47,331.0,24.44
2023-02-07 04:15:00,8.57,331.0,24.44
2023-02-07 04:20:00,8.465,331.0,24.44
2023-02-07 04:25:00,8.75,331.0,24.38
2023-02-07 04:30:00,8.14,331.0,24.38
2023-02-07 04:35:00,8.11,331.0,24.38
2023-02-07 04:40:00,8.44,331.0,24.38
2023-02-07 04:45:00,8.16,331.0,24.38
2023-02-07 04:50:00,8.575,331.0,24.38
2023-02-07 04:55:00,8.36,331.0,24.31
2023-02-07 05:00:00,8.41,331.0,24.31
2023-02-07 05:05:00,8.225,331.0,24.31
2023-02-07 05:10:00,8.18,331.0,24.31
2023-02-07 05:15:00,8.25,331.0,24.31
2023-02-07 05:20:00,8.42,331.0,24.31
2023-02-07 05:25:00,8.4,331.0,24.31
2023-02-07 05:30:00,8.555,331.0,24.31
2023-02-07 05:35:00,8.2,329.0,24.25
2023-02-07 05:40:00,8.51,331.0,24.25
2023-02-07 05:45:00,8.225,331.0,24.25
2023-02-07 05:50:00,8.504999999999999,329.0,24.25
2023-02-07 05:55:00,8.635,331.0,24.25
2023-02-07 06:00:00,8.46,329.0,24.25
2023-02-07 06:05:00,8.809999999999999,329.0,24.25
2023-02-07 06:10:00,8.149999999999999,329.0,24.25
2023-02-07 06:15:00,8.5,329.0,24.19
2023-02-07 06:20:00,8.35,329.0,24.19
2023-02-07 06:25:00,8.07,329.0,24.19
2023-02-07 06:30:00,8.46,331.0,24.19
2023-02-07 06:35:00,8.46,331.0,24.19
2023-02-07 06:40:00,8.895,331.0,24.19
2023-02-07 06:45:00,8.265,331.0,24.19
2023-02-07 06:50:00,8.08,331.0,24.19
2023-02-07 06:55:00,8.36,329.0,24.19
2023-02-07 07:00:00,8.68,331.0,24.19
2023-02-07 07:05:00,8.49,331.0,24.19
2023-02-07 07:10:00,8.25,329.0,24.19
2023-02-07 07:15:00,8.65,329.0,24.19
2023-02-07 07:20:00,8.56,331.0,24.19
2023-02-07 07:25:00,8.33,331.0,24.19
2023-02-07 07:30:00,8.175,331.0,24.19
2023-02-07 07:35:00,8.11,331.0,24.19
2023-02-07 07:40:00,8.375,329.0,24.19
2023-02-07 07:45:00,8.25,331.0,24.19
2023-02-07 07:50:00,8.379999999999999,331.0,24.25
2023-02-07 07:55:00,8.45,331.0,24.25
2023-02-07 08:00:00,8.19,331.0,24.25
2023-02-07 08:05:00,8.25,331.0,24.25
2023-02-07 08:10:00,8.67,331.0,24.25
2023-02-07 08:15:00,8.5,331.0,24.31
2023-02-07 08:20:00,8.64,331.0,24.31
2023-02-07 08:25:00,8.205,331.0,24.31
2023-02-07 08:30:00,8.16,331.0,24.31
2023-02-07 08:35:00,8.03,331.0,24.31
2023-02-07 08:40:00,8.21,331.0,24.38
2023-02-07 08:45:00,8.614999999999998,331.0,24.38
2023-02-07 08:50:00,8.32,331.0,24.38
2023-02-07 08:55:00,8.26,331.0,24.44
2023-02-07 09:00:00,8.5,331.0,24.44
2023-02-07 09:05:00,8.545,331.0,24.44
2023-02-07 09:10:00,8.325,330.0,24.5
2023-02-07 09:15:00,8.14,330.0,24.5
2023-02-07 09:20:00,8.66,328.0,24.5
2023-02-07 09:25:00,8.5,330.0,24.56
2023-02-07 09:30:00,8.225,328.0,24.56
2023-02-07 09:35:00,8.18,328.0,24.63
2023-02-07 09:40:00,8.375,328.0,24.63
2023-02-07 09:45:00,8.33,328.0,24.69
2023-02-07 09:50:00,9.02,328.0,24.69
2023-02-07 09:55:00,8.67,328.0,24.75
2023-02-07 10:00:00,8.745,328.0,24.81
2023-02-07 10:05:00,8.66,328.0,24.81
2023-02-07 10:10:00,8.370000000000001,328.0,24.81
2023-02-07 10:15:00,8.225000000000001,328.0,24.88
2023-02-07 10:20:00,8.41,328.0,24.94
2023-02-07 10:25:00,8.65,328.0,24.94
2023-02-07 10:30:00,8.14,328.0,24.94
2023-02-07 10:35:00,8.83,328.0,25.0
2023-02-07 10:40:00,8.5,328.0,25.06
2023-02-07 10:45:00,8.4,328.0,25.06
2023-02-07 10:50:00,8.375,328.0,25.06
2023-02-07 10:55:00,8.09,328.0,25.13
2023-02-07 11:00:00,8.55,328.0,25.13
2023-02-07 11:05:00,8.085,328.0,25.19
2023-02-07 11:10:00,8.69,328.0,25.19
2023-02-07 11:15:00,8.445,328.0,25.19
2023-02-07 11:20:00,8.805,328.0,25.25
2023-02-07 11:25:00,8.9,328.0,25.25
2023-02-07 11:30:00,8.355,327.0,25.25
2023-02-07 11:35:00,8.405,327.0,25.31
2023-02-07 11:40:00,8.05,327.0,25.31
2023-02-07 11:45:00,8.11,328.0,25.31
2023-02-07 11:50:00,7.87,329.0,25.38
2023-02-07 11:55:00,8.045,327.0,25.38
2023-02-07 12:00:00,8.08,329.0,25.38
2023-02-07 12:05:00,8.485,329.0,25.44
2023-02-07 12:10:00,8.425,327.0,25.44
2023-02-07 12:15:00,8.57,329.0,25.5
2023-02-07 12:20:00,8.45,327.0,25.5
2023-02-07 12:25:00,7.925000000000001,329.0,25.5
2023-02-07 12:30:00,8.445,328.0,25.56
2023-02-07 12:35:00,8.695,327.0,25.56
2023-02-07 12:40:00,8.12,329.0,25.63
2023-02-07 12:45:00,8.96,329.0,25.63
2023-02-07 12:50:00,8.24,329.0,25.63
2023-02-07 12:55:00,8.105,329.0,25.69
2023-02-07 13:00:00,8.43,329.0,25.69
2023-02-07 13:05:00,8.0,329.0,25.75
2023-02-07 13:10:00,8.395,327.0,25.75
2023-02-07 13:15:00,7.89,329.0,25.75
2023-02-07 13:20:00,7.94,329.0,25.81
2023-02-07 13:25:00,8.55,329.0,25.81
2023-02-07 13:30:00,8.14,329.0,25.81
2023-02-07 13:35:00,7.88,329.0,25.88
2023-02-07 13:40:00,7.81,329.0,25.88
2023-02-07 13:45:00,8.61,330.0,25.88
2023-02-07 13:50:00,7.91,330.0,25.94
2023-02-07 13:55:00,7.93,329.0,25.94
2023-02-07 14:00:00,8.28,329.0,25.94
2023-02-07 14:05:00,8.38,329.0,26.0
2023-02-07 14:10:00,7.875,330.0,26.0
2023-02-07 14:15:00,7.725,331.0,26.0
2023-02-07 14:20:00,8.03,331.0,26.0
2023-02-07 14:25:00,8.22,329.0,26.0
2023-02-07 14:30:00,7.99,330.0,26.06
2023-02-07 14:35:00,7.34,330.0,26.06
2023-02-07 14:40:00,7.65,332.0,26.06
2023-02-07 14:45:00,8.15,330.0,26.06
2023-02-07 14:50:00,7.405,330.0,26.06
2023-02-07 14:55:00,7.63,331.0,26.06
2023-02-07 15:00:00,8.18,332.0,26.06
2023-02-07 15:05:00,8.285,334.0,26.06
2023-02-07 15:10:00,7.99,332.0,26.06
2023-02-07 15:15:00,7.640000000000001,334.0,26.06
2023-02-07 15:20:00,8.31,332.0,26.06
2023-02-07 15:25:00,8.25,333.0,26.06
2023-02-07 15:30:00,7.91,334.0,26.06
2023-02-07 15:35:00,8.17,336.0,26.06
2023-02-07 15:40:00,7.83,334.0,26.06
2023-02-07 15:45:00,7.720000000000001,334.0,26.06
2023-02-07 15:50:00,7.695,334.0,26.06
2023-02-07 15:55:00,7.545,336.0,26.06
2023-02-07 16:00:00,8.27,334.0,26.06
2023-02-07 16:05:00,7.26,336.0,26.13
2023-02-07 16:10:00,7.55,338.0,26.13
2023-02-07 16:15:00,7.8,338.0,26.13
2023-02-07 16:20:00,8.015,338.0,26.13
2023-02-07 16:25:00,8.120000000000001,337.0,26.13
2023-02-07 16:30:00,7.93,338.0,26.13
2023-02-07 16:35:00,8.41,340.0,26.13
2023-02-07 16:40:00,8.01,338.0,26.13
2023-02-07 16:45:00,7.99,338.0,26.13
2023-02-07 16:50:00,7.390000000000001,340.0,26.13
2023-02-07 16:55:00,8.105,340.0,26.13
2023-02-07 17:00:00,8.19,554.5,26.13
2023-02-07 17:05:00,8.015,339.0,26.13
2023-02-07 17:10:00,7.38,340.0,26.13
2023-02-07 17:15:00,8.22,340.0,26.13
2023-02-07 17:20:00,7.52,342.0,26.13
2023-02-07 17:25:00,7.984999999999999,342.0,26.13
2023-02-07 17:30:00,7.86,340.0,26.13
2023-02-07 17:35:00,7.12,340.0,26.13
2023-02-07 17:40:00,7.23,340.0,26.13
2023-02-07 17:45:00,8.28,338.0,26.13
2023-02-07 17:50:00,8.105,341.0,26.13
2023-02-07 17:55:00,7.825,344.0,26.13
2023-02-07 18:00:00,7.23,340.0,26.13
2023-02-07 18:05:00,7.905,339.0,26.06
2023-02-07 18:10:00,,,
2023-02-07 18:15:00,7.73,339.0,26.06
2023-02-07 18:20:00,7.295,340.0,26.06
2023-02-07 18:25:00,7.76,338.0,26.06
2023-02-07 18:30:00,7.66,340.0,26.06
2023-02-07 18:35:00,6.83,340.0,26.06
2023-02-07 18:40:00,8.235,340.0,26.06
2023-02-07 18:45:00,7.665,341.0,26.095
2023-02-07 18:50:00,7.36,340.0,26.06
2023-02-07 18:55:00,7.935,343.0,26.06
2023-02-07 19:00:00,7.45,339.0,26.06
2023-02-07 19:05:00,,,
2023-02-07 19:10:00,7.2,340.0,26.06
2023-02-07 19:15:00,7.36,340.0,26.06
2023-02-07 19:20:00,7.9,340.0,26.06
2023-02-07 19:25:00,7.9,340.0,26.06
2023-02-07 19:30:00,7.29,340.0,26.06
2023-02-07 19:35:00,7.9,340.0,26.06
2023-02-07 19:40:00,7.19,340.0,26.06
2023-02-07 19:45:00,7.79,340.0,26.0
2023-02-07 19:50:00,7.6,340.0,26.0
2023-02-07 19:55:00,7.64,340.0,26.0
2023-02-07 20:00:00,7.62,340.0,26.0
2023-02-07 20:05:00,7.29,340.0,26.0
2023-02-07 20:10:00,7.79,340.0,26.0
2023-02-07 20:15:00,7.824999999999999,340.5,26.0
2023-02-07 20:20:00,7.895,340.0,25.94
2023-02-07 20:25:00,7.615,341.0,25.94
2023-02-07 20:30:00,7.52,341.0,25.94
2023-02-07 20:35:00,7.73,342.0,25.94
2023-02-07 20:40:00,7.55,341.0,25.94
2023-02-07 20:45:00,7.77,341.0,25.94
2023-02-07 20:50:00,7.58,341.0,25.88
2023-02-07 20:55:00,7.675,341.0,25.88
2023-02-07 21:00:00,7.66,343.0,25.88
2023-02-07 21:05:00,7.3,343.0,25.88
2023-02-07 21:10:00,7.37,343.0,25.88
2023-02-07 21:15:00,7.615,341.0,25.88
2023-02-07 21:20:00,7.19,341.0,25.88
2023-02-07 21:25:00,7.66,341.0,25.88
2023-02-07 21:30:00,7.275,343.0,25.81
2023-02-07 21:35:00,7.63,343.0,25.81
2023-02-07 21:40:00,7.34,342.0,25.81
2023-02-07 21:45:00,7.665,341.0,25.81
2023-02-07 21:50:00,7.59,341.0,25.81
2023-02-07 21:55:00,7.26,341.0,25.81
2023-02-07 22:00:00,7.59,343.0,25.81
2023-02-07 22:05:00,7.195,343.0,25.75
2023-02-07 22:10:00,7.369999999999999,341.0,25.75
2023-02-07 22:15:00,7.37,343.0,25.75
2023-02-07 22:20:00,7.49,343.0,25.75
2023-02-07 22:25:00,7.51,341.0,25.75
2023-02-07 22:30:00,7.67,341.0,25.75
2023-02-07 22:35:00,7.62,341.0,25.75
2023-02-07 22:40:00,7.68,341.0,25.75
2023-02-07 22:45:00,7.36,341.0,25.69
2023-02-07 22:50:00,7.47,341.0,25.69
2023-02-07 22:55:00,7.46,341.0,25.69
2023-02-07 23:00:00,7.4350000000000005,341.0,25.69
2023-02-07 23:05:00,7.42,341.0,25.69
2023-02-07 23:10:00,7.205,341.0,25.69
2023-02-07 23:15:00,7.43,341.0,25.63
2023-02-07 23:20:00,7.63,341.0,25.63
2023-02-07 23:25:00,7.65,341.0,25.63
2023-02-07 23:30:00,7.37,341.0,25.63
2023-02-07 23:35:00,7.585,341.0,25.63
2023-02-07 23:40:00,7.43,341.0,25.63
2023-02-07 23:45:00,7.8100000000000005,341.0,25.63
2023-02-07 23:50:00,7.6,341.0,25.56
2023-02-07 23:55:00,7.58,341.0,25.56
2023-02-08 00:00:00,7.81,341.0,25.56
2023-02-08 00:05:00,7.61,341.0,25.56
2023-02-08 00:10:00,7.425000000000001,341.0,25.56
2023-02-08 00:15:00,7.445,341.0,25.56
2023-02-08 00:20:00,7.83,341.0,25.5
2023-02-08 00:25:00,8.059999999999999,341.0,25.5
2023-02-08 00:30:00,7.675000000000001,341.0,25.5
2023-02-08 00:35:00,7.69,341.0,25.5
2023-02-08 00:40:00,7.64,341.0,25.5
2023-02-08 00:45:00,7.62,341.0,25.5
2023-02-08 00:50:00,7.59,341.0,25.5
2023-02-08 00:55:00,7.395,341.0,25.44
2023-02-08 01:00:00,7.45,341.0,25.44
2023-02-08 01:05:00,7.875,341.0,25.44
2023-02-08 01:10:00,7.62,341.0,25.44
2023-02-08 01:15:00,7.42,341.0,25.44
2023-02-08 01:20:00,7.465,341.0,25.38
2023-02-08 01:25:00,7.779999999999999,341.0,25.38
2023-02-08 01:30:00,7.59,341.0,25.38
2023-02-08 01:35:00,7.61,341.0,25.38
2023-02-08 01:40:00,7.66,341.0,25.38
2023-02-08 01:45:00,7.535,341.0,25.38
2023-02-08 01:50:00,7.715,341.0,25.31
2023-02-08 01:55:00,7.43,341.0,25.31
2023-02-08 02:00:00,7.62,341.0,25.31
2023-02-08 02:05:00,7.4,341.0,25.31
2023-02-08 02:10:00,7.69,341.0,25.31
2023-02-08 02:15:00,7.59,341.0,25.31
2023-02-08 02:20:00,7.555,341.0,25.25
2023-02-08 02:25:00,7.53,341.0,25.25
2023-02-08 02:30:00,7.66,341.0,25.25
2023-02-08 02:35:00,7.49,341.0,25.25
2023-02-08 02:40:00,7.82,341.0,25.25
2023-02-08 02:45:00,7.77,339.0,25.25
2023-02-08 02:50:00,7.86,339.0,25.19
2023-02-08 02:55:00,7.855,342.0,25.19
2023-02-08 03:00:00,7.67,339.0,25.19
2023-02-08 03:05:00,7.36,339.0,25.19
2023-02-08 03:10:00,7.94,339.0,25.19
2023-02-08 03:15:00,7.71,339.0,25.19
2023-02-08 03:20:00,7.890000000000001,340.0,25.13
2023-02-08 03:25:00,7.43,340.0,25.13
2023-02-08 03:30:00,7.79,340.0,25.13
2023-02-08 03:35:00,7.895,340.0,25.13
2023-02-08 03:40:00,7.76,340.0,25.13
2023-02-08 03:45:00,7.8149999999999995,340.0,25.06
2023-02-08 03:50:00,7.61,340.0,25.06
2023-02-08 03:55:00,7.75,340.0,25.06
2023-02-08 04:00:00,7.8,340.0,25.06
2023-02-08 04:05:00,7.5649999999999995,340.0,25.06
2023-02-08 04:10:00,7.9,340.0,25.06
2023-02-08 04:15:00,7.86,340.0,25.0
2023-02-08 04:20:00,7.93,340.0,25.0
2023-02-08 04:25:00,7.81,340.0,25.0
2023-02-08 04:30:00,7.62,340.0,25.0
2023-02-08 04:35:00,7.88,340.0,25.0
2023-02-08 04:40:00,7.72,340.0,25.0
2023-02-08 04:45:00,7.58,340.0,25.0
2023-02-08 04:50:00,7.525,340.0,25.0
2023-02-08 04:55:00,7.9399999999999995,340.0,24.94
2023-02-08 05:00:00,7.55,340.0,24.94
2023-02-08 05:05:00,7.94,340.0,24.94
2023-02-08 05:10:00,7.66,340.0,24.94
2023-02-08 05:15:00,7.71,340.0,24.94
2023-02-08 05:20:00,7.73,340.0,24.94
2023-02-08 05:25:00,7.895,340.0,24.94
2023-02-08 05:30:00,7.73,340.0,24.94
2023-02-08 05:35:00,7.76,340.0,24.88
2023-02-08 05:40:00,7.63,338.0,24.88
2023-02-08 05:45:00,7.59,340.0,24.88
2023-02-08 05:50:00,7.86,338.0,24.88
2023-02-08 05:55:00,7.574999999999999,340.0,24.88
2023-02-08 06:00:00,7.51,340.0,24.88
2023-02-08 06:05:00,8.06,338.0,24.81
2023-02-08 06:10:00,7.765000000000001,340.0,24.81
2023-02-08 06:15:00,7.5,338.0,24.81
2023-02-08 06:20:00,7.62,338.0,24.81
2023-02-08 06:25:00,7.84,338.0,24.81
2023-02-08 06:30:00,7.539999999999999,338.0,24.81
2023-02-08 06:35:00,7.545,338.0,24.81
2023-02-08 06:40:00,7.795,338.0,24.81
2023-02-08 06:45:00,7.51,338.0,24.75
2023-02-08 06:50:00,8.05,338.0,24.75
2023-02-08 06:55:00,7.79,338.0,24.75
2023-02-08 07:00:00,7.8,338.0,24.75
2023-02-08 07:05:00,7.66,340.0,24.75
2023-02-08 07:10:00,7.75,338.0,24.75
2023-02-08 07:15:00,7.96,338.0,24.75
2023-02-08 07:20:00,7.81,338.0,24.75
2023-02-08 07:25:00,7.23,338.0,24.75
2023-02-08 07:30:00,7.1,338.0,24.75
2023-02-08 07:35:00,8.004999999999999,340.0,24.75
2023-02-08 07:40:00,7.42,338.0,24.75
2023-02-08 07:45:00,7.99,338.0,24.75
2023-02-08 07:50:00,7.725,340.0,24.75
2023-02-08 07:55:00,7.64,340.0,24.75
2023-02-08 08:00:00,8.2,340.0,24.75
2023-02-08 08:05:00,7.71,340.0,24.75
2023-02-08 08:10:00,7.7,338.0,24.81
2023-02-08 08:15:00,7.074999999999999,340.0,24.81
2023-02-08 08:20:00,7.23,338.0,24.81
2023-02-08 08:25:00,7.74,340.0,24.81
2023-02-08 08:30:00,8.08,340.0,24.81
2023-02-08 08:35:00,7.52,341.0,24.81
2023-02-08 08:40:00,6.9,338.0,24.81
2023-02-08 08:45:00,7.45,340.0,24.845
2023-02-08 08:50:00,7.71,338.0,24.88
2023-02-08 08:55:00,7.485,339.0,24.88
2023-02-08 09:00:00,6.859999999999999,340.0,24.88
2023-02-08 09:05:00,6.91,340.0,24.88
2023-02-08 09:10:00,7.555,339.0,24.88
2023-02-08 09:15:00,6.43,340.0,24.88
2023-02-08 09:20:00,,,
2023-02-08 09:25:00,7.445,337.0,24.94
2023-02-08 09:30:00,6.775,337.0,24.94
2023-02-08 09:35:00,,,
2023-02-08 09:40:00,,,
2023-02-08 09:45:00,,,
2023-02-08 09:50:00,,,
2023-02-08 09:55:00,,,
2023-02-08 10:00:00,,,
2023-02-08 10:05:00,,,
2023-02-08 10:10:00,,,
2023-02-08 10:15:00,,,
2023-02-08 10:20:00,,,
2023-02-08 10:25:00,,,
2023-02-08 10:30:00,,,
2023-02-08 10:35:00,,,
2023-02-08 10:40:00,,,
2023-02-08 10:45:00,,,
2023-02-08 10:50:00,,,
2023-02-08 10:55:00,,,
2023-02-08 11:00:00,,,
2023-02-08 11:05:00,,,
2023-02-08 11:10:00,,,
2023-02-08 11:15:00,,,
2023-02-08 11:20:00,,,
2023-02-08 11:25:00,,,
2023-02-08 11:30:00,,,
2023-02-08 11:35:00,,,
2023-02-08 11:40:00,,,
2023-02-08 11:45:00,,,
2023-02-08 11:50:00,,,
2023-02-08 11:55:00,,,
2023-02-08 12:00:00,,,
2023-02-08 12:05:00,,,
2023-02-08 12:10:00,,,
2023-02-08 12:15:00,,,
2023-02-08 12:20:00,,,
2023-02-08 12:25:00,,,
2023-02-08 12:30:00,,,
2023-02-08 12:35:00,,,
2023-02-08 12:40:00,,,
2023-02-08 12:45:00,,,
2023-02-08 12:50:00,,,
2023-02-08 12:55:00,,,
2023-02-08 13:00:00,,,
2023-02-08 13:05:00,,,
2023-02-08 13:10:00,,,
2023-02-08 13:15:00,,,
2023-02-08 13:20:00,,,
2023-02-08 13:25:00,,,
2023-02-08 13:30:00,,,
2023-02-08 13:35:00,,,
2023-02-08 13:40:00,,,
2023-02-08 13:45:00,,,
2023-02-08 13:50:00,,,
2023-02-08 13:55:00,,,
2023-02-08 14:00:00,,,
2023-02-08 14:05:00,,,
2023-02-08 14:10:00,,,
2023-02-08 14:15:00,,,
2023-02-08 14:20:00,,,
2023-02-08 14:25:00,,,
2023-02-08 14:30:00,,,
2023-02-08 14:35:00,,,
2023-02-08 14:40:00,,,
2023-02-08 14:45:00,,,
2023-02-08 14:50:00,,,
2023-02-08 14:55:00,,,
2023-02-08 15:00:00,,,
2023-02-08 15:05:00,,,
2023-02-08 15:10:00,,,
2023-02-08 15:15:00,,,
2023-02-08 15:20:00,,,
2023-02-08 15:25:00,,,
2023-02-08 15:30:00,,,
2023-02-08 15:35:00,,,
2023-02-08 15:40:00,,,
2023-02-08 15:45:00,,,
2023-02-08 15:50:00,,,
2023-02-08 15:55:00,,,
2023-02-08 16:00:00,,,
2023-02-08 16:05:00,,,
2023-02-08 16:10:00,,,
2023-02-08 16:15:00,,,
2023-02-08 16:20:00,,,
2023-02-08 16:25:00,,,
2023-02-08 16:30:00,,,
2023-02-08 16:35:00,,,
2023-02-08 16:40:00,,,
2023-02-08 16:45:00,,,
2023-02-08 16:50:00,,,
2023-02-08 16:55:00,6.715,341.0,25.94
2023-02-08 17:00:00,6.82,342.0,25.94
2023-02-08 17:05:00,7.09,340.0,25.94
2023-02-08 17:10:00,6.48,341.0,25.94
2023-02-08 17:15:00,,,
2023-02-08 17:20:00,,,
2023-02-08 17:25:00,,,
2023-02-08 17:30:00,,,
2023-02-08 17:35:00,,,
2023-02-08 17:40:00,,,
2023-02-08 17:45:00,,,
2023-02-08 17:50:00,,,
2023-02-08 17:55:00,,,
2023-02-08 18:00:00,,,
2023-02-08 18:05:00,,,
2023-02-08 18:10:00,,,
2023-02-08 18:15:00,,,
2023-02-08 18:20:00,,,
2023-02-08 18:25:00,,,
2023-02-08 18:30:00,,,
2023-02-08 18:35:00,,,
2023-02-08 18:40:00,,,
2023-02-08 18:45:00,,,
2023-02-08 18:50:00,,,
2023-02-08 18:55:00,,,
2023-02-08 19:00:00,,,
2023-02-08 19:05:00,,,
2023-02-08 19:10:00,,,
2023-02-08 19:15:00,,,
2023-02-08 19:20:00,,,
2023-02-08 19:25:00,,,
2023-02-08 19:30:00,,,
2023-02-08 19:35:00,,,
2023-02-08 19:40:00,,,
2023-02-08 19:45:00,,,
2023-02-08 19:50:00,,,
2023-02-08 19:55:00,,,
2023-02-08 20:00:00,,,
2023-02-08 20:05:00,,,
2023-02-08 20:10:00,,,
2023-02-08 20:15:00,,,
2023-02-08 20:20:00,,,
2023-02-08 20:25:00,,,
2023-02-08 20:30:00,,,
2023-02-08 20:35:00,5.73,343.0,25.69
2023-02-08 20:40:00,5.6,343.0,25.69
2023-02-08 20:45:00,7.404999999999999,343.0,25.69
2023-02-08 20:50:00,6.904999999999999,562.0,25.69
2023-02-08 20:55:00,6.42,346.0,25.69
2023-02-08 21:00:00,6.994999999999999,345.0,25.63
2023-02-08 21:05:00,7.16,345.0,25.63
2023-02-08 21:10:00,,,
2023-02-08 21:15:00,7.25,343.0,25.63
2023-02-08 21:20:00,7.22,347.0,25.63
2023-02-08 21:25:00,6.04,347.0,25.63
2023-02-08 21:30:00,,,
2023-02-08 21:35:00,,,
2023-02-08 21:40:00,,,
2023-02-08 21:45:00,7.45,347.0,25.56
2023-02-08 21:50:00,6.359999999999999,343.0,25.56
2023-02-08 21:55:00,6.35,343.0,25.5
2023-02-08 22:00:00,5.92,343.0,25.5
2023-02-08 22:05:00,6.7,343.0,25.5
2023-02-08 22:10:00,6.11,343.0,25.5
2023-02-08 22:15:00,6.12,343.0,25.5
2023-02-08 22:20:00,7.19,347.0,25.5
2023-02-08 22:25:00,7.44,343.0,25.44
2023-02-08 22:30:00,6.365,343.0,25.44
2023-02-08 22:35:00,7.32,347.0,25.44
2023-02-08 22:40:00,6.505,345.0,25.44
2023-02-08 22:45:00,6.36,343.0,25.44
2023-02-08 22:50:00,7.13,347.0,25.38
2023-02-08 22:55:00,6.25,343.0,25.38
2023-02-08 23:00:00,6.21,343.0,25.38
2023-02-08 23:05:00,6.98,347.0,25.38
2023-02-08 23:10:00,6.220000000000001,343.0,25.38
2023-02-08 23:15:00,6.1,343.0,25.38
2023-02-08 23:20:00,6.49,343.0,25.31
2023-02-08 23:25:00,7.33,343.0,25.31
2023-02-08 23:30:00,6.32,343.0,25.31
2023-02-08 23:35:00,6.23,343.0,25.31
2023-02-08 23:40:00,6.62,343.0,25.31
2023-02-08 23:45:00,6.975,343.0,25.31
2023-02-08 23:50:00,6.145,343.0,25.25
2023-02-08 23:55:00,6.635,343.0,25.25
2023-02-09 00:00:00,7.22,343.0,25.25
2023-02-09 00:05:00,6.475,343.0,25.25
2023-02-09 00:10:00,6.28,343.0,25.25
2023-02-09 00:15:00,6.45,343.0,25.22
2023-02-09 00:20:00,6.35,344.0,25.19
2023-02-09 00:25:00,6.640000000000001,344.0,25.19
2023-02-09 00:30:00,7.15,344.0,25.19
2023-02-09 00:35:00,6.96,344.0,25.19
2023-02-09 00:40:00,6.34,344.0,25.13
2023-02-09 00:45:00,6.51,344.0,25.13
2023-02-09 00:50:00,6.935,344.0,25.13
2023-02-09 00:55:00,6.97,344.0,25.13
2023-02-09 01:00:00,7.2,344.0,25.13
2023-02-09 01:05:00,6.93,344.0,25.06
2023-02-09 01:10:00,6.505,344.0,25.06
2023-02-09 01:15:00,6.72,344.0,25.06
2023-02-09 01:20:00,6.78,344.0,25.06
2023-02-09 01:25:00,6.734999999999999,344.0,25.06
2023-02-09 01:30:00,7.055,344.0,25.0
2023-02-09 01:35:00,6.97,344.0,25.0
2023-02-09 01:40:00,7.06,344.0,25.0
2023-02-09 01:45:00,6.64,344.0,25.0
2023-02-09 01:50:00,7.11,344.0,25.0
2023-02-09 01:55:00,6.67,342.0,24.94
2023-02-09 02:00:00,7.08,344.0,24.94
2023-02-09 02:05:00,7.48,342.0,24.94
2023-02-09 02:10:00,7.13,344.0,24.94
2023-02-09 02:15:00,6.23,344.0,24.88
2023-02-09 02:20:00,6.73,344.0,24.94
2023-02-09 02:25:00,7.04,342.0,24.88
2023-02-09 02:30:00,7.44,342.0,24.88
2023-02-09 02:35:00,6.885,342.0,24.88
2023-02-09 02:40:00,6.555,342.0,24.88
2023-02-09 02:45:00,6.255,342.0,24.88
2023-02-09 02:50:00,7.2,342.0,24.81
2023-02-09 02:55:00,7.28,342.0,24.81
2023-02-09 03:00:00,6.35,342.0,24.81
2023-02-09 03:05:00,6.84,342.0,24.81
2023-02-09 03:10:00,6.51,342.0,24.75
2023-02-09 03:15:00,7.48,342.0,24.75
2023-02-09 03:20:00,6.625,341.0,24.75
2023-02-09 03:25:00,6.14,342.0,24.75
2023-02-09 03:30:00,6.25,342.0,24.75
2023-02-09 03:35:00,6.92,342.0,24.69
2023-02-09 03:40:00,6.375,342.0,24.69
2023-02-09 03:45:00,6.89,342.0,24.69
2023-02-09 03:50:00,6.77,342.0,24.69
2023-02-09 03:55:00,7.21,342.0,24.69
2023-02-09 04:00:00,6.87,342.0,24.63
2023-02-09 04:05:00,6.925000000000001,342.0,24.63
2023-02-09 04:10:00,6.415,342.0,24.63
2023-02-09 04:15:00,7.2,342.0,24.63
2023-02-09 04:20:00,6.455,342.0,24.63
2023-02-09 04:25:00,6.6,340.0,24.56
2023-02-09 04:30:00,6.745,342.0,24.56
2023-02-09 04:35:00,7.175,340.0,24.56
2023-02-09 04:40:00,6.82,340.0,24.56
2023-02-09 04:45:00,7.335,340.0,24.56
2023-02-09 04:50:00,6.605,340.0,24.5
2023-02-09 04:55:00,6.68,340.0,24.5
2023-02-09 05:00:00,6.87,340.0,24.5
2023-02-09 05:05:00,6.54,340.0,24.5
2023-02-09 05:10:00,7.09,340.0,24.5
2023-02-09 05:15:00,7.015000000000001,340.0,24.5
2023-02-09 05:20:00,7.28,340.0,24.44
2023-02-09 05:25:00,6.345000000000001,340.0,24.44
2023-02-09 05:30:00,6.41,340.0,24.44
2023-02-09 05:35:00,6.61,340.0,24.44
2023-02-09 05:40:00,7.545,340.0,24.44
2023-02-09 05:45:00,9.57,340.0,24.38
2023-02-09 05:50:00,9.94,340.0,24.38
2023-02-09 05:55:00,10.07,341.0,24.38
2023-02-09 06:00:00,9.844999999999999,341.0,24.38
2023-02-09 06:05:00,10.54,341.0,24.38
2023-02-09 06:10:00,10.44,341.0,24.38
2023-02-09 06:15:00,10.504999999999999,341.0,24.38
2023-02-09 06:20:00,10.04,341.0,24.38
2023-02-09 06:25:00,10.57,341.0,24.31
2023-02-09 06:30:00,10.58,341.0,24.31
2023-02-09 06:35:00,10.025,341.0,24.31
2023-02-09 06:40:00,10.94,339.0,24.31
2023-02-09 06:45:00,10.71,341.0,24.31
2023-02-09 06:50:00,8.16,341.0,24.31
2023-02-09 06:55:00,10.53,341.0,24.31
2023-02-09 07:00:00,10.41,341.0,24.31
2023-02-09 07:05:00,10.41,341.0,24.31
2023-02-09 07:10:00,10.5,341.0,24.31
2023-02-09 07:15:00,10.565000000000001,341.0,24.31
2023-02-09 07:20:00,10.355,340.0,24.31
2023-02-09 07:25:00,10.7,341.0,24.31
2023-02-09 07:30:00,11.075,341.0,24.31
2023-02-09 07:35:00,10.445,339.0,24.31
2023-02-09 07:40:00,10.8,339.0,24.31
2023-02-09 07:45:00,10.510000000000002,341.0,24.31
2023-02-09 07:50:00,11.08,343.0,24.31
2023-02-09 07:55:00,11.02,341.0,24.31
2023-02-09 08:00:00,11.03,341.0,24.31
2023-02-09 08:05:00,10.825,342.0,24.31
2023-02-09 08:10:00,10.265,343.0,24.31
2023-02-09 08:15:00,10.735,341.0,24.31
2023-02-09 08:20:00,6.78,341.0,24.38
2023-02-09 08:25:00,6.84,341.0,24.38
2023-02-09 08:30:00,6.2,339.0,24.38
2023-02-09 08:35:00,6.59,343.0,24.38
2023-02-09 08:40:00,6.5,345.0,24.38
2023-02-09 08:45:00,6.805,338.0,24.38
2023-02-09 08:50:00,6.41,341.0,24.38
2023-02-09 08:55:00,7.34,343.0,24.38
2023-02-09 09:00:00,7.11,342.0,24.38
2023-02-09 09:05:00,,,
2023-02-09 09:10:00,,,
2023-02-09 09:15:00,,,
2023-02-09 09:20:00,6.5,340.0,24.5
2023-02-09 09:25:00,7.21,340.0,24.5
2023-02-09 09:30:00,6.22,340.0,24.5
2023-02-09 09:35:00,7.305,340.0,24.5
2023-02-09 09:40:00,6.595000000000001,338.0,24.5
2023-02-09 09:45:00,6.63,336.0,24.5
2023-02-09 09:50:00,,,
2023-02-09 09:55:00,,,
2023-02-09 10:00:00,,,
2023-02-09 10:05:00,,,
2023-02-09 10:10:00,,,
2023-02-09 10:15:00,,,
2023-02-09 10:20:00,,,
2023-02-09 10:25:00,,,
2023-02-09 10:30:00,7.2,340.0,24.56
2023-02-09 10:35:00,,,
2023-02-09 10:40:00,,,
2023-02-09 10:45:00,7.59,340.0,24.63
2023-02-09 10:50:00,,,
2023-02-09 10:55:00,,,
2023-02-09 11:00:00,7.505,339.0,24.63
2023-02-09 11:05:00,7.31,340.0,24.63
2023-02-09 11:10:00,7.78,336.0,24.69
2023-02-09 11:15:00,,,
2023-02-09 11:20:00,,,
2023-02-09 11:25:00,,,
2023-02-09 11:30:00,,,
2023-02-09 11:35:00,,,
2023-02-09 11:40:00,,,
2023-02-09 11:45:00,,,
2023-02-09 11:50:00,,,
2023-02-09 11:55:00,,,
2023-02-09 12:00:00,,,
2023-02-09 12:05:00,,,
2023-02-09 12:10:00,,,
2023-02-09 12:15:00,,,
2023-02-09 12:20:00,,,
2023-02-09 12:25:00,,,
2023-02-09 12:30:00,,,
2023-02-09 12:35:00,,,
2023-02-09 12:40:00,,,
2023-02-09 12:45:00,,,
2023-02-09 12:50:00,,,
2023-02-09 12:55:00,,,
2023-02-09 13:00:00,,,
2023-02-09 13:05:00,,,
2023-02-09 13:10:00,,,
2023-02-09 13:15:00,,,
2023-02-09 13:20:00,,,
2023-02-09 13:25:00,,,
2023-02-09 13:30:00,,,
2023-02-09 13:35:00,,,
2023-02-09 13:40:00,,,
2023-02-09 13:45:00,,,
2023-02-09 13:50:00,,,
2023-02-09 13:55:00,,,
2023-02-09 14:00:00,,,
2023-02-09 14:05:00,,,
2023-02-09 14:10:00,,,
2023-02-09 14:15:00,,,
2023-02-09 14:20:00,,,
2023-02-09 14:25:00,,,
2023-02-09 14:30:00,,,
2023-02-09 14:35:00,,,
2023-02-09 14:40:00,,,
2023-02-09 14:45:00,,,
2023-02-09 14:50:00,,,
2023-02-09 14:55:00,,,
2023-02-09 15:00:00,,,
2023-02-09 15:05:00,,,
2023-02-09 15:10:00,,,
2023-02-09 15:15:00,,,
2023-02-09 15:20:00,7.325,341.0,24.81
2023-02-09 15:25:00,6.94,340.0,24.88
2023-02-09 15:30:00,7.58,339.0,24.88
2023-02-09 15:35:00,6.74,342.0,24.88
2023-02-09 15:40:00,7.63,340.0,24.88
2023-02-09 15:45:00,,,
2023-02-09 15:50:00,,,
2023-02-09 15:55:00,,,
2023-02-09 16:00:00,,,
2023-02-09 16:05:00,,,
2023-02-09 16:10:00,7.515000000000001,342.0,24.88
2023-02-09 16:15:00,7.6899999999999995,340.0,24.88
2023-02-09 16:20:00,7.76,343.0,24.88
2023-02-09 16:25:00,,,
2023-02-09 16:30:00,,,
2023-02-09 16:35:00,,,
2023-02-09 16:40:00,,,
2023-02-09 16:45:00,,,
2023-02-09 16:50:00,,,
2023-02-09 16:55:00,,,
2023-02-09 17:00:00,,,
2023-02-09 17:05:00,,,
2023-02-09 17:10:00,,,
2023-02-09 17:15:00,,,
2023-02-09 17:20:00,,,
2023-02-09 17:25:00,,,
2023-02-09 17:30:00,,,
2023-02-09 17:35:00,,,
2023-02-09 17:40:00,,,
2023-02-09 17:45:00,,,
2023-02-09 17:50:00,,,
2023-02-09 17:55:00,,,
2023-02-09 18:00:00,,,
2023-02-09 18:05:00,,,
2023-02-09 18:10:00,,,
2023-02-09 18:15:00,,,
2023-02-09 18:20:00,,,
2023-02-09 18:25:00,,,
2023-02-09 18:30:00,,,
2023-02-09 18:35:00,,,
2023-02-09 18:40:00,,,
2023-02-09 18:45:00,,,
2023-02-09 18:50:00,,,
2023-02-09 18:55:00,,,
2023-02-09 19:00:00,,,
2023-02-09 19:05:00,,,
2023-02-09 19:10:00,,,
2023-02-09 19:15:00,,,
2023-02-09 19:20:00,,,
2023-02-09 19:25:00,8.28,344.0,24.5
2023-02-09 19:30:00,7.85,345.5,24.5
2023-02-09 19:35:00,7.695,341.0,24.5
2023-02-09 19:40:00,7.47,349.0,24.5
2023-02-09 19:45:00,7.365,340.0,24.44
2023-02-09 19:50:00,7.93,351.0,24.44
2023-02-09 19:55:00,,,
2023-02-09 20:00:00,,,
2023-02-09 20:05:00,,,
2023-02-09 20:10:00,,,
2023-02-09 20:15:00,,,
2023-02-09 20:20:00,,,
2023-02-09 20:25:00,,,
2023-02-09 20:30:00,,,
2023-02-09 20:35:00,7.34,345.0,24.31
2023-02-09 20:40:00,7.615,343.0,24.31
2023-02-09 20:45:00,8.41,343.0,24.25
2023-02-09 20:50:00,7.07,341.0,24.25
2023-02-09 20:55:00,7.91,341.0,24.25
2023-02-09 21:00:00,7.365,556.0,24.22
2023-02-09 21:05:00,7.7,341.0,24.19
2023-02-09 21:10:00,7.93,343.0,24.19
2023-02-09 21:15:00,8.14,341.0,24.19
2023-02-09 21:20:00,7.84,341.0,24.13
2023-02-09 21:25:00,8.21,341.0,24.13
2023-02-09 21:30:00,,,
2023-02-09 21:35:00,7.28,341.0,24.13
2023-02-09 21:40:00,7.76,341.0,24.06
2023-02-09 21:45:00,8.45,341.0,24.06
2023-02-09 21:50:00,7.5649999999999995,340.0,24.06
2023-02-09 21:55:00,7.93,340.0,24.06
2023-02-09 22:00:00,8.59,340.0,24.0
2023-02-09 22:05:00,7.25,339.0,24.0
2023-02-09 22:10:00,8.08,341.0,24.0
2023-02-09 22:15:00,7.52,339.0,24.0
2023-02-09 22:20:00,8.309999999999999,341.0,24.0
2023-02-09 22:25:00,7.65,341.0,23.94
2023-02-09 22:30:00,7.88,341.0,23.94
2023-02-09 22:35:00,7.78,341.0,23.94
2023-02-09 22:40:00,8.13,339.0,23.94
2023-02-09 22:45:00,8.01,339.0,23.94
2023-02-09 22:50:00,7.81,339.0,23.94
2023-02-09 22:55:00,7.48,341.0,23.88
2023-02-09 23:00:00,8.475000000000001,339.0,23.88
2023-02-09 23:05:00,7.625,339.0,23.88
2023-02-09 23:10:00,8.59,339.0,23.88
2023-02-09 23:15:00,8.565,339.0,23.88
2023-02-09 23:20:00,7.88,339.0,23.81
2023-02-09 23:25:00,7.695,339.0,23.81
2023-02-09 23:30:00,8.365,339.0,23.81
2023-02-09 23:35:00,7.495,340.0,23.81
2023-02-09 23:40:00,8.22,339.0,23.81
2023-02-09 23:45:00,8.38,339.0,23.75
2023-02-09 23:50:00,7.665,339.0,23.75
2023-02-09 23:55:00,8.030000000000001,339.0,23.75
2023-02-10 00:00:00,8.31,337.0,23.75
2023-02-10 00:05:00,7.92,339.0,23.75
2023-02-10 00:10:00,8.04,339.0,23.69
2023-02-10 00:15:00,8.23,337.0,23.69
2023-02-10 00:20:00,8.29,337.0,23.69
2023-02-10 00:25:00,8.04,339.0,23.69
2023-02-10 00:30:00,8.28,337.0,23.69
2023-02-10 00:35:00,8.035,339.0,23.69
2023-02-10 00:40:00,8.045,337.0,23.63
2023-02-10 00:45:00,8.25,338.0,23.63
2023-02-10 00:50:00,8.33,337.0,23.63
2023-02-10 00:55:00,8.285,337.0,23.63
2023-02-10 01:00:00,8.35,337.0,23.63
2023-02-10 01:05:00,8.275,337.0,23.56
2023-02-10 01:10:00,8.35,337.5,23.56
2023-02-10 01:15:00,8.510000000000002,338.0,23.56
2023-02-10 01:20:00,8.12,338.0,23.56
2023-02-10 01:25:00,8.475,338.0,23.53
2023-02-10 01:30:00,8.395,338.0,23.5
2023-02-10 01:35:00,7.84,338.0,23.5
2023-02-10 01:40:00,8.8,336.0,23.5
2023-02-10 01:45:00,8.23,338.0,23.5
2023-02-10 01:50:00,8.36,336.0,23.5
2023-02-10 01:55:00,8.685,338.0,23.44
2023-02-10 02:00:00,8.09,336.0,23.44
2023-02-10 02:05:00,8.87,338.0,23.44
2023-02-10 02:10:00,8.31,336.0,23.44
2023-02-10 02:15:00,8.63,338.0,23.44
2023-02-10 02:20:00,8.055,337.0,23.38
2023-02-10 02:25:00,8.49,336.0,23.38
2023-02-10 02:30:00,8.65,336.0,23.38
2023-02-10 02:35:00,8.315000000000001,336.0,23.38
2023-02-10 02:40:00,8.344999999999999,336.0,23.38
2023-02-10 02:45:00,8.305,336.0,23.31
2023-02-10 02:50:00,8.355,336.0,23.31
2023-02-10 02:55:00,8.45,336.0,23.31
2023-02-10 03:00:00,8.48,334.0,23.31
2023-02-10 03:05:00,8.370000000000001,336.0,23.31
2023-02-10 03:10:00,8.98,336.0,23.31
2023-02-10 03:15:00,8.4,336.0,23.31
2023-02-10 03:20:00,8.575,336.0,23.25
2023-02-10 03:25:00,8.3,336.0,23.25
2023-02-10 03:30:00,9.075,336.0,23.25
2023-02-10 03:35:00,8.935,336.0,23.25
2023-02-10 03:40:00,8.46,336.0,23.25
2023-02-10 03:45:00,9.18,336.0,23.25
2023-02-10 03:50:00,8.36,336.0,23.25
2023-02-10 03:55:00,8.405000000000001,336.0,23.25
2023-02-10 04:00:00,8.96,336.0,23.22
2023-02-10 04:05:00,8.364999999999998,336.0,23.19
2023-02-10 04:10:00,8.594999999999999,334.0,23.19
2023-02-10 04:15:00,8.38,336.0,23.19
2023-02-10 04:20:00,8.65,336.0,23.19
2023-02-10 04:25:00,8.63,336.0,23.19
2023-02-10 04:30:00,8.96,334.0,23.19
2023-02-10 04:35:00,8.45,334.0,23.19
2023-02-10 04:40:00,8.605,334.0,23.19
2023-02-10 04:45:00,8.625,334.0,23.19
2023-02-10 04:50:00,8.795,334.0,23.13
2023-02-10 04:55:00,8.655000000000001,334.0,23.13
2023-02-10 05:00:00,9.085,334.0,23.13
2023-02-10 05:05:00,8.465,334.0,23.13
2023-02-10 05:10:00,8.64,334.0,23.13
2023-02-10 05:15:00,8.575,334.0,23.13
2023-02-10 05:20:00,8.77,334.0,23.13
2023-02-10 05:25:00,8.725,334.0,23.13
2023-02-10 05:30:00,9.02,334.0,23.13
2023-02-10 05:35:00,8.855,334.0,23.13
2023-02-10 05:40:00,8.620000000000001,334.0,23.095
2023-02-10 05:45:00,9.235,334.0,23.06
2023-02-10 05:50:00,8.905000000000001,334.0,23.06
2023-02-10 05:55:00,9.15,334.0,23.06
2023-02-10 06:00:00,8.955,334.0,23.06
2023-02-10 06:05:00,8.78,334.0,23.06
2023-02-10 06:10:00,8.58,334.0,23.06
2023-02-10 06:15:00,9.25,334.0,23.06
2023-02-10 06:20:00,8.47,334.0,23.06
2023-02-10 06:25:00,8.85,334.0,23.06
2023-02-10 06:30:00,8.895,334.0,23.06
2023-02-10 06:35:00,9.21,334.0,23.06
2023-02-10 06:40:00,8.775,332.0,23.06
2023-02-10 06:45:00,9.035,332.0,23.0
2023-02-10 06:50:00,8.77,332.0,23.0
2023-02-10 06:55:00,8.46,334.0,23.06
2023-02-10 07:00:00,9.195,334.0,23.06
2023-02-10 07:05:00,9.14,334.0,23.06
2023-02-10 07:10:00,8.88,334.0,23.06
2023-02-10 07:15:00,8.82,334.0,23.06
2023-02-10 07:20:00,8.73,334.0,23.06
2023-02-10 07:25:00,8.71,334.0,23.06
2023-02-10 07:30:00,8.875,334.0,23.06
2023-02-10 07:35:00,8.85,334.0,23.06
2023-02-10 07:40:00,8.92,334.0,23.06
2023-02-10 07:45:00,8.92,334.0,23.06
2023-02-10 07:50:00,9.079999999999998,334.0,23.06
2023-02-10 07:55:00,9.12,334.0,23.06
2023-02-10 08:00:00,9.04,334.0,23.13
2023-02-10 08:05:00,8.559999999999999,336.0,23.13
2023-02-10 08:10:00,9.215,336.0,23.13
2023-02-10 08:15:00,8.77,335.0,23.19
2023-02-10 08:20:00,9.03,336.0,23.19
2023-02-10 08:25:00,8.795,336.0,23.22
2023-02-10 08:30:00,9.075,337.0,23.25
2023-02-10 08:35:00,8.63,338.0,23.25
2023-02-10 08:40:00,8.96,336.0,23.31
2023-02-10 08:45:00,9.02,336.0,23.31
2023-02-10 08:50:00,8.8,340.0,23.31
2023-02-10 08:55:00,8.82,338.0,23.38
2023-02-10 09:00:00,9.06,338.0,23.38
2023-02-10 09:05:00,9.105,336.0,23.44
2023-02-10 09:10:00,8.62,336.0,23.44
2023-02-10 09:15:00,8.34,338.0,23.44
2023-02-10 09:20:00,9.155,338.0,23.47
2023-02-10 09:25:00,9.48,336.0,23.5
2023-02-10 09:30:00,9.4,336.0,23.5
2023-02-10 09:35:00,9.59,336.0,23.5
2023-02-10 09:40:00,,,
2023-02-10 09:45:00,,,
2023-02-10 09:50:00,,,
2023-02-10 09:55:00,,,
2023-02-10 10:00:00,,,
2023-02-10 10:05:00,9.59,331.0,23.69
2023-02-10 10:10:00,,,
2023-02-10 10:15:00,9.7,333.0,23.75
2023-02-10 10:20:00,,,
2023-02-10 10:25:00,9.25,765.0,23.81
2023-02-10 10:30:00,9.33,548.0,23.81
2023-02-10 10:35:00,,,
2023-02-10 10:40:00,,,
2023-02-10 10:45:00,,,
2023-02-10 10:50:00,,,
2023-02-10 10:55:00,,,
2023-02-10 11:00:00,,,
2023-02-10 11:05:00,,,
2023-02-10 11:10:00,,,
2023-02-10 11:15:00,,,
2023-02-10 11:20:00,,,
2023-02-10 11:25:00,,,
2023-02-10 11:30:00,,,
2023-02-10 11:35:00,,,
2023-02-10 11:40:00,,,
2023-02-10 11:45:00,,,
2023-02-10 11:50:00,,,
2023-02-10 11:55:00,,,
2023-02-10 12:00:00,,,
2023-02-10 12:05:00,,,
2023-02-10 12:10:00,,,
2023-02-10 12:15:00,,,
2023-02-10 12:20:00,,,
2023-02-10 12:25:00,,,
2023-02-10 12:30:00,,,
2023-02-10 12:35:00,,,
2023-02-10 12:40:00,,,
2023-02-10 12:45:00,,,
2023-02-10 12:50:00,,,
2023-02-10 12:55:00,,,
2023-02-10 13:00:00,,,
2023-02-10 13:05:00,,,
2023-02-10 13:10:00,,,
2023-02-10 13:15:00,,,
2023-02-10 13:20:00,,,
2023-02-10 13:25:00,,,
2023-02-10 13:30:00,,,
2023-02-10 13:35:00,,,
2023-02-10 13:40:00,,,
2023-02-10 13:45:00,,,
2023-02-10 13:50:00,9.49,344.0,24.5
2023-02-10 13:55:00,8.495000000000001,342.0,24.56
2023-02-10 14:00:00,8.78,342.0,24.56
2023-02-10 14:05:00,8.8,342.0,24.56
2023-02-10 14:10:00,8.53,342.0,24.63
2023-02-10 14:15:00,8.76,342.0,24.63
2023-02-10 14:20:00,8.67,340.0,24.63
2023-02-10 14:25:00,8.82,340.0,24.63
2023-02-10 14:30:00,8.63,340.0,24.63
2023-02-10 14:35:00,8.49,342.0,24.63
2023-02-10 14:40:00,8.815,342.0,24.63
2023-02-10 14:45:00,8.49,342.0,24.63
2023-02-10 14:50:00,8.7,344.0,24.63
2023-02-10 14:55:00,8.8,342.0,24.63
2023-02-10 15:00:00,8.5,342.0,24.63
2023-02-10 15:05:00,8.56,342.0,24.63
2023-02-10 15:10:00,8.6,342.0,24.69
2023-02-10 15:15:00,8.36,343.0,24.69
2023-02-10 15:20:00,8.59,342.0,24.69
2023-02-10 15:25:00,8.45,342.0,24.69
2023-02-10 15:30:00,8.715,342.0,24.69
2023-02-10 15:35:00,8.725,343.0,24.69
2023-02-10 15:40:00,8.47,342.0,24.69
2023-02-10 15:45:00,8.55,344.0,24.69
2023-02-10 15:50:00,8.690000000000001,344.0,24.69
2023-02-10 15:55:00,8.85,344.0,24.69
2023-02-10 16:00:00,8.66,344.0,24.75
2023-02-10 16:05:00,8.675,344.0,24.75
2023-02-10 16:10:00,8.63,344.0,24.75
2023-02-10 16:15:00,8.605,348.0,24.75
2023-02-10 16:20:00,8.725000000000001,348.0,24.75
2023-02-10 16:25:00,8.405000000000001,350.0,24.75
2023-02-10 16:30:00,9.03,350.0,24.75
2023-02-10 16:35:00,8.675,348.0,24.75
2023-02-10 16:40:00,8.81,350.0,24.75
2023-02-10 16:45:00,8.705,350.0,24.75
2023-02-10 16:50:00,8.28,350.0,24.75
2023-02-10 16:55:00,8.58,348.0,24.69
2023-02-10 17:00:00,8.455,348.0,24.69
2023-02-10 17:05:00,8.559999999999999,344.0,24.69
2023-02-10 17:10:00,8.855,348.0,24.69
2023-02-10 17:15:00,8.42,350.0,24.63
2023-02-10 17:20:00,8.8,348.0,24.63
2023-02-10 17:25:00,8.25,348.0,24.63
2023-02-10 17:30:00,8.52,348.0,24.63
2023-02-10 17:35:00,8.8,348.0,24.63
2023-02-10 17:40:00,8.72,348.0,24.56
2023-02-10 17:45:00,8.59,348.0,24.56
2023-02-10 17:50:00,8.434999999999999,348.0,24.56
2023-02-10 17:55:00,8.17,348.0,24.56
2023-02-10 18:00:00,8.885,348.0,24.56
2023-02-10 18:05:00,8.33,348.0,24.56
2023-02-10 18:10:00,8.76,348.0,24.56
2023-02-10 18:15:00,8.55,348.0,24.56
2023-02-10 18:20:00,8.85,348.0,24.56
2023-02-10 18:25:00,8.43,348.0,24.5
2023-02-10 18:30:00,8.74,349.0,24.5
2023-02-10 18:35:00,8.88,344.0,24.5
2023-02-10 18:40:00,8.32,344.0,24.5
2023-02-10 18:45:00,8.51,346.5,24.5
2023-02-10 18:50:00,8.32,349.0,24.5
2023-02-10 18:55:00,8.585,349.0,24.5
2023-02-10 19:00:00,9.04,349.0,24.5
2023-02-10 19:05:00,8.605,349.0,24.5
2023-02-10 19:10:00,8.67,349.0,24.5
2023-02-10 19:15:00,8.94,349.0,24.5
2023-02-10 19:20:00,8.559999999999999,349.0,24.44
2023-02-10 19:25:00,8.95,349.0,24.44
2023-02-10 19:30:00,8.94,349.0,24.44
2023-02-10 19:35:00,8.684999999999999,349.0,24.44
2023-02-10 19:40:00,8.754999999999999,349.0,24.44
2023-02-10 19:45:00,8.77,349.0,24.44
2023-02-10 19:50:00,8.87,349.0,24.44
2023-02-10 19:55:00,8.72,349.0,24.44
2023-02-10 20:00:00,8.77,349.0,24.44
2023-02-10 20:05:00,8.77,349.0,24.44
2023-02-10 20:10:00,8.68,338.0,24.44
2023-02-10 20:15:00,8.940000000000001,349.0,24.44
2023-02-10 20:20:00,9.07,349.0,24.38
2023-02-10 20:25:00,8.61,349.0,24.38
2023-02-10 20:30:00,8.535,349.0,24.38
2023-02-10 20:35:00,9.01,349.0,24.38
2023-02-10 20:40:00,8.73,349.0,24.38
2023-02-10 20:45:00,8.825,349.0,24.38
2023-02-10 20:50:00,8.945,349.0,24.38
2023-02-10 20:55:00,9.094999999999999,349.0,24.38
2023-02-10 21:00:00,8.754999999999999,349.0,24.38
2023-02-10 21:05:00,8.825,349.0,24.31
2023-02-10 21:10:00,9.18,349.0,24.31
2023-02-10 21:15:00,9.0,349.0,24.31
2023-02-10 21:20:00,8.735,349.0,24.31
2023-02-10 21:25:00,9.02,349.0,24.31
2023-02-10 21:30:00,8.844999999999999,349.0,24.31
2023-02-10 21:35:00,8.99,349.0,24.28
2023-02-10 21:40:00,8.79,349.0,24.25
2023-02-10 21:45:00,8.98,345.0,24.25
2023-02-10 21:50:00,8.925,349.0,24.25
2023-02-10 21:55:00,9.21,349.0,24.25
2023-02-10 22:00:00,8.75,349.0,24.25
2023-02-10 22:05:00,9.21,349.0,24.19
2023-02-10 22:10:00,8.95,345.0,24.19
2023-02-10 22:15:00,9.245000000000001,349.0,24.19
2023-02-10 22:20:00,9.04,345.0,24.19
2023-02-10 22:25:00,9.11,345.0,24.19
2023-02-10 22:30:00,9.0,345.0,24.19
2023-02-10 22:35:00,9.145,345.0,24.19
2023-02-10 22:40:00,9.33,345.0,24.13
2023-02-10 22:45:00,8.815000000000001,345.0,24.13
2023-02-10 22:50:00,9.06,345.0,24.13
2023-02-10 22:55:00,9.085,345.0,24.13
2023-02-10 23:00:00,9.065000000000001,345.0,24.13
2023-02-10 23:05:00,9.095,345.0,24.13
2023-02-10 23:10:00,9.22,345.0,24.06
2023-02-10 23:15:00,9.01,345.0,24.06
2023-02-10 23:20:00,9.19,345.0,24.06
2023-02-10 23:25:00,9.030000000000001,343.0,24.06
2023-02-10 23:30:00,9.28,343.0,24.06
2023-02-10 23:35:00,9.18,343.0,24.06
2023-02-10 23:40:00,9.15,343.0,24.0
2023-02-10 23:45:00,9.0,345.0,24.0
2023-02-10 23:50:00,9.32,345.0,24.0
2023-02-10 23:55:00,9.34,343.0,24.0
2023-02-11 00:00:00,9.285,345.0,24.0
2023-02-11 00:05:00,8.83,343.0,24.0
2023-02-11 00:10:00,9.25,343.0,24.0
2023-02-11 00:15:00,9.37,345.0,23.94
2023-02-11 00:20:00,9.17,345.0,23.94
2023-02-11 00:25:00,9.29,343.0,23.94
2023-02-11 00:30:00,9.1,343.0,23.94
2023-02-11 00:35:00,9.09,343.0,23.94
2023-02-11 00:40:00,9.33,343.0,23.94
2023-02-11 00:45:00,9.21,343.0,23.94
2023-02-11 00:50:00,9.36,343.0,23.88
2023-02-11 00:55:00,9.434999999999999,343.0,23.88
2023-02-11 01:00:00,9.325,343.0,23.88
2023-02-11 01:05:00,9.265,343.0,23.88
2023-02-11 01:10:00,9.415,343.0,23.88
2023-02-11 01:15:00,9.445,345.0,23.88
2023-02-11 01:20:00,9.27,343.0,23.88
2023-02-11 01:25:00,9.295,343.0,23.88
2023-02-11 01:30:00,9.165,343.0,23.81
2023-02-11 01:35:00,9.26,343.0,23.81
2023-02-11 01:40:00,9.504999999999999,343.0,23.81
2023-02-11 01:45:00,9.3,343.0,23.81
2023-02-11 01:50:00,9.375,343.0,23.81
2023-02-11 01:55:00,9.47,343.0,23.81
2023-02-11 02:00:00,9.12,343.0,23.75
2023-02-11 02:05:00,9.37,343.0,23.75
2023-02-11 02:10:00,9.51,343.0,23.75
2023-02-11 02:15:00,9.28,343.0,23.75
2023-02-11 02:20:00,9.44,343.0,23.75
2023-02-11 02:25:00,9.375,343.0,23.75
2023-02-11 02:30:00,9.465,343.0,23.75
2023-02-11 02:35:00,9.434999999999999,343.0,23.69
2023-02-11 02:40:00,9.465,343.0,23.69
2023-02-11 02:45:00,9.32,343.0,23.69
2023-02-11 02:50:00,9.29,343.0,23.69
2023-02-11 02:55:00,9.46,343.0,23.69
2023-02-11 03:00:00,9.09,343.0,23.69
2023-02-11 03:05:00,9.61,343.0,23.63
2023-02-11 03:10:00,9.415,344.0,23.63
2023-02-11 03:15:00,9.655,344.0,23.63
2023-02-11 03:20:00,9.33,344.0,23.63
2023-02-11 03:25:00,9.48,344.0,23.63
2023-02-11 03:30:00,9.42,344.0,23.63
2023-02-11 03:35:00,9.4,344.0,23.56
2023-02-11 03:40:00,9.54,344.0,23.56
2023-02-11 03:45:00,9.525,344.0,23.56
2023-02-11 03:50:00,9.49,344.0,23.56
2023-02-11 03:55:00,9.39,344.0,23.56
2023-02-11 04:00:00,9.84,344.0,23.56
2023-02-11 04:05:00,9.7,344.0,23.56
2023-02-11 04:10:00,9.585,344.0,23.5
2023-02-11 04:15:00,9.65,344.0,23.5
2023-02-11 04:20:00,9.73,344.0,23.5
2023-02-11 04:25:00,9.72,344.0,23.5
2023-02-11 04:30:00,9.43,344.0,23.5
2023-02-11 04:35:00,9.48,342.0,23.5
2023-02-11 04:40:00,9.81,342.0,23.5
2023-02-11 04:45:00,9.575,342.0,23.44
2023-02-11 04:50:00,9.84,342.0,23.44
2023-02-11 04:55:00,9.395,342.0,23.44
2023-02-11 05:00:00,9.395,342.0,23.44
2023-02-11 05:05:00,9.76,342.0,23.44
2023-02-11 05:10:00,9.73,342.0,23.44
2023-02-11 05:15:00,9.465,342.0,23.44
2023-02-11 05:20:00,9.95,342.0,23.44
2023-02-11 05:25:00,9.325,342.0,23.44
2023-02-11 05:30:00,9.805,342.0,23.44
2023-02-11 05:35:00,9.82,342.0,23.38
2023-02-11 05:40:00,9.56,342.0,23.38
2023-02-11 05:45:00,9.86,342.0,23.38
2023-02-11 05:50:00,9.54,342.0,23.38
2023-02-11 05:55:00,9.53,342.0,23.38
2023-02-11 06:00:00,9.81,342.0,23.38
2023-02-11 06:05:00,9.67,342.0,23.38
2023-02-11 06:10:00,9.86,342.0,23.31
2023-02-11 06:15:00,9.795,342.0,23.31
2023-02-11 06:20:00,9.5,342.0,23.31
2023-02-11 06:25:00,9.58,342.0,23.31
2023-02-11 06:30:00,9.59,342.0,23.31
2023-02-11 06:35:00,9.885,342.0,23.31
2023-02-11 06:40:00,9.69,342.0,23.31
2023-02-11 06:45:00,9.95,342.0,23.31
2023-02-11 06:50:00,9.68,342.0,23.31
2023-02-11 06:55:00,9.72,342.0,23.25
2023-02-11 07:00:00,9.379999999999999,342.0,23.25
2023-02-11 07:05:00,9.899999999999999,344.0,23.25
2023-02-11 07:10:00,9.46,344.0,23.25
2023-02-11 07:15:00,9.495000000000001,342.0,23.25
2023-02-11 07:20:00,9.68,342.0,23.25
2023-02-11 07:25:00,9.645,342.0,23.25
2023-02-11 07:30:00,9.39,342.0,23.25
2023-02-11 07:35:00,9.5,342.0,23.25
2023-02-11 07:40:00,9.52,342.0,23.25
2023-02-11 07:45:00,9.705,342.0,23.25
2023-02-11 07:50:00,9.805,342.0,23.25
2023-02-11 07:55:00,9.67,342.0,23.25
2023-02-11 08:00:00,9.24,344.0,23.25
2023-02-11 08:05:00,9.329999999999998,342.0,23.25
2023-02-11 08:10:00,9.73,342.0,23.25
2023-02-11 08:15:00,9.73,342.0,23.25
2023-02-11 08:20:00,9.585,342.0,23.25
2023-02-11 08:25:00,9.38,342.0,23.31
2023-02-11 08:30:00,9.165,342.0,23.31
2023-02-11 08:35:00,9.72,342.0,23.31
2023-02-11 08:40:00,9.61,342.0,23.31
2023-02-11 08:45:00,9.2,344.0,23.31
2023-02-11 08:50:00,9.175,344.0,23.31
2023-02-11 08:55:00,9.59,344.0,23.31
2023-02-11 09:00:00,9.4,342.0,23.31
2023-02-11 09:05:00,9.63,344.0,23.31
2023-02-11 09:10:00,9.29,344.0,23.31
2023-02-11 09:15:00,9.59,342.0,23.31
2023-02-11 09:20:00,9.35,342.0,23.31
2023-02-11 09:25:00,9.48,342.0,23.31
2023-02-11 09:30:00,9.21,342.0,23.31
2023-02-11 09:35:00,9.46,342.0,23.38
2023-02-11 09:40:00,9.5,342.0,23.38
2023-02-11 09:45:00,9.24,342.0,23.38
2023-02-11 09:50:00,9.344999999999999,342.0,23.38
2023-02-11 09:55:00,8.86,342.0,23.38
2023-02-11 10:00:00,8.555,342.0,23.38
2023-02-11 10:05:00,8.754999999999999,342.0,23.38
2023-02-11 10:10:00,9.06,344.0,23.38
2023-02-11 10:15:00,9.26,342.0,23.38
2023-02-11 10:20:00,9.14,344.0,23.38
2023-02-11 10:25:00,9.28,342.0,23.44
2023-02-11 10:30:00,9.145,344.0,23.44
2023-02-11 10:35:00,9.15,344.0,23.44
2023-02-11 10:40:00,8.995000000000001,344.0,23.44
2023-02-11 10:45:00,9.32,344.0,23.44
2023-02-11 10:50:00,9.53,344.0,23.44
2023-02-11 10:55:00,9.23,344.0,23.44
2023-02-11 11:00:00,9.19,342.0,23.44
2023-02-11 11:05:00,9.399999999999999,343.0,23.44
2023-02-11 11:10:00,9.465,342.0,23.44
2023-02-11 11:15:00,9.69,344.0,23.44
2023-02-11 11:20:00,9.28,344.0,23.44
2023-02-11 11:25:00,9.375,344.0,23.44
2023-02-11 11:30:00,9.25,344.0,23.44
2023-02-11 11:35:00,9.41,344.0,23.5
2023-02-11 11:40:00,9.38,344.0,23.44
2023-02-11 11:45:00,9.055,344.0,23.44
2023-02-11 11:50:00,9.5,344.0,23.44
2023-02-11 11:55:00,9.42,344.0,23.44
2023-02-11 12:00:00,9.47,344.0,23.44
2023-02-11 12:05:00,9.41,344.0,23.44
2023-02-11 12:10:00,9.205,344.0,23.44
2023-02-11 12:15:00,9.21,344.0,23.44
2023-02-11 12:20:00,9.254999999999999,344.0,23.44
2023-02-11 12:25:00,9.190000000000001,344.0,23.44
2023-02-11 12:30:00,9.1,342.0,23.44
2023-02-11 12:35:00,9.07,344.0,23.44
2023-02-11 12:40:00,9.12,344.0,23.44
2023-02-11 12:45:00,9.12,344.0,23.5
2023-02-11 12:50:00,9.620000000000001,344.0,23.5
2023-02-11 12:55:00,9.45,344.0,23.5
2023-02-11 13:00:00,9.76,344.0,23.5
2023-02-11 13:05:00,9.11,344.0,23.5
2023-02-11 13:10:00,9.23,344.0,23.5
2023-02-11 13:15:00,9.25,344.0,23.5
2023-02-11 13:20:00,9.66,344.0,23.5
2023-02-11 13:25:00,9.465,344.0,23.5
2023-02-11 13:30:00,9.145,344.0,23.56
2023-02-11 13:35:00,9.17,344.0,23.56
2023-02-11 13:40:00,9.18,344.0,23.56
2023-02-11 13:45:00,8.8,344.0,23.56
2023-02-11 13:50:00,9.754999999999999,344.0,23.56
2023-02-11 13:55:00,8.879999999999999,344.0,23.56
2023-02-11 14:00:00,9.5,344.0,23.56
2023-02-11 14:05:00,9.06,344.0,23.56
2023-02-11 14:10:00,9.43,344.0,23.63
2023-02-11 14:15:00,9.29,344.0,23.63
2023-02-11 14:20:00,9.02,344.0,23.63
2023-02-11 14:25:00,8.93,344.0,23.63
2023-02-11 14:30:00,9.04,344.0,23.63
2023-02-11 14:35:00,9.47,343.0,23.63
2023-02-11 14:40:00,9.28,343.0,23.63
2023-02-11 14:45:00,9.315,343.0,23.69
2023-02-11 14:50:00,8.995000000000001,343.0,23.63
2023-02-11 14:55:00,9.1,343.0,23.69
2023-02-11 15:00:00,9.35,343.0,23.69
2023-02-11 15:05:00,9.4,343.0,23.69
2023-02-11 15:10:00,9.19,343.0,23.69
2023-02-11 15:15:00,9.16,343.0,23.69
2023-02-11 15:20:00,9.77,343.0,23.69
2023-02-11 15:25:00,8.98,343.0,23.69
2023-02-11 15:30:00,8.975,343.0,23.69
2023-02-11 15:35:00,9.7,343.0,23.69
2023-02-11 15:40:00,9.149999999999999,343.0,23.69
2023-02-11 15:45:00,9.379999999999999,343.0,23.69
2023-02-11 15:50:00,8.97,343.0,23.69
2023-02-11 15:55:00,8.83,343.0,23.69
2023-02-11 16:00:00,8.78,343.0,23.69
2023-02-11 16:05:00,9.02,343.0,23.75
2023-02-11 16:10:00,8.879999999999999,343.0,23.75
2023-02-11 16:15:00,9.38,343.0,23.75
2023-02-11 16:20:00,9.15,343.0,23.75
2023-02-11 16:25:00,8.99,343.0,23.75
2023-02-11 16:30:00,8.85,343.0,23.75
2023-02-11 16:35:00,9.145,343.0,23.75
2023-02-11 16:40:00,9.28,343.0,23.75
2023-02-11 16:45:00,8.85,343.0,23.75
2023-02-11 16:50:00,9.065000000000001,343.0,23.75
2023-02-11 16:55:00,9.04,343.0,23.75
2023-02-11 17:00:00,8.86,343.0,23.75
2023-02-11 17:05:00,9.22,343.0,23.75
2023-02-11 17:10:00,8.940000000000001,343.0,23.75
2023-02-11 17:15:00,8.91,343.0,23.75
2023-02-11 17:20:00,9.13,343.0,23.75
2023-02-11 17:25:00,8.93,343.0,23.75
2023-02-11 17:30:00,9.02,343.0,23.75
2023-02-11 17:35:00,8.83,343.0,23.75
2023-02-11 17:40:00,9.079999999999998,343.0,23.75
2023-02-11 17:45:00,9.0,343.0,23.75
2023-02-11 17:50:00,8.78,343.0,23.75
2023-02-11 17:55:00,9.01,345.0,23.75
2023-02-11 18:00:00,8.835,343.0,23.75
2023-02-11 18:05:00,8.89,343.0,23.75
2023-02-11 18:10:00,8.88,343.0,23.75
2023-02-11 18:15:00,8.97,344.0,23.75
2023-02-11 18:20:00,9.02,343.0,23.75
2023-02-11 18:25:00,8.97,345.0,23.75
2023-02-11 18:30:00,8.825,343.0,23.75
2023-02-11 18:35:00,8.98,343.0,23.69
2023-02-11 18:40:00,9.08,343.0,23.69
2023-02-11 18:45:00,8.595,343.0,23.69
2023-02-11 18:50:00,8.79,343.0,23.69
2023-02-11 18:55:00,8.89,343.0,23.69
2023-02-11 19:00:00,8.78,345.0,23.69
2023-02-11 19:05:00,8.8,343.0,23.69
2023-02-11 19:10:00,8.620000000000001,343.0,23.69
2023-02-11 19:15:00,8.6,343.0,23.69
2023-02-11 19:20:00,8.57,343.0,23.69
2023-02-11 19:25:00,8.545,343.0,23.69
2023-02-11 19:30:00,8.47,343.0,23.69
2023-02-11 19:35:00,8.33,343.0,23.69
2023-02-11 19:40:00,8.485,343.0,23.69
2023-02-11 19:45:00,8.42,343.0,23.69
2023-02-11 19:50:00,8.59,343.0,23.69
2023-02-11 19:55:00,8.67,343.0,23.69
2023-02-11 20:00:00,8.69,345.0,23.69
2023-02-11 20:05:00,8.49,345.0,23.69
2023-02-11 20:10:00,8.44,344.0,23.69
2023-02-11 20:15:00,8.55,345.0,23.63
2023-02-11 20:20:00,8.48,345.0,23.63
2023-02-11 20:25:00,8.575,344.0,23.63
2023-02-11 20:30:00,8.36,344.0,23.63
2023-02-11 20:35:00,8.46,344.0,23.63
2023-02-11 20:40:00,8.4,345.0,23.63
2023-02-11 20:45:00,8.29,346.0,23.63
2023-02-11 20:50:00,8.7,344.0,23.63
2023-02-11 20:55:00,8.605,346.0,23.63
2023-02-11 21:00:00,8.59,344.0,23.63
2023-02-11 21:05:00,8.64,345.0,23.63
2023-02-11 21:10:00,8.265,346.0,23.63
2023-02-11 21:15:00,8.33,344.0,23.63
2023-02-11 21:20:00,8.1,344.0,23.63
2023-02-11 21:25:00,8.23,346.0,23.63
2023-02-11 21:30:00,8.41,346.0,23.63
2023-02-11 21:35:00,8.29,346.0,23.63
2023-02-11 21:40:00,8.05,344.0,23.63
2023-02-11 21:45:00,8.27,346.0,23.63
2023-02-11 21:50:00,8.495000000000001,346.0,23.63
2023-02-11 21:55:00,8.35,344.0,23.56
2023-02-11 22:00:00,8.315000000000001,344.0,23.56
2023-02-11 22:05:00,8.24,344.0,23.56
2023-02-11 22:10:00,8.24,346.0,23.56
2023-02-11 22:15:00,8.205,344.0,23.56
2023-02-11 22:20:00,8.38,344.0,23.56
2023-02-11 22:25:00,8.355,346.0,23.56
2023-02-11 22:30:00,8.37,346.0,23.56
2023-02-11 22:35:00,8.36,346.0,23.56
2023-02-11 22:40:00,8.58,346.0,23.56
2023-02-11 22:45:00,8.26,344.0,23.56
2023-02-11 22:50:00,8.26,346.0,23.56
2023-02-11 22:55:00,8.0,346.0,23.56
2023-02-11 23:00:00,8.46,344.0,23.56
2023-02-11 23:05:00,8.15,344.0,23.56
2023-02-11 23:10:00,8.135,346.0,23.56
2023-02-11 23:15:00,8.27,346.0,23.56
2023-02-11 23:20:00,8.33,346.0,23.56
2023-02-11 23:25:00,8.399999999999999,344.0,23.56
2023-02-11 23:30:00,8.08,344.0,23.56
2023-02-11 23:35:00,7.93,344.0,23.5
2023-02-11 23:40:00,8.2,344.0,23.5
2023-02-11 23:45:00,8.155,344.0,23.5
2023-02-11 23:50:00,7.88,344.0,23.5
2023-02-11 23:55:00,8.43,344.0,23.5
2023-02-12 00:00:00,8.12,344.0,23.5
2023-02-12 00:05:00,8.05,346.0,23.5
2023-02-12 00:10:00,8.14,346.0,23.5
2023-02-12 00:15:00,7.955,346.0,23.5
2023-02-12 00:20:00,7.98,344.0,23.5
2023-02-12 00:25:00,7.78,344.0,23.5
2023-02-12 00:30:00,7.84,346.0,23.5
2023-02-12 00:35:00,8.04,344.0,23.5
2023-02-12 00:40:00,7.890000000000001,344.0,23.5
2023-02-12 00:45:00,7.975,346.0,23.5
2023-02-12 00:50:00,7.865,344.0,23.5
2023-02-12 00:55:00,8.09,344.0,23.5
2023-02-12 01:00:00,7.895,344.0,23.44
2023-02-12 01:05:00,8.04,344.0,23.44
2023-02-12 01:10:00,7.945,344.0,23.44
2023-02-12 01:15:00,7.93,344.0,23.44
2023-02-12 01:20:00,7.98,344.0,23.44
2023-02-12 01:25:00,8.02,344.0,23.44
2023-02-12 01:30:00,7.75,344.0,23.44
2023-02-12 01:35:00,7.99,342.0,23.44
2023-02-12 01:40:00,8.0,342.0,23.38
2023-02-12 01:45:00,8.2,342.0,23.38
2023-02-12 01:50:00,8.11,342.0,23.38
2023-02-12 01:55:00,8.0,342.0,23.38
2023-02-12 02:00:00,8.32,342.0,23.38
2023-02-12 02:05:00,7.994999999999999,342.0,23.38
2023-02-12 02:10:00,7.715,342.0,23.38
2023-02-12 02:15:00,8.13,342.0,23.31
2023-02-12 02:20:00,7.86,342.0,23.31
2023-02-12 02:25:00,7.92,342.0,23.31
2023-02-12 02:30:00,8.04,342.0,23.31
2023-02-12 02:35:00,8.08,342.0,23.31
2023-02-12 02:40:00,8.07,342.0,23.31
2023-02-12 02:45:00,7.71,342.0,23.31
2023-02-12 02:50:00,8.07,342.0,23.31
2023-02-12 02:55:00,7.825,342.0,23.31
2023-02-12 03:00:00,8.12,342.0,23.31
2023-02-12 03:05:00,7.91,342.0,23.25
2023-02-12 03:10:00,7.615,342.0,23.25
2023-02-12 03:15:00,7.62,340.0,23.25
2023-02-12 03:20:00,7.945,342.0,23.25
2023-02-12 03:25:00,7.725,342.0,23.25
2023-02-12 03:30:00,7.9,342.0,23.25
2023-02-12 03:35:00,8.254999999999999,342.0,23.25
2023-02-12 03:40:00,7.9,342.0,23.25
2023-02-12 03:45:00,7.86,342.0,23.25
2023-02-12 03:50:00,7.76,342.0,23.25
2023-02-12 03:55:00,7.75,342.0,23.19
2023-02-12 04:00:00,7.83,342.0,23.19
2023-02-12 04:05:00,8.025,342.0,23.19
2023-02-12 04:10:00,7.745,342.0,23.19
2023-02-12 04:15:00,8.12,340.0,23.19
2023-02-12 04:20:00,7.675000000000001,342.0,23.19
2023-02-12 04:25:00,7.61,342.0,23.19
2023-02-12 04:30:00,7.79,340.0,23.19
2023-02-12 04:35:00,7.585,342.0,23.19
2023-02-12 04:40:00,7.54,342.0,23.19
2023-02-12 04:45:00,7.6,342.0,23.19
2023-02-12 04:50:00,7.735,342.0,23.13
2023-02-12 04:55:00,7.68,342.0,23.13
2023-02-12 05:00:00,7.885,340.0,23.13
2023-02-12 05:05:00,7.675000000000001,342.0,23.13
2023-02-12 05:10:00,8.13,340.0,23.13
2023-02-12 05:15:00,7.71,340.0,23.13
2023-02-12 05:20:00,7.735,340.0,23.13
2023-02-12 05:25:00,7.59,340.0,23.06
2023-02-12 05:30:00,7.885,340.0,23.06
2023-02-12 05:35:00,7.800000000000001,340.0,23.06
2023-02-12 05:40:00,7.65,340.0,23.06
2023-02-12 05:45:00,7.82,340.0,23.06
2023-02-12 05:50:00,7.895,340.0,23.06
2023-02-12 05:55:00,7.6,340.0,23.06
2023-02-12 06:00:00,7.720000000000001,340.0,23.0
2023-02-12 06:05:00,7.775,340.0,23.0
2023-02-12 06:10:00,7.73,338.0,23.0
2023-02-12 06:15:00,7.79,340.0,23.0
2023-02-12 06:20:00,7.94,338.0,23.0
2023-02-12 06:25:00,7.54,338.0,23.0
2023-02-12 06:30:00,7.925000000000001,338.0,23.0
2023-02-12 06:35:00,7.76,338.0,22.94
2023-02-12 06:40:00,7.83,338.0,22.94
2023-02-12 06:45:00,7.84,336.0,22.94
2023-02-12 06:50:00,7.81,336.0,22.94
2023-02-12 06:55:00,7.59,336.0,22.94
2023-02-12 07:00:00,7.57,336.0,22.88
2023-02-12 07:05:00,7.625,336.0,22.88
2023-02-12 07:10:00,7.42,336.0,22.88
2023-02-12 07:15:00,7.55,336.0,22.88
2023-02-12 07:20:00,7.885,336.0,22.88
2023-02-12 07:25:00,7.93,336.0,22.81
2023-02-12 07:30:00,7.73,335.0,22.81
2023-02-12 07:35:00,7.81,335.0,22.81
2023-02-12 07:40:00,7.945,335.0,22.81
2023-02-12 07:45:00,7.535,335.0,22.81
2023-02-12 07:50:00,7.71,335.0,22.81
2023-02-12 07:55:00,7.645,335.0,22.78
2023-02-12 08:00:00,7.73,335.0,22.75
2023-02-12 08:05:00,7.64,335.0,22.75
2023-02-12 08:10:00,7.76,335.0,22.75
2023-02-12 08:15:00,7.705,333.0,22.75
2023-02-12 08:20:00,7.59,333.0,22.75
2023-02-12 08:25:00,7.73,333.0,22.75
2023-02-12 08:30:00,7.46,333.0,22.75
2023-02-12 08:35:00,7.62,333.0,22.75
2023-02-12 08:40:00,7.66,333.0,22.75
2023-02-12 08:45:00,7.635,333.0,22.69
2023-02-12 08:50:00,7.58,333.0,22.69
2023-02-12 08:55:00,7.495,333.0,22.69
2023-02-12 09:00:00,7.68,333.0,22.69
2023-02-12 09:05:00,7.72,333.0,22.69
2023-02-12 09:10:00,7.48,333.0,22.69
2023-02-12 09:15:00,7.5,333.0,22.69
2023-02-12 09:20:00,7.38,333.0,22.69
2023-02-12 09:25:00,7.715,333.0,22.63
2023-02-12 09:30:00,7.4,331.0,22.63
2023-02-12 09:35:00,7.789999999999999,333.0,22.63
2023-02-12 09:40:00,7.72,331.0,22.63
2023-02-12 09:45:00,7.93,333.0,22.63
2023-02-12 09:50:00,7.75,331.0,22.63
2023-02-12 09:55:00,7.6,331.0,22.63
2023-02-12 10:00:00,7.79,331.0,22.63
2023-02-12 10:05:00,7.94,331.0,22.56
2023-02-12 10:10:00,7.955,331.0,22.56
2023-02-12 10:15:00,7.45,331.0,22.56
2023-02-12 10:20:00,7.78,331.0,22.56
2023-02-12 10:25:00,7.734999999999999,331.0,22.56
2023-02-12 10:30:00,7.77,331.0,22.56
2023-02-12 10:35:00,7.64,331.0,22.56
2023-02-12 10:40:00,7.67,331.0,22.56
2023-02-12 10:45:00,7.965,331.0,22.56
2023-02-12 10:50:00,8.1,331.0,22.56
2023-02-12 10:55:00,8.09,329.0,22.56
2023-02-12 11:00:00,7.71,329.0,22.56
2023-02-12 11:05:00,7.645,329.0,22.56
2023-02-12 11:10:00,7.79,329.0,22.56
2023-02-12 11:15:00,7.4350000000000005,329.0,22.56
2023-02-12 11:20:00,7.654999999999999,329.0,22.56
2023-02-12 11:25:00,7.71,329.0,22.56
2023-02-12 11:30:00,7.8,329.0,22.56
2023-02-12 11:35:00,7.67,329.0,22.56
2023-02-12 11:40:00,7.66,329.0,22.56
2023-02-12 11:45:00,8.085,329.0,22.56
2023-02-12 11:50:00,7.61,329.0,22.56
2023-02-12 11:55:00,7.63,329.0,22.56
2023-02-12 12:00:00,7.875,329.0,22.56
2023-02-12 12:05:00,7.52,329.0,22.56
2023-02-12 12:10:00,7.65,329.0,22.56
2023-02-12 12:15:00,7.82,329.0,22.56
2023-02-12 12:20:00,7.445,329.0,22.56
2023-02-12 12:25:00,7.61,329.0,22.56
2023-02-12 12:30:00,7.72,329.0,22.56
2023-02-12 12:35:00,7.73,329.0,22.56
2023-02-12 12:40:00,7.8149999999999995,329.0,22.56
2023-02-12 12:45:00,8.17,329.0,22.56
2023-02-12 12:50:00,7.965,329.0,22.56
2023-02-12 12:55:00,7.515000000000001,329.0,22.56
2023-02-12 13:00:00,7.715,329.0,22.56
2023-02-12 13:05:00,7.75,329.0,22.63
2023-02-12 13:10:00,7.885,329.0,22.63
2023-02-12 13:15:00,7.845,329.0,22.63
2023-02-12 13:20:00,8.035,329.0,22.63
2023-02-12 13:25:00,7.92,329.0,22.63
2023-02-12 13:30:00,7.82,329.0,22.63
2023-02-12 13:35:00,7.880000000000001,329.0,22.63
2023-02-12 13:40:00,7.945,329.0,22.63
2023-02-12 13:45:00,8.1,329.0,22.63
2023-02-12 13:50:00,8.129999999999999,329.0,22.63
2023-02-12 13:55:00,8.01,329.0,22.63
2023-02-12 14:00:00,8.165,329.0,22.63
2023-02-12 14:05:00,8.375,329.0,22.69
2023-02-12 14:10:00,7.824999999999999,329.0,22.69
2023-02-12 14:15:00,7.98,329.0,22.69
2023-02-12 14:20:00,8.01,329.0,22.69
2023-02-12 14:25:00,8.02,329.0,22.69
2023-02-12 14:30:00,8.434999999999999,329.0,22.69
2023-02-12 14:35:00,7.94,329.0,22.69
2023-02-12 14:40:00,8.08,329.0,22.69
2023-02-12 14:45:00,8.100000000000001,329.0,22.69
2023-02-12 14:50:00,8.27,331.0,22.69
2023-02-12 14:55:00,8.38,329.0,22.69
2023-02-12 15:00:00,8.06,329.0,22.75
2023-02-12 15:05:00,8.29,331.0,22.75
2023-02-12 15:10:00,8.14,331.0,22.75
2023-02-12 15:15:00,8.12,329.0,22.75
2023-02-12 15:20:00,8.495000000000001,329.0,22.75
2023-02-12 15:25:00,8.04,329.0,22.75
2023-02-12 15:30:00,8.545,331.0,22.75
2023-02-12 15:35:00,8.3,331.0,22.75
2023-02-12 15:40:00,8.280000000000001,331.0,22.75
2023-02-12 15:45:00,8.74,331.0,22.75
2023-02-12 15:50:00,8.535,331.0,22.75
2023-02-12 15:55:00,7.96,331.0,22.75
2023-02-12 16:00:00,8.16,331.0,22.75
2023-02-12 16:05:00,8.434999999999999,331.0,22.75
2023-02-12 16:10:00,8.08,331.0,22.75
2023-02-12 16:15:00,8.27,331.0,22.75
2023-02-12 16:20:00,8.54,331.0,22.75
2023-02-12 16:25:00,8.235,331.0,22.81
2023-02-12 16:30:00,8.37,329.0,22.81
2023-02-12 16:35:00,8.305,331.0,22.81
2023-02-12 16:40:00,8.27,331.0,22.81
2023-02-12 16:45:00,8.11,329.0,22.81
2023-02-12 16:50:00,8.305,331.0,22.81
2023-02-12 16:55:00,8.455,331.0,22.81
2023-02-12 17:00:00,7.865,331.0,22.81
2023-02-12 17:05:00,8.11,331.0,22.81
2023-02-12 17:10:00,8.52,331.0,22.81
2023-02-12 17:15:00,8.25,331.0,22.81
2023-02-12 17:20:00,8.12,331.0,22.81
2023-02-12 17:25:00,8.54,331.0,22.81
2023-02-12 17:30:00,8.18,331.0,22.81
2023-02-12 17:35:00,8.49,331.0,22.81
2023-02-12 17:40:00,8.16,331.0,22.81
2023-02-12 17:45:00,8.49,331.0,22.81
2023-02-12 17:50:00,8.245000000000001,331.0,22.81
2023-02-12 17:55:00,8.35,331.0,22.81
2023-02-12 18:00:00,8.425,331.0,22.75
2023-02-12 18:05:00,8.13,331.0,22.75
2023-02-12 18:10:00,8.44,331.0,22.75
2023-02-12 18:15:00,8.28,331.0,22.75
2023-02-12 18:20:00,8.280000000000001,331.0,22.75
2023-02-12 18:25:00,8.32,331.0,22.75
2023-02-12 18:30:00,8.65,331.0,22.75
2023-02-12 18:35:00,8.16,331.0,22.75
2023-02-12 18:40:00,8.24,331.0,22.75
2023-02-12 18:45:00,8.55,331.0,22.75
2023-02-12 18:50:00,8.43,331.0,22.75
2023-02-12 18:55:00,8.08,331.0,22.75
2023-02-12 19:00:00,8.11,331.0,22.75
2023-02-12 19:05:00,8.485,331.0,22.69
2023-02-12 19:10:00,8.49,331.0,22.69
2023-02-12 19:15:00,8.18,331.0,22.69
2023-02-12 19:20:00,8.15,331.0,22.69
2023-02-12 19:25:00,8.455,331.0,22.69
2023-02-12 19:30:00,8.245000000000001,331.0,22.69
2023-02-12 19:35:00,8.43,331.0,22.69
2023-02-12 19:40:00,8.42,331.0,22.63
2023-02-12 19:45:00,8.52,331.0,22.63
2023-02-12 19:50:00,8.475000000000001,331.0,22.63
2023-02-12 19:55:00,8.565000000000001,331.0,22.63
2023-02-12 20:00:00,8.38,331.0,22.63
2023-02-12 20:05:00,8.44,331.0,22.63
2023-02-12 20:10:00,8.47,331.0,22.63
2023-02-12 20:15:00,8.3,331.0,22.63
2023-02-12 20:20:00,8.48,331.0,22.56
2023-02-12 20:25:00,8.29,331.0,22.56
2023-02-12 20:30:00,8.254999999999999,331.0,22.56
2023-02-12 20:35:00,8.36,331.0,22.56
2023-02-12 20:40:00,8.39,331.0,22.56
2023-02-12 20:45:00,8.325,331.0,22.56
2023-02-12 20:50:00,8.145,331.0,22.56
2023-02-12 20:55:00,8.4,331.0,22.56
2023-02-12 21:00:00,8.129999999999999,331.0,22.5
2023-02-12 21:05:00,8.37,331.0,22.5
2023-02-12 21:10:00,8.265,331.0,22.5
2023-02-12 21:15:00,8.16,331.0,22.5
2023-02-12 21:20:00,7.92,331.0,22.5
2023-02-12 21:25:00,7.859999999999999,331.0,22.5
2023-02-12 21:30:00,8.19,331.0,22.5
2023-02-12 21:35:00,8.51,331.0,22.5
2023-02-12 21:40:00,8.18,331.0,22.5
2023-02-12 21:45:00,8.05,329.0,22.5
2023-02-12 21:50:00,7.99,331.0,22.44
2023-02-12 21:55:00,8.1,331.0,22.44
2023-02-12 22:00:00,8.39,331.0,22.44
2023-02-12 22:05:00,8.25,331.0,22.44
2023-02-12 22:10:00,8.105,331.0,22.44
2023-02-12 22:15:00,8.05,331.0,22.44
2023-02-12 22:20:00,8.26,331.0,22.44
2023-02-12 22:25:00,8.17,331.0,22.44
2023-02-12 22:30:00,7.86,331.0,22.38
2023-02-12 22:35:00,7.82,331.0,22.38
2023-02-12 22:40:00,7.835,329.0,22.38
2023-02-12 22:45:00,7.81,329.0,22.38
2023-02-12 22:50:00,7.42,329.0,22.38
2023-02-12 22:55:00,7.6899999999999995,329.0,22.38
2023-02-12 23:00:00,7.6,329.0,22.38
2023-02-12 23:05:00,7.96,331.0,22.31
2023-02-12 23:10:00,8.035,329.0,22.31
2023-02-12 23:15:00,7.46,329.0,22.31
2023-02-12 23:20:00,7.8,329.0,22.31
2023-02-12 23:25:00,7.81,329.0,22.31
2023-02-12 23:30:00,7.72,329.0,22.31
2023-02-12 23:35:00,7.625,329.0,22.31
2023-02-12 23:40:00,7.48,329.0,22.31
2023-02-12 23:45:00,8.01,329.0,22.31
2023-02-12 23:50:00,7.65,329.0,22.31
2023-02-12 23:55:00,7.665,329.0,22.31
2023-02-13 00:00:00,7.67,329.0,22.25
2023-02-13 00:05:00,7.745,329.0,22.25
2023-02-13 00:10:00,7.775,329.0,22.25
2023-02-13 00:15:00,8.1,329.0,22.25
2023-02-13 00:20:00,7.720000000000001,329.0,22.25
2023-02-13 00:25:00,7.68,329.0,22.25
2023-02-13 00:30:00,7.61,329.0,22.25
2023-02-13 00:35:00,7.67,329.0,22.25
2023-02-13 00:40:00,8.075,329.0,22.25
2023-02-13 00:45:00,7.545,329.0,22.25
2023-02-13 00:50:00,7.58,329.0,22.25
2023-02-13 00:55:00,7.835,329.0,22.25
2023-02-13 01:00:00,7.55,329.0,22.25
2023-02-13 01:05:00,7.800000000000001,329.0,22.19
2023-02-13 01:10:00,7.67,329.0,22.19
2023-02-13 01:15:00,7.705,329.0,22.19
2023-02-13 01:20:00,7.59,329.0,22.19
2023-02-13 01:25:00,7.505,329.0,22.19
2023-02-13 01:30:00,7.48,329.0,22.19
2023-02-13 01:35:00,7.21,329.0,22.19
2023-02-13 01:40:00,7.5600000000000005,329.0,22.19
2023-02-13 01:45:00,7.68,329.0,22.19
2023-02-13 01:50:00,7.609999999999999,329.0,22.19
2023-02-13 01:55:00,7.605,329.0,22.19
2023-02-13 02:00:00,7.25,329.0,22.19
2023-02-13 02:05:00,7.34,329.0,22.13
2023-02-13 02:10:00,7.66,329.0,22.13
2023-02-13 02:15:00,7.46,329.0,22.13
2023-02-13 02:20:00,7.35,329.0,22.13
2023-02-13 02:25:00,7.47,329.0,22.13
2023-02-13 02:30:00,7.12,329.0,22.13
2023-02-13 02:35:00,7.51,329.0,22.13
2023-02-13 02:40:00,7.4399999999999995,329.0,22.13
2023-02-13 02:45:00,7.51,329.0,22.13
2023-02-13 02:50:00,7.635,329.0,22.13
2023-02-13 02:55:00,7.25,329.0,22.13
2023-02-13 03:00:00,7.3,329.0,22.13
2023-02-13 03:05:00,7.640000000000001,329.0,22.13
2023-02-13 03:10:00,7.405,329.0,22.13
2023-02-13 03:15:00,7.18,329.0,22.13
2023-02-13 03:20:00,7.26,329.0,22.06
2023-02-13 03:25:00,7.57,329.0,22.06
2023-02-13 03:30:00,7.44,329.0,22.06
2023-02-13 03:35:00,7.42,329.0,22.06
2023-02-13 03:40:00,7.495,329.0,22.06
2023-02-13 03:45:00,7.154999999999999,330.0,22.06
2023-02-13 03:50:00,7.51,330.0,22.06
2023-02-13 03:55:00,7.28,330.0,22.06
2023-02-13 04:00:00,7.54,330.0,22.06
2023-02-13 04:05:00,7.32,330.0,22.06
2023-02-13 04:10:00,7.255,330.0,22.06
2023-02-13 04:15:00,7.029999999999999,328.0,22.06
2023-02-13 04:20:00,7.31,328.0,22.06
2023-02-13 04:25:00,7.02,330.0,22.06
2023-02-13 04:30:00,7.24,330.0,22.06
2023-02-13 04:35:00,7.145,328.0,22.0
2023-02-13 04:40:00,7.02,328.0,22.0
2023-02-13 04:45:00,7.0,328.0,22.0
2023-02-13 04:50:00,6.985,328.0,22.0
2023-02-13 04:55:00,7.235,328.0,22.0
2023-02-13 05:00:00,6.98,328.0,22.0
2023-02-13 05:05:00,6.965,328.0,22.0
2023-02-13 05:10:00,6.78,328.0,22.0
2023-02-13 05:15:00,6.95,328.0,22.0
2023-02-13 05:20:00,7.08,328.0,22.0
2023-02-13 05:25:00,7.3149999999999995,328.0,22.0
2023-02-13 05:30:00,7.0,328.0,22.0
2023-02-13 05:35:00,6.875,328.0,22.0
2023-02-13 05:40:00,7.2,328.0,22.0
2023-02-13 05:45:00,6.97,328.0,22.0
2023-02-13 05:50:00,7.08,328.0,21.94
2023-02-13 05:55:00,6.84,328.0,21.94
2023-02-13 06:00:00,7.109999999999999,328.0,21.94
2023-02-13 06:05:00,7.1,328.0,21.94
2023-02-13 06:10:00,7.359999999999999,328.0,21.94
2023-02-13 06:15:00,7.235,330.0,21.94
2023-02-13 06:20:00,7.14,330.0,21.94
2023-02-13 06:25:00,6.89,332.0,21.94
2023-02-13 06:30:00,6.8,332.0,21.94
2023-02-13 06:35:00,6.915,332.0,21.94
2023-02-13 06:40:00,7.095000000000001,332.0,21.94
2023-02-13 06:45:00,6.96,332.0,21.94
2023-02-13 06:50:00,6.8100000000000005,332.0,21.94
2023-02-13 06:55:00,6.74,332.0,21.94
2023-02-13 07:00:00,6.84,332.0,21.94
2023-02-13 07:05:00,6.61,330.0,21.94
2023-02-13 07:10:00,6.92,332.0,21.94
2023-02-13 07:15:00,7.04,332.0,21.94
2023-02-13 07:20:00,6.67,332.0,21.94
2023-02-13 07:25:00,6.795,332.0,21.94
2023-02-13 07:30:00,6.67,330.0,21.94
2023-02-13 07:35:00,6.6899999999999995,330.0,21.94
2023-02-13 07:40:00,6.6850000000000005,330.0,21.94
2023-02-13 07:45:00,6.89,330.0,21.94
2023-02-13 07:50:00,6.87,330.0,22.0
2023-02-13 07:55:00,6.795,332.0,22.0
2023-02-13 08:00:00,6.92,330.0,22.0
2023-02-13 08:05:00,6.89,330.0,22.0
2023-02-13 08:10:00,6.88,330.0,22.0
2023-02-13 08:15:00,6.51,330.0,22.0
2023-02-13 08:20:00,6.67,330.0,22.06
2023-02-13 08:25:00,6.74,330.0,22.06
2023-02-13 08:30:00,6.425000000000001,330.0,22.06
2023-02-13 08:35:00,6.76,331.0,22.06
2023-02-13 08:40:00,6.5600000000000005,331.0,22.06
2023-02-13 08:45:00,6.645,331.0,22.13
2023-02-13 08:50:00,6.875,331.0,22.13
2023-02-13 08:55:00,6.52,331.0,22.13
2023-02-13 09:00:00,6.81,331.0,22.13
2023-02-13 09:05:00,6.535,331.0,22.13
2023-02-13 09:10:00,7.06,331.0,22.13
2023-02-13 09:15:00,6.66,329.0,22.19
2023-02-13 09:20:00,6.779999999999999,329.0,22.19
2023-02-13 09:25:00,7.27,329.0,22.19
2023-02-13 09:30:00,6.84,329.0,22.25
2023-02-13 09:35:00,6.63,329.0,22.25
2023-02-13 09:40:00,6.99,329.0,22.25
2023-02-13 09:45:00,7.1,329.0,22.31
2023-02-13 09:50:00,6.86,329.0,22.31
2023-02-13 09:55:00,6.885,329.0,22.31
2023-02-13 10:00:00,6.33,329.0,22.38
2023-02-13 10:05:00,6.95,327.0,22.38
2023-02-13 10:10:00,6.8100000000000005,329.0,22.44
2023-02-13 10:15:00,6.6,329.0,22.44
2023-02-13 10:20:00,6.84,327.0,22.44
2023-02-13 10:25:00,7.01,327.0,22.5
2023-02-13 10:30:00,6.92,329.0,22.5
2023-02-13 10:35:00,7.29,327.0,22.5
2023-02-13 10:40:00,7.21,329.0,22.5
2023-02-13 10:45:00,6.68,329.0,22.56
2023-02-13 10:50:00,6.12,329.0,22.56
2023-02-13 10:55:00,6.71,327.0,22.56
2023-02-13 11:00:00,6.735,328.0,22.63
2023-02-13 11:05:00,6.76,329.0,22.63
2023-02-13 11:10:00,6.52,329.0,22.63
2023-02-13 11:15:00,7.24,327.0,22.63
2023-02-13 11:20:00,6.859999999999999,329.0,22.69
2023-02-13 11:25:00,6.515000000000001,329.0,22.69
2023-02-13 11:30:00,6.779999999999999,329.0,22.69
2023-02-13 11:35:00,6.425,329.0,22.75
2023-02-13 11:40:00,6.75,329.0,22.75
2023-02-13 11:45:00,6.68,329.0,22.75
2023-02-13 11:50:00,6.68,329.0,22.81
2023-02-13 11:55:00,6.86,329.0,22.81
2023-02-13 12:00:00,6.995,327.0,22.81
2023-02-13 12:05:00,6.605,329.0,22.81
2023-02-13 12:10:00,6.9,329.0,22.88
2023-02-13 12:15:00,6.52,329.0,22.88
2023-02-13 12:20:00,6.34,329.0,22.88
2023-02-13 12:25:00,6.93,328.0,22.94
2023-02-13 12:30:00,7.005,328.0,22.94
2023-02-13 12:35:00,6.7,328.0,22.94
2023-02-13 12:40:00,6.52,328.0,22.94
2023-02-13 12:45:00,6.5,330.0,23.06
2023-02-13 12:50:00,6.529999999999999,330.0,23.06
2023-02-13 12:55:00,6.74,332.0,23.13
2023-02-13 13:00:00,6.89,331.0,23.13
2023-02-13 13:05:00,6.8,330.0,23.19
2023-02-13 13:10:00,6.58,332.0,23.25
2023-02-13 13:15:00,7.09,330.0,23.25
2023-02-13 13:20:00,6.9,332.0,23.31
2023-02-13 13:25:00,6.87,332.0,23.31
2023-02-13 13:30:00,6.77,332.0,23.38
2023-02-13 13:35:00,6.845000000000001,332.0,23.38
2023-02-13 13:40:00,7.0,332.0,23.38
2023-02-13 13:45:00,7.17,332.0,23.44
2023-02-13 13:50:00,6.87,332.0,23.44
2023-02-13 13:55:00,6.89,332.0,23.5
2023-02-13 14:00:00,6.63,332.0,23.5
2023-02-13 14:05:00,7.055,332.0,23.5
2023-02-13 14:10:00,7.390000000000001,334.0,23.56
2023-02-13 14:15:00,6.984999999999999,334.0,23.56
2023-02-13 14:20:00,7.03,334.0,23.56
2023-02-13 14:25:00,7.37,335.0,23.56
2023-02-13 14:30:00,7.01,335.0,23.56
2023-02-13 14:35:00,7.47,337.0,23.63
2023-02-13 14:40:00,6.99,335.0,23.63
2023-02-13 14:45:00,7.33,335.0,23.63
2023-02-13 14:50:00,7.45,337.0,23.63
2023-02-13 14:55:00,7.65,337.0,23.63
2023-02-13 15:00:00,7.3,337.0,23.69
2023-02-13 15:05:00,7.87,337.0,23.69
2023-02-13 15:10:00,7.63,337.0,23.69
2023-02-13 15:15:00,7.81,339.0,23.69
2023-02-13 15:20:00,6.81,339.0,23.69
2023-02-13 15:25:00,6.67,339.0,23.69
2023-02-13 15:30:00,6.85,337.0,23.69
2023-02-13 15:35:00,7.245,339.0,23.75
2023-02-13 15:40:00,7.2,339.0,23.75
2023-02-13 15:45:00,7.62,339.0,23.75
2023-02-13 15:50:00,7.64,337.0,23.75
2023-02-13 15:55:00,7.53,339.0,23.75
2023-02-13 16:00:00,7.98,339.0,23.75
2023-02-13 16:05:00,7.82,340.0,23.75
2023-02-13 16:10:00,7.49,341.0,23.75
2023-02-13 16:15:00,7.765000000000001,341.0,23.75
2023-02-13 16:20:00,7.99,341.0,23.75
2023-02-13 16:25:00,8.09,341.0,23.75
2023-02-13 16:30:00,7.365,343.0,23.75
2023-02-13 16:35:00,7.58,343.0,23.75
2023-02-13 16:40:00,7.73,343.0,23.75
2023-02-13 16:45:00,7.825,343.0,23.75
2023-02-13 16:50:00,7.645,343.0,23.75
2023-02-13 16:55:00,8.09,343.0,23.75
2023-02-13 17:00:00,8.27,343.0,23.75
2023-02-13 17:05:00,8.01,343.0,23.75
2023-02-13 17:10:00,7.895,343.0,23.75
2023-02-13 17:15:00,7.9350000000000005,343.0,23.75
2023-02-13 17:20:00,8.16,343.0,23.75
2023-02-13 17:25:00,8.01,343.0,23.75
2023-02-13 17:30:00,7.94,345.0,23.75
2023-02-13 17:35:00,7.99,341.0,23.75
2023-02-13 17:40:00,8.4,339.0,23.75
2023-02-13 17:45:00,8.08,343.0,23.75
2023-02-13 17:50:00,8.08,343.0,23.75
2023-02-13 17:55:00,8.11,345.0,23.75
2023-02-13 18:00:00,8.38,343.0,23.75
2023-02-13 18:05:00,8.125,345.0,23.75
2023-02-13 18:10:00,8.28,343.0,23.75
2023-02-13 18:15:00,8.184999999999999,343.0,23.75
2023-02-13 18:20:00,8.34,343.0,23.75
2023-02-13 18:25:00,8.25,345.0,23.75
2023-02-13 18:30:00,8.375,345.0,23.75
2023-02-13 18:35:00,8.375,343.0,23.75
2023-02-13 18:40:00,8.25,343.0,23.75
2023-02-13 18:45:00,8.19,345.0,23.75
2023-02-13 18:50:00,8.434999999999999,344.0,23.75
2023-02-13 18:55:00,8.34,343.0,23.75
2023-02-13 19:00:00,8.29,343.0,23.75
2023-02-13 19:05:00,8.11,345.0,23.75
2023-02-13 19:10:00,8.565000000000001,345.0,23.75
2023-02-13 19:15:00,8.54,343.0,23.75
2023-02-13 19:20:00,8.44,345.0,23.75
2023-02-13 19:25:00,8.36,345.0,23.75
2023-02-13 19:30:00,8.69,345.0,23.75
2023-02-13 19:35:00,8.495000000000001,345.0,23.75
2023-02-13 19:40:00,8.620000000000001,350.0,23.75
2023-02-13 19:45:00,8.42,345.0,23.75
2023-02-13 19:50:00,8.74,345.0,23.75
2023-02-13 19:55:00,8.565,345.0,23.75
2023-02-13 20:00:00,8.555,345.0,23.75
2023-02-13 20:05:00,8.52,345.0,23.75
2023-02-13 20:10:00,8.585,345.0,23.75
2023-02-13 20:15:00,8.56,345.0,23.69
2023-02-13 20:20:00,8.545,345.0,23.69
2023-02-13 20:25:00,8.53,345.0,23.69
2023-02-13 20:30:00,8.785,345.0,23.69
2023-02-13 20:35:00,8.515,345.0,23.69
2023-02-13 20:40:00,8.54,345.0,23.69
2023-02-13 20:45:00,8.55,345.0,23.69
2023-02-13 20:50:00,8.71,345.0,23.69
2023-02-13 20:55:00,8.88,345.0,23.69
2023-02-13 21:00:00,8.52,345.0,23.69
2023-02-13 21:05:00,8.504999999999999,345.0,23.69
2023-02-13 21:10:00,8.655000000000001,345.0,23.69
2023-02-13 21:15:00,8.504999999999999,345.0,23.63
2023-02-13 21:20:00,8.81,345.0,23.63
2023-02-13 21:25:00,8.4,345.0,23.63
2023-02-13 21:30:00,8.75,345.0,23.63
2023-02-13 21:35:00,8.59,346.0,23.63
2023-02-13 21:40:00,8.61,346.0,23.63
2023-02-13 21:45:00,8.585,346.0,23.63
2023-02-13 21:50:00,8.74,346.0,23.63
2023-02-13 21:55:00,8.735,346.0,23.63
2023-02-13 22:00:00,8.705,346.0,23.63
2023-02-13 22:05:00,8.77,346.0,23.63
2023-02-13 22:10:00,8.68,346.0,23.63
2023-02-13 22:15:00,8.54,346.0,23.63
2023-02-13 22:20:00,8.719999999999999,346.0,23.63
2023-02-13 22:25:00,9.04,346.0,23.56
2023-02-13 22:30:00,8.78,346.0,23.56
2023-02-13 22:35:00,8.7,346.0,23.56
2023-02-13 22:40:00,8.88,350.0,23.56
2023-02-13 22:45:00,9.015,346.0,23.56
2023-02-13 22:50:00,8.62,346.0,23.56
2023-02-13 22:55:00,8.965,346.0,23.56
2023-02-13 23:00:00,8.89,346.0,23.56
2023-02-13 23:05:00,8.63,346.0,23.5
2023-02-13 23:10:00,8.915,346.0,23.5
2023-02-13 23:15:00,8.76,346.0,23.5
2023-02-13 23:20:00,9.01,346.0,23.5
2023-02-13 23:25:00,8.72,346.0,23.5
2023-02-13 23:30:00,9.254999999999999,346.0,23.5
2023-02-13 23:35:00,9.0,346.0,23.5
2023-02-13 23:40:00,8.78,346.0,23.5
2023-02-13 23:45:00,8.735,346.0,23.5
2023-02-13 23:50:00,9.1,346.0,23.44
2023-02-13 23:55:00,9.04,346.0,23.44
2023-02-14 00:00:00,8.82,344.0,23.44
2023-02-14 00:05:00,8.995000000000001,344.0,23.44
2023-02-14 00:10:00,9.09,344.0,23.44
2023-02-14 00:15:00,9.1,344.0,23.44
2023-02-14 00:20:00,9.15,344.0,23.44
2023-02-14 00:25:00,8.955,344.0,23.38
2023-02-14 00:30:00,9.38,344.0,23.38
2023-02-14 00:35:00,9.399999999999999,342.0,23.38
2023-02-14 00:40:00,8.86,344.0,23.38
2023-02-14 00:45:00,9.17,342.0,23.38
2023-02-14 00:50:00,9.344999999999999,342.0,23.38
2023-02-14 00:55:00,9.06,342.0,23.31
2023-02-14 01:00:00,9.285,342.0,23.31
2023-02-14 01:05:00,8.82,342.0,23.31
2023-02-14 01:10:00,8.94,342.0,23.31
2023-02-14 01:15:00,8.9,342.0,23.31
2023-02-14 01:20:00,9.075,342.0,23.31
2023-02-14 01:25:00,9.115,342.0,23.25
2023-02-14 01:30:00,9.385000000000002,342.0,23.25
2023-02-14 01:35:00,9.24,342.0,23.25
2023-02-14 01:40:00,9.01,342.0,23.25
2023-02-14 01:45:00,9.205,342.0,23.25
2023-02-14 01:50:00,9.094999999999999,342.0,23.25
2023-02-14 01:55:00,9.38,342.0,23.19
2023-02-14 02:00:00,9.195,340.0,23.19
2023-02-14 02:05:00,9.16,342.0,23.19
2023-02-14 02:10:00,9.225000000000001,342.0,23.19
2023-02-14 02:15:00,8.92,342.0,23.19
2023-02-14 02:20:00,8.99,342.0,23.19
2023-02-14 02:25:00,9.29,342.0,23.13
2023-02-14 02:30:00,9.01,340.0,23.13
2023-02-14 02:35:00,9.19,342.0,23.13
2023-02-14 02:40:00,9.21,340.0,23.13
2023-02-14 02:45:00,9.27,342.0,23.13
2023-02-14 02:50:00,8.879999999999999,342.0,23.13
2023-02-14 02:55:00,9.26,340.0,23.13
2023-02-14 03:00:00,9.225000000000001,341.0,23.13
2023-02-14 03:05:00,9.39,340.0,23.06
2023-02-14 03:10:00,9.11,340.0,23.06
2023-02-14 03:15:00,9.27,340.0,23.06
2023-02-14 03:20:00,9.055,340.0,23.06
2023-02-14 03:25:00,9.19,338.0,23.06
2023-02-14 03:30:00,9.36,340.0,23.06
2023-02-14 03:35:00,9.265,340.0,23.06
2023-02-14 03:40:00,9.01,340.0,23.06
2023-02-14 03:45:00,9.63,340.0,23.06
2023-02-14 03:50:00,8.91,340.0,23.06
2023-02-14 03:55:00,8.88,340.0,23.06
2023-02-14 04:00:00,9.33,340.0,23.06
2023-02-14 04:05:00,8.969999999999999,340.0,23.0
2023-02-14 04:10:00,9.165,338.0,23.0
2023-02-14 04:15:00,9.34,338.0,23.0
2023-02-14 04:20:00,9.18,340.0,23.0
2023-02-14 04:25:00,9.535,338.0,23.0
2023-02-14 04:30:00,9.2,340.0,23.0
2023-02-14 04:35:00,9.24,338.0,23.0
2023-02-14 04:40:00,9.62,340.0,23.0
2023-02-14 04:45:00,9.4,338.0,23.0
2023-02-14 04:50:00,9.16,338.0,22.94
2023-02-14 04:55:00,9.38,338.0,22.94
2023-02-14 05:00:00,9.105,338.0,22.94
2023-02-14 05:05:00,9.12,338.0,22.94
2023-02-14 05:10:00,9.025,338.0,22.94
2023-02-14 05:15:00,9.379999999999999,338.0,22.94
2023-02-14 05:20:00,9.265,336.0,22.94
2023-02-14 05:25:00,9.53,334.0,22.94
2023-02-14 05:30:00,9.135,330.0,22.94
2023-02-14 05:35:00,9.34,328.0,22.94
2023-02-14 05:40:00,9.17,332.0,22.94
2023-02-14 05:45:00,9.03,330.0,22.88
2023-02-14 05:50:00,9.39,330.0,22.88
2023-02-14 05:55:00,9.44,332.0,22.88
2023-02-14 06:00:00,9.08,332.0,22.88
2023-02-14 06:05:00,9.05,332.0,22.88
2023-02-14 06:10:00,9.21,330.0,22.88
2023-02-14 06:15:00,9.135000000000002,332.0,22.88
2023-02-14 06:20:00,9.18,330.0,22.88
2023-02-14 06:25:00,9.14,332.0,22.88
2023-02-14 06:30:00,9.01,334.0,22.88
2023-02-14 06:35:00,9.21,340.0,22.81
2023-02-14 06:40:00,9.28,341.0,22.81
2023-02-14 06:45:00,9.17,341.0,22.81
2023-02-14 06:50:00,9.11,341.0,22.81
2023-02-14 06:55:00,9.26,341.0,22.81
2023-02-14 07:00:00,9.235,341.0,22.81
2023-02-14 07:05:00,9.06,341.0,22.81
2023-02-14 07:10:00,8.855,341.0,22.81
2023-02-14 07:15:00,9.260000000000002,341.0,22.81
2023-02-14 07:20:00,8.86,341.0,22.75
2023-02-14 07:25:00,8.98,341.0,22.75
2023-02-14 07:30:00,9.15,341.0,22.75
2023-02-14 07:35:00,9.004999999999999,339.0,22.75
2023-02-14 07:40:00,9.04,339.0,22.75
2023-02-14 07:45:00,8.98,339.0,22.75
2023-02-14 07:50:00,9.14,339.0,22.75
2023-02-14 07:55:00,9.120000000000001,339.0,22.75
2023-02-14 08:00:00,8.68,339.0,22.75
2023-02-14 08:05:00,8.780000000000001,339.0,22.75
2023-02-14 08:10:00,8.75,339.0,22.75
2023-02-14 08:15:00,8.655000000000001,339.0,22.75
2023-02-14 08:20:00,8.92,339.0,22.75
2023-02-14 08:25:00,8.575,339.0,22.75
2023-02-14 08:30:00,8.65,339.0,22.75
2023-02-14 08:35:00,8.850000000000001,339.0,22.75
2023-02-14 08:40:00,8.8,339.0,22.75
2023-02-14 08:45:00,8.364999999999998,339.0,22.69
2023-02-14 08:50:00,8.81,339.0,22.69
2023-02-14 08:55:00,8.63,337.0,22.69
2023-02-14 09:00:00,8.62,339.0,22.69
2023-02-14 09:05:00,8.97,339.0,22.69
2023-02-14 09:10:00,8.58,339.0,22.75
2023-02-14 09:15:00,8.535,337.0,22.75
2023-02-14 09:20:00,8.63,337.0,22.75
2023-02-14 09:25:00,8.31,337.0,22.75
2023-02-14 09:30:00,8.38,337.0,22.75
2023-02-14 09:35:00,8.5,319.0,22.75
2023-02-14 09:40:00,8.655000000000001,313.0,22.75
2023-02-14 09:45:00,8.364999999999998,313.0,22.75
2023-02-14 09:50:00,8.595,317.0,22.75
2023-02-14 09:55:00,8.6,327.0,22.75
2023-02-14 10:00:00,8.245000000000001,325.0,22.75
2023-02-14 10:05:00,8.51,318.0,22.75
2023-02-14 10:10:00,8.7,335.0,22.81
2023-02-14 10:15:00,8.37,335.0,22.81
2023-02-14 10:20:00,8.04,334.0,22.81
2023-02-14 10:25:00,8.29,334.0,22.88
2023-02-14 10:30:00,8.309999999999999,334.0,22.88
2023-02-14 10:35:00,8.35,334.0,22.88
2023-02-14 10:40:00,8.530000000000001,334.0,22.88
2023-02-14 10:45:00,8.27,334.0,22.88
2023-02-14 10:50:00,8.37,334.0,22.88
2023-02-14 10:55:00,8.405000000000001,334.0,22.88
2023-02-14 11:00:00,7.865,333.0,22.94
2023-02-14 11:05:00,6.83,332.0,22.94
2023-02-14 11:10:00,6.21,332.0,23.0
2023-02-14 11:15:00,6.609999999999999,332.0,23.0
2023-02-14 11:20:00,7.34,336.0,23.0
2023-02-14 11:25:00,7.67,332.0,23.0
2023-02-14 11:30:00,7.0600000000000005,332.0,23.0
2023-02-14 11:35:00,7.495,332.0,23.06
2023-02-14 11:40:00,8.17,331.0,23.0
2023-02-14 11:45:00,7.87,334.0,23.06
2023-02-14 11:50:00,7.4350000000000005,332.0,23.06
2023-02-14 11:55:00,8.45,330.0,23.06
2023-02-14 12:00:00,7.715,332.0,23.06
2023-02-14 12:05:00,8.15,332.0,23.13
2023-02-14 12:10:00,8.01,334.0,23.13
2023-02-14 12:15:00,8.39,334.0,23.13
2023-02-14 12:20:00,7.98,332.0,23.13
2023-02-14 12:25:00,7.81,334.0,23.13
2023-02-14 12:30:00,8.06,332.0,23.13
2023-02-14 12:35:00,7.99,334.0,23.13
2023-02-14 12:40:00,7.93,334.0,23.13
2023-02-14 12:45:00,8.31,334.0,23.19
2023-02-14 12:50:00,7.545,334.0,23.19
2023-02-14 12:55:00,8.51,334.0,23.19
2023-02-14 13:00:00,7.62,334.0,23.19
2023-02-14 13:05:00,8.185,334.0,23.19
2023-02-14 13:10:00,,,
2023-02-14 13:15:00,7.52,336.0,23.19
2023-02-14 13:20:00,7.38,334.0,23.19
2023-02-14 13:25:00,,,
2023-02-14 13:30:00,8.38,334.0,23.19
2023-02-14 13:35:00,,,
2023-02-14 13:40:00,7.32,753.0,23.25
2023-02-14 13:45:00,,,
2023-02-14 13:50:00,8.35,336.0,23.25
2023-02-14 13:55:00,7.4,334.0,23.25
2023-02-14 14:00:00,7.94,332.0,23.25
2023-02-14 14:05:00,8.14,336.0,23.25
2023-02-14 14:10:00,7.415,541.5,23.25
2023-02-14 14:15:00,,,
2023-02-14 14:20:00,7.57,336.0,23.25
2023-02-14 14:25:00,7.34,336.0,23.31
2023-02-14 14:30:00,7.255,336.0,23.38
2023-02-14 14:35:00,7.09,334.0,23.38
2023-02-14 14:40:00,7.92,338.0,23.31
2023-02-14 14:45:00,7.88,336.0,23.38
2023-02-14 14:50:00,7.845000000000001,336.0,23.38
2023-02-14 14:55:00,7.24,337.0,23.38
2023-02-14 15:00:00,6.96,336.0,23.38
2023-02-14 15:05:00,8.125,336.0,23.44
2023-02-14 15:10:00,7.295,336.0,23.44
2023-02-14 15:15:00,7.475,335.0,23.44
2023-02-14 15:20:00,7.905,336.0,23.5
2023-02-14 15:25:00,7.4,338.0,23.5
2023-02-14 15:30:00,7.255,336.0,23.5
2023-02-14 15:35:00,7.63,336.0,23.5
2023-02-14 15:40:00,7.630000000000001,336.0,23.5
2023-02-14 15:45:00,7.8,336.0,23.56
2023-02-14 15:50:00,7.795,336.0,23.56
2023-02-14 15:55:00,7.8,336.0,23.56
2023-02-14 16:00:00,7.805,336.5,23.56
2023-02-14 16:05:00,7.845000000000001,338.0,23.56
2023-02-14 16:10:00,7.64,338.0,23.56
2023-02-14 16:15:00,7.895,337.0,23.56
2023-02-14 16:20:00,7.79,338.0,23.56
2023-02-14 16:25:00,8.385,337.0,23.595
2023-02-14 16:30:00,7.95,339.0,23.63
2023-02-14 16:35:00,8.04,339.0,23.63
2023-02-14 16:40:00,8.245000000000001,339.0,23.63
2023-02-14 16:45:00,7.99,339.0,23.63
2023-02-14 16:50:00,7.7,342.0,23.63
2023-02-14 16:55:00,8.08,342.0,23.63
2023-02-14 17:00:00,8.26,339.0,23.63
2023-02-14 17:05:00,8.37,342.0,23.63
2023-02-14 17:10:00,8.15,342.0,23.63
2023-02-14 17:15:00,7.94,339.0,23.63
2023-02-14 17:20:00,8.19,339.0,23.63
2023-02-14 17:25:00,8.305,339.0,23.63
2023-02-14 17:30:00,8.44,342.0,23.63
2023-02-14 17:35:00,8.030000000000001,342.0,23.63
2023-02-14 17:40:00,8.035,342.0,23.63
2023-02-14 17:45:00,8.51,342.0,23.63
2023-02-14 17:50:00,8.254999999999999,342.0,23.63
2023-02-14 17:55:00,8.27,342.0,23.63
2023-02-14 18:00:00,8.395,339.0,23.63
2023-02-14 18:05:00,8.79,342.0,23.63
2023-02-14 18:10:00,8.21,342.0,23.63
2023-02-14 18:15:00,8.22,342.0,23.63
2023-02-14 18:20:00,8.565000000000001,342.0,23.63
2023-02-14 18:25:00,8.265,342.0,23.63
2023-02-14 18:30:00,8.3,342.0,23.63
2023-02-14 18:35:00,8.22,339.0,23.63
2023-02-14 18:40:00,8.31,342.0,23.63
2023-02-14 18:45:00,8.4,342.0,23.63
2023-02-14 18:50:00,8.44,342.0,23.63
2023-02-14 18:55:00,8.36,342.0,23.63
2023-02-14 19:00:00,8.735,342.0,23.63
2023-02-14 19:05:00,8.48,342.0,23.63
2023-02-14 19:10:00,8.66,342.0,23.63
2023-02-14 19:15:00,8.9,342.0,23.63
2023-02-14 19:20:00,8.91,342.0,23.63
2023-02-14 19:25:00,8.9,342.0,23.56
2023-02-14 19:30:00,8.84,339.0,23.56
2023-02-14 19:35:00,8.96,340.0,23.56
2023-02-14 19:40:00,8.49,342.0,23.56
2023-02-14 19:45:00,8.504999999999999,340.0,23.56
2023-02-14 19:50:00,8.825,342.0,23.56
2023-02-14 19:55:00,8.625,342.0,23.56
2023-02-14 20:00:00,8.83,342.0,23.56
2023-02-14 20:05:00,8.94,342.0,23.56
2023-02-14 20:10:00,8.72,342.0,23.56
2023-02-14 20:15:00,8.84,342.0,23.56
2023-02-14 20:20:00,8.8,342.0,23.56
2023-02-14 20:25:00,9.055,340.0,23.56
2023-02-14 20:30:00,8.875,340.0,23.56
2023-02-14 20:35:00,8.95,342.0,23.56
2023-02-14 20:40:00,8.85,342.0,23.56
2023-02-14 20:45:00,8.75,342.0,23.56
2023-02-14 20:50:00,9.059999999999999,342.0,23.5
2023-02-14 20:55:00,8.82,342.0,23.5
2023-02-14 21:00:00,8.96,342.0,23.5
2023-02-14 21:05:00,8.815000000000001,342.0,23.5
2023-02-14 21:10:00,8.82,340.0,23.5
2023-02-14 21:15:00,9.03,342.0,23.5
2023-02-14 21:20:00,8.91,342.0,23.5
2023-02-14 21:25:00,8.93,342.0,23.5
2023-02-14 21:30:00,9.21,340.0,23.5
2023-02-14 21:35:00,8.83,342.0,23.5
2023-02-14 21:40:00,9.01,342.0,23.5
2023-02-14 21:45:00,9.26,342.0,23.44
2023-02-14 21:50:00,9.105,342.0,23.44
2023-02-14 21:55:00,9.03,342.0,23.44
2023-02-14 22:00:00,9.3,342.0,23.44
2023-02-14 22:05:00,9.12,342.0,23.44
2023-02-14 22:10:00,9.17,342.0,23.44
2023-02-14 22:15:00,8.93,340.0,23.44
2023-02-14 22:20:00,9.23,342.0,23.44
2023-02-14 22:25:00,9.37,342.0,23.38
2023-02-14 22:30:00,9.08,340.0,23.38
2023-02-14 22:35:00,9.31,342.0,23.38
2023-02-14 22:40:00,9.254999999999999,342.0,23.38
2023-02-14 22:45:00,9.05,340.0,23.38
2023-02-14 22:50:00,9.254999999999999,340.0,23.38
2023-02-14 22:55:00,9.28,340.0,23.38
2023-02-14 23:00:00,9.48,340.0,23.31
2023-02-14 23:05:00,9.42,342.0,23.31
2023-02-14 23:10:00,9.274999999999999,342.0,23.31
2023-02-14 23:15:00,9.6,342.0,23.31
2023-02-14 23:20:00,9.2,340.0,23.31
2023-02-14 23:25:00,9.530000000000001,340.0,23.31
2023-02-14 23:30:00,9.335,340.0,23.31
2023-02-14 23:35:00,9.385000000000002,340.0,23.31
2023-02-14 23:40:00,9.71,340.0,23.31
2023-02-14 23:45:00,9.57,340.0,23.25
2023-02-14 23:50:00,9.375,340.0,23.25
2023-02-14 23:55:00,9.49,340.0,23.25
2023-02-15 00:00:00,9.42,340.0,23.25
2023-02-15 00:05:00,9.535,340.0,23.25
2023-02-15 00:10:00,9.31,340.0,23.25
2023-02-15 00:15:00,9.63,340.0,23.25
2023-02-15 00:20:00,9.645,340.0,23.25
2023-02-15 00:25:00,9.925,340.0,23.19
2023-02-15 00:30:00,9.585,340.0,23.19
2023-02-15 00:35:00,9.64,340.0,23.19
2023-02-15 00:40:00,9.16,340.0,23.19
2023-02-15 00:45:00,9.51,340.0,23.19
2023-02-15 00:50:00,9.684999999999999,340.0,23.19
2023-02-15 00:55:00,9.46,340.0,23.19
2023-02-15 01:00:00,9.43,340.0,23.19
2023-02-15 01:05:00,9.375,340.0,23.13
2023-02-15 01:10:00,9.63,338.0,23.13
2023-02-15 01:15:00,9.265,340.0,23.13
2023-02-15 01:20:00,9.33,340.0,23.13
2023-02-15 01:25:00,9.46,338.0,23.13
2023-02-15 01:30:00,9.625,340.0,23.13
2023-02-15 01:35:00,9.27,340.0,23.13
2023-02-15 01:40:00,9.19,340.0,23.13
2023-02-15 01:45:00,9.165,338.0,23.13
2023-02-15 01:50:00,9.465,338.0,23.13
2023-02-15 01:55:00,9.21,338.0,23.13
2023-02-15 02:00:00,9.57,338.0,23.13
2023-02-15 02:05:00,9.66,340.0,23.06
2023-02-15 02:10:00,9.275,338.0,23.06
2023-02-15 02:15:00,9.38,338.0,23.06
2023-02-15 02:20:00,9.24,338.0,23.06
2023-02-15 02:25:00,9.74,338.0,23.06
2023-02-15 02:30:00,9.56,338.0,23.06
2023-02-15 02:35:00,9.605,338.0,23.06
2023-02-15 02:40:00,9.765,338.0,23.06
2023-02-15 02:45:00,9.44,338.0,23.0
2023-02-15 02:50:00,9.68,338.0,23.0
2023-02-15 02:55:00,9.575,338.0,23.0
2023-02-15 03:00:00,9.52,340.0,23.0
2023-02-15 03:05:00,9.6,338.0,23.0
2023-02-15 03:10:00,9.81,338.0,23.0
2023-02-15 03:15:00,9.4,338.0,23.0
2023-02-15 03:20:00,9.72,338.0,23.0
2023-02-15 03:25:00,9.49,338.0,23.0
2023-02-15 03:30:00,9.370000000000001,338.0,23.0
2023-02-15 03:35:00,9.3,338.0,22.94
2023-02-15 03:40:00,9.8,338.0,22.94
2023-02-15 03:45:00,9.684999999999999,338.0,22.94
2023-02-15 03:50:00,9.65,338.0,22.94
2023-02-15 03:55:00,9.57,338.0,22.94
2023-02-15 04:00:00,9.87,338.0,22.94
2023-02-15 04:05:00,9.68,338.0,22.94
2023-02-15 04:10:00,9.65,338.0,22.94
2023-02-15 04:15:00,9.49,338.0,22.94
2023-02-15 04:20:00,9.46,338.0,22.94
2023-02-15 04:25:00,9.325,338.0,22.88
2023-02-15 04:30:00,9.57,338.0,22.88
2023-02-15 04:35:00,9.695,338.0,22.88
2023-02-15 04:40:00,9.350000000000001,338.0,22.88
2023-02-15 04:45:00,9.61,338.0,22.88
2023-02-15 04:50:00,9.4,338.0,22.88
2023-02-15 04:55:00,9.285,338.0,22.88
2023-02-15 05:00:00,9.43,338.0,22.88
2023-02-15 05:05:00,9.18,338.0,22.88
2023-02-15 05:10:00,9.325,338.0,22.81
2023-02-15 05:15:00,9.85,339.0,22.81
2023-02-15 05:20:00,9.77,339.0,22.81
2023-02-15 05:25:00,9.645,339.0,22.81
2023-02-15 05:30:00,9.5,339.0,22.81
2023-02-15 05:35:00,9.495000000000001,337.0,22.81
2023-02-15 05:40:00,9.46,337.0,22.81
2023-02-15 05:45:00,9.455,339.0,22.81
2023-02-15 05:50:00,9.73,337.0,22.75
2023-02-15 05:55:00,9.53,339.0,22.75
2023-02-15 06:00:00,9.3,337.0,22.75
2023-02-15 06:05:00,9.675,339.0,22.75
2023-02-15 06:10:00,9.58,339.0,22.75
2023-02-15 06:15:00,9.524999999999999,339.0,22.75
2023-02-15 06:20:00,9.35,339.0,22.75
2023-02-15 06:25:00,9.49,339.0,22.75
2023-02-15 06:30:00,9.49,339.0,22.75
2023-02-15 06:35:00,9.88,341.0,22.75
2023-02-15 06:40:00,9.655000000000001,341.0,22.75
2023-02-15 06:45:00,9.465,341.0,22.75
2023-02-15 06:50:00,9.355,341.0,22.75
2023-02-15 06:55:00,9.38,341.0,22.75
2023-02-15 07:00:00,9.745000000000001,341.0,22.75
2023-02-15 07:05:00,9.594999999999999,341.0,22.75
2023-02-15 07:10:00,9.67,341.0,22.75
2023-02-15 07:15:00,9.445,341.0,22.75
2023-02-15 07:20:00,9.61,341.0,22.75
2023-02-15 07:25:00,9.63,339.0,22.75
2023-02-15 07:30:00,9.34,339.0,22.75
2023-02-15 07:35:00,9.43,339.0,22.75
2023-02-15 07:40:00,9.415,339.0,22.75
2023-02-15 07:45:00,9.305,339.0,22.75
2023-02-15 07:50:00,9.655000000000001,339.0,22.75
2023-02-15 07:55:00,9.065000000000001,339.0,22.75
2023-02-15 08:00:00,9.46,339.0,22.75
2023-02-15 08:05:00,9.055,339.0,22.81
2023-02-15 08:10:00,9.309999999999999,341.0,22.81
2023-02-15 08:15:00,9.19,339.0,22.81
2023-02-15 08:20:00,9.39,341.0,22.81
2023-02-15 08:25:00,9.46,341.0,22.81
2023-02-15 08:30:00,9.39,340.0,22.81
2023-02-15 08:35:00,9.344999999999999,339.0,22.81
2023-02-15 08:40:00,9.25,341.0,22.88
2023-02-15 08:45:00,9.44,340.0,22.88
2023-02-15 08:50:00,9.26,340.0,22.88
2023-02-15 08:55:00,9.115,340.0,22.88
2023-02-15 09:00:00,8.98,340.0,22.88
2023-02-15 09:05:00,9.155,340.0,22.88
2023-02-15 09:10:00,9.120000000000001,340.0,22.94
2023-02-15 09:15:00,9.13,338.0,22.94
2023-02-15 09:20:00,8.91,340.0,23.0
2023-02-15 09:25:00,9.14,338.0,23.0
2023-02-15 09:30:00,9.11,336.0,23.0
2023-02-15 09:35:00,9.15,336.0,23.0
2023-02-15 09:40:00,8.995000000000001,336.0,23.0
2023-02-15 09:45:00,8.850000000000001,336.0,23.06
2023-02-15 09:50:00,8.545,336.0,23.13
2023-02-15 09:55:00,8.905000000000001,336.0,23.13
2023-02-15 10:00:00,8.43,336.0,23.19
2023-02-15 10:05:00,9.26,335.0,23.19
2023-02-15 10:10:00,9.094999999999999,338.0,23.28
2023-02-15 10:15:00,9.32,338.0,23.25
2023-02-15 10:20:00,8.73,338.0,23.31
2023-02-15 10:25:00,8.55,336.0,23.31
2023-02-15 10:30:00,8.91,338.0,23.31
2023-02-15 10:35:00,9.31,338.0,23.38
2023-02-15 10:40:00,8.79,338.0,23.38
2023-02-15 10:45:00,8.27,338.0,23.38
2023-02-15 10:50:00,8.26,338.0,23.38
2023-02-15 10:55:00,8.844999999999999,338.0,23.44
2023-02-15 11:00:00,9.145,339.0,23.38
2023-02-15 11:05:00,8.684999999999999,336.0,23.44
2023-02-15 11:10:00,8.62,338.0,23.44
2023-02-15 11:15:00,9.16,340.0,23.5
2023-02-15 11:20:00,8.26,338.0,23.44
2023-02-15 11:25:00,8.42,342.0,23.5
2023-02-15 11:30:00,8.28,340.0,23.5
2023-02-15 11:35:00,8.395,338.0,23.56
2023-02-15 11:40:00,8.69,339.0,23.63
2023-02-15 11:45:00,9.11,335.0,23.63
2023-02-15 11:50:00,8.27,337.0,23.69
2023-02-15 11:55:00,8.72,339.0,23.69
2023-02-15 12:00:00,8.18,338.0,23.69
2023-02-15 12:05:00,8.455,340.0,23.69
2023-02-15 12:10:00,8.08,340.0,23.69
2023-02-15 12:15:00,8.47,339.0,23.75
2023-02-15 12:20:00,8.12,339.0,23.81
2023-02-15 12:25:00,8.38,341.0,23.81
2023-02-15 12:30:00,7.96,339.0,23.81
2023-02-15 12:35:00,8.309999999999999,341.0,23.88
2023-02-15 12:40:00,8.625,343.0,23.91
2023-02-15 12:45:00,7.8149999999999995,341.0,23.94
2023-02-15 12:50:00,8.375,341.0,23.94
2023-02-15 12:55:00,7.965,341.0,23.97
2023-02-15 13:00:00,8.49,341.0,24.0
2023-02-15 13:05:00,8.225000000000001,343.0,24.0
2023-02-15 13:10:00,8.915,345.0,24.06
2023-02-15 13:15:00,7.99,343.0,24.06
2023-02-15 13:20:00,8.16,346.0,24.095
2023-02-15 13:25:00,8.54,343.0,24.13
2023-02-15 13:30:00,7.91,343.0,24.13
2023-02-15 13:35:00,8.71,345.0,24.13
2023-02-15 13:40:00,8.42,343.0,24.19
2023-02-15 13:45:00,,,
2023-02-15 13:50:00,,,
2023-02-15 13:55:00,,,
2023-02-15 14:00:00,8.41,345.0,24.25
2023-02-15 14:05:00,8.18,343.0,24.25
2023-02-15 14:10:00,7.88,343.0,24.25
2023-02-15 14:15:00,,,
2023-02-15 14:20:00,,,
2023-02-15 14:25:00,,,
2023-02-15 14:30:00,,,
2023-02-15 14:35:00,,,
2023-02-15 14:40:00,,,
2023-02-15 14:45:00,,,
2023-02-15 14:50:00,,,
2023-02-15 14:55:00,,,
2023-02-15 15:00:00,,,
2023-02-15 15:05:00,,,
2023-02-15 15:10:00,,,
2023-02-15 15:15:00,,,
2023-02-15 15:20:00,,,
2023-02-15 15:25:00,,,
2023-02-15 15:30:00,,,
2023-02-15 15:35:00,,,
2023-02-15 15:40:00,,,
2023-02-15 15:45:00,,,
2023-02-15 15:50:00,,,
2023-02-15 15:55:00,,,
2023-02-15 16:00:00,,,
2023-02-15 16:05:00,,,
2023-02-15 16:10:00,,,
2023-02-15 16:15:00,,,
2023-02-15 16:20:00,,,
2023-02-15 16:25:00,,,
2023-02-15 16:30:00,,,
2023-02-15 16:35:00,,,
2023-02-15 16:40:00,,,
2023-02-15 16:45:00,,,
2023-02-15 16:50:00,,,
2023-02-15 16:55:00,,,
2023-02-15 17:00:00,,,
2023-02-15 17:05:00,,,
2023-02-15 17:10:00,,,
2023-02-15 17:15:00,,,
2023-02-15 17:20:00,7.475,356.0,24.63
2023-02-15 17:25:00,8.06,359.0,24.63
2023-02-15 17:30:00,6.93,357.0,24.63
2023-02-15 17:35:00,7.345,360.0,24.63
2023-02-15 17:40:00,6.89,359.0,24.63
2023-02-15 17:45:00,,,
2023-02-15 17:50:00,,,
2023-02-15 17:55:00,,,
2023-02-15 18:00:00,7.485,358.0,24.63
2023-02-15 18:05:00,7.02,357.0,24.63
2023-02-15 18:10:00,7.994999999999999,359.0,24.63
2023-02-15 18:15:00,7.08,359.0,24.63
2023-02-15 18:20:00,7.94,359.0,24.63
2023-02-15 18:25:00,7.16,359.0,24.63
2023-02-15 18:30:00,7.3,359.0,24.63
2023-02-15 18:35:00,7.61,358.0,24.63
2023-02-15 18:40:00,8.125,359.0,24.63
2023-02-15 18:45:00,7.654999999999999,359.0,24.63
2023-02-15 18:50:00,7.79,359.0,24.63
2023-02-15 18:55:00,7.965,359.0,24.56
2023-02-15 19:00:00,8.195,359.0,24.56
2023-02-15 19:05:00,7.43,359.0,24.56
2023-02-15 19:10:00,7.779999999999999,359.0,24.56
2023-02-15 19:15:00,8.0,359.0,24.56
2023-02-15 19:20:00,8.14,359.0,24.56
2023-02-15 19:25:00,7.815,359.0,24.56
2023-02-15 19:30:00,7.545,357.0,24.5
2023-02-15 19:35:00,8.07,357.0,24.5
2023-02-15 19:40:00,8.335,357.0,24.5
2023-02-15 19:45:00,8.36,357.0,24.44
2023-02-15 19:50:00,8.04,357.0,24.44
2023-02-15 19:55:00,8.05,357.0,24.44
2023-02-15 20:00:00,7.53,355.0,24.44
2023-02-15 20:05:00,7.9,359.0,24.38
2023-02-15 20:10:00,7.71,357.0,24.38
2023-02-15 20:15:00,8.59,355.0,24.38
2023-02-15 20:20:00,8.34,355.0,24.38
2023-02-15 20:25:00,8.605,355.0,24.38
2023-02-15 20:30:00,8.21,355.0,24.31
2023-02-15 20:35:00,8.2,354.0,24.31
2023-02-15 20:40:00,8.67,355.0,24.31
2023-02-15 20:45:00,8.25,353.0,24.31
2023-02-15 20:50:00,8.54,353.0,24.25
2023-02-15 20:55:00,7.9,353.0,24.25
2023-02-15 21:00:00,8.22,353.0,24.25
2023-02-15 21:05:00,8.435,353.0,24.25
2023-02-15 21:10:00,8.32,353.0,24.25
2023-02-15 21:15:00,8.274999999999999,353.0,24.25
2023-02-15 21:20:00,8.4,353.0,24.19
2023-02-15 21:25:00,8.54,353.0,24.19
2023-02-15 21:30:00,8.41,352.0,24.19
2023-02-15 21:35:00,8.49,351.0,24.19
2023-02-15 21:40:00,8.26,351.0,24.13
2023-02-15 21:45:00,8.43,351.0,24.13
2023-02-15 21:50:00,8.28,351.0,24.13
2023-02-15 21:55:00,8.17,351.0,24.13
2023-02-15 22:00:00,8.33,351.0,24.13
2023-02-15 22:05:00,8.07,351.0,24.06
2023-02-15 22:10:00,7.9,351.0,24.06
2023-02-15 22:15:00,8.01,351.0,24.06
2023-02-15 22:20:00,8.75,349.0,24.06
2023-02-15 22:25:00,8.67,349.0,24.0
2023-02-15 22:30:00,8.32,349.0,24.0
2023-02-15 22:35:00,8.02,351.0,24.0
2023-02-15 22:40:00,8.33,349.0,24.0
2023-02-15 22:45:00,8.14,349.0,23.94
2023-02-15 22:50:00,8.295,349.0,23.94
2023-02-15 22:55:00,8.545,350.0,23.94
2023-02-15 23:00:00,8.555,350.0,23.94
2023-02-15 23:05:00,8.41,349.0,23.88
2023-02-15 23:10:00,7.800000000000001,349.0,23.88
2023-02-15 23:15:00,8.125,349.0,23.88
2023-02-15 23:20:00,8.83,349.0,23.88
2023-02-15 23:25:00,8.899999999999999,349.0,23.88
2023-02-15 23:30:00,8.91,349.0,23.845
2023-02-15 23:35:00,8.27,349.0,23.81
2023-02-15 23:40:00,8.48,349.0,23.81
2023-02-15 23:45:00,7.83,349.0,23.81
2023-02-15 23:50:00,8.6,349.0,23.81
2023-02-15 23:55:00,8.48,349.0,23.75
2023-02-16 00:00:00,8.735,349.0,23.75
2023-02-16 00:05:00,8.96,345.0,23.75
2023-02-16 00:10:00,7.859999999999999,345.0,23.75
2023-02-16 00:15:00,9.175,345.0,23.75
2023-02-16 00:20:00,8.53,345.0,23.69
2023-02-16 00:25:00,8.18,345.0,23.69
2023-02-16 00:30:00,8.04,345.0,23.69
2023-02-16 00:35:00,8.02,345.0,23.69
2023-02-16 00:40:00,9.04,345.0,23.69
2023-02-16 00:45:00,8.684999999999999,345.0,23.63
2023-02-16 00:50:00,8.14,346.0,23.63
2023-02-16 00:55:00,8.59,346.0,23.63
2023-02-16 01:00:00,8.15,346.0,23.63
2023-02-16 01:05:00,8.57,346.0,23.63
2023-02-16 01:10:00,8.41,346.0,23.63
2023-02-16 01:15:00,8.235,346.0,23.56
2023-02-16 01:20:00,8.49,346.0,23.56
2023-02-16 01:25:00,8.47,346.0,23.56
2023-02-16 01:30:00,8.48,346.0,23.56
2023-02-16 01:35:00,8.66,346.0,23.56
2023-02-16 01:40:00,8.68,344.0,23.56
2023-02-16 01:45:00,8.41,344.0,23.5
2023-02-16 01:50:00,8.33,344.0,23.5
2023-02-16 01:55:00,8.51,344.0,23.5
2023-02-16 02:00:00,8.64,344.0,23.5
2023-02-16 02:05:00,8.45,344.0,23.5
2023-02-16 02:10:00,8.48,344.0,23.5
2023-02-16 02:15:00,8.24,344.0,23.44
2023-02-16 02:20:00,9.04,344.0,23.44
2023-02-16 02:25:00,8.83,344.0,23.44
2023-02-16 02:30:00,8.495000000000001,344.0,23.44
2023-02-16 02:35:00,8.48,344.0,23.44
2023-02-16 02:40:00,8.56,344.0,23.44
2023-02-16 02:45:00,8.425,344.0,23.38
2023-02-16 02:50:00,8.71,344.0,23.38
2023-02-16 02:55:00,8.945,344.0,23.38
2023-02-16 03:00:00,8.77,344.0,23.38
2023-02-16 03:05:00,8.26,344.0,23.38
2023-02-16 03:10:00,8.545,344.0,23.38
2023-02-16 03:15:00,8.46,344.0,23.31
2023-02-16 03:20:00,8.38,342.0,23.31
2023-02-16 03:25:00,8.370000000000001,342.0,23.31
2023-02-16 03:30:00,8.559999999999999,342.0,23.31
2023-02-16 03:35:00,8.625,344.0,23.31
2023-02-16 03:40:00,8.43,342.0,23.25
2023-02-16 03:45:00,8.795,342.0,23.25
2023-02-16 03:50:00,8.46,342.0,23.25
2023-02-16 03:55:00,8.52,342.0,23.25
2023-02-16 04:00:00,8.975000000000001,342.0,23.25
2023-02-16 04:05:00,8.7,342.0,23.19
2023-02-16 04:10:00,8.58,342.0,23.19
2023-02-16 04:15:00,8.7,342.0,23.19
2023-02-16 04:20:00,8.37,342.0,23.19
2023-02-16 04:25:00,8.620000000000001,342.0,23.19
2023-02-16 04:30:00,8.774999999999999,342.0,23.19
2023-02-16 04:35:00,8.72,342.0,23.13
2023-02-16 04:40:00,9.07,340.0,23.13
2023-02-16 04:45:00,8.965,342.0,23.13
2023-02-16 04:50:00,8.79,342.0,23.13
2023-02-16 04:55:00,8.58,342.0,23.13
2023-02-16 05:00:00,9.16,342.0,23.13
2023-02-16 05:05:00,8.85,340.0,23.06
2023-02-16 05:10:00,8.96,340.0,23.06
2023-02-16 05:15:00,8.73,340.0,23.06
2023-02-16 05:20:00,8.495000000000001,340.0,23.06
2023-02-16 05:25:00,8.78,340.0,23.06
2023-02-16 05:30:00,9.07,340.0,23.06
2023-02-16 05:35:00,9.07,340.0,23.06
2023-02-16 05:40:00,9.125,340.0,23.06
2023-02-16 05:45:00,9.14,340.0,23.0
2023-02-16 05:50:00,9.12,340.0,23.0
2023-02-16 05:55:00,9.3,340.0,23.0
2023-02-16 06:00:00,9.29,340.0,23.0
2023-02-16 06:05:00,9.05,340.0,23.0
2023-02-16 06:10:00,9.305,340.0,23.0
2023-02-16 06:15:00,9.145,340.0,23.0
2023-02-16 06:20:00,9.274999999999999,340.0,22.94
2023-02-16 06:25:00,9.29,340.0,22.94
2023-02-16 06:30:00,9.120000000000001,340.0,22.94
2023-02-16 06:35:00,9.24,340.0,22.94
2023-02-16 06:40:00,9.055,342.0,22.94
2023-02-16 06:45:00,9.4,342.0,22.94
2023-02-16 06:50:00,8.91,342.0,22.94
2023-02-16 06:55:00,9.129999999999999,342.0,22.94
2023-02-16 07:00:00,8.965,342.0,22.94
2023-02-16 07:05:00,9.344999999999999,340.0,22.94
2023-02-16 07:10:00,8.99,340.0,22.94
2023-02-16 07:15:00,9.01,342.0,22.94
2023-02-16 07:20:00,9.3,342.0,22.94
2023-02-16 07:25:00,9.195,341.0,22.94
2023-02-16 07:30:00,9.18,340.0,22.94
2023-02-16 07:35:00,9.44,340.0,23.0
2023-02-16 07:40:00,9.17,340.0,23.0
2023-02-16 07:45:00,9.23,340.0,23.0
2023-02-16 07:50:00,9.405000000000001,340.0,23.0
2023-02-16 07:55:00,9.58,340.0,23.0
2023-02-16 08:00:00,9.42,342.0,23.0
2023-02-16 08:05:00,9.575,340.0,23.0
2023-02-16 08:10:00,9.74,338.0,23.06
2023-02-16 08:15:00,9.535,343.0,23.06
2023-02-16 08:20:00,9.74,342.0,23.06
2023-02-16 08:25:00,8.975,340.0,23.13
2023-02-16 08:30:00,8.7,342.0,23.13
2023-02-16 08:35:00,9.415,343.0,23.19
2023-02-16 08:40:00,8.65,346.0,23.19
2023-02-16 08:45:00,8.54,344.0,23.19
2023-02-16 08:50:00,8.605,343.0,23.22
2023-02-16 08:55:00,8.255,342.0,23.22
2023-02-16 09:00:00,8.325,343.0,23.25
2023-02-16 09:05:00,8.88,342.0,23.25
2023-02-16 09:10:00,8.38,342.0,23.25
2023-02-16 09:15:00,9.18,342.0,23.25
2023-02-16 09:20:00,,,
2023-02-16 09:25:00,,,
2023-02-16 09:30:00,8.865,341.0,23.31
2023-02-16 09:35:00,9.23,342.0,23.31
2023-02-16 09:40:00,9.17,342.0,23.38
2023-02-16 09:45:00,9.73,342.0,23.38
2023-02-16 09:50:00,8.52,342.0,23.38
2023-02-16 09:55:00,9.77,342.0,23.38
2023-02-16 10:00:00,9.88,338.0,23.38
2023-02-16 10:05:00,,,
2023-02-16 10:10:00,,,
2023-02-16 10:15:00,,,
2023-02-16 10:20:00,,,
2023-02-16 10:25:00,,,
2023-02-16 10:30:00,,,
2023-02-16 10:35:00,,,
2023-02-16 10:40:00,,,
2023-02-16 10:45:00,,,
2023-02-16 10:50:00,,,
2023-02-16 10:55:00,,,
2023-02-16 11:00:00,,,
2023-02-16 11:05:00,,,
2023-02-16 11:10:00,,,
2023-02-16 11:15:00,,,
2023-02-16 11:20:00,,,
2023-02-16 11:25:00,,,
2023-02-16 11:30:00,,,
2023-02-16 11:35:00,,,
2023-02-16 11:40:00,,,
2023-02-16 11:45:00,,,
2023-02-16 11:50:00,,,
2023-02-16 11:55:00,,,
2023-02-16 12:00:00,,,
2023-02-16 12:05:00,,,
2023-02-16 12:10:00,,,
2023-02-16 12:15:00,,,
2023-02-16 12:20:00,,,
2023-02-16 12:25:00,,,
2023-02-16 12:30:00,,,
2023-02-16 12:35:00,,,
2023-02-16 12:40:00,,,
2023-02-16 12:45:00,,,
2023-02-16 12:50:00,,,
2023-02-16 12:55:00,,,
2023-02-16 13:00:00,,,
2023-02-16 13:05:00,,,
2023-02-16 13:10:00,,,
2023-02-16 13:15:00,,,
2023-02-16 13:20:00,,,
2023-02-16 13:25:00,,,
2023-02-16 13:30:00,,,
2023-02-16 13:35:00,,,
2023-02-16 13:40:00,,,
2023-02-16 13:45:00,,,
2023-02-16 13:50:00,,,
2023-02-16 13:55:00,,,
2023-02-16 14:00:00,,,
2023-02-16 14:05:00,,,
2023-02-16 14:10:00,,,
2023-02-16 14:15:00,,,
2023-02-16 14:20:00,,,
2023-02-16 14:25:00,,,
2023-02-16 14:30:00,,,
2023-02-16 14:35:00,,,
2023-02-16 14:40:00,,,
2023-02-16 14:45:00,,,
2023-02-16 14:50:00,,,
2023-02-16 14:55:00,,,
2023-02-16 15:00:00,,,
2023-02-16 15:05:00,,,
2023-02-16 15:10:00,,,
2023-02-16 15:15:00,,,
2023-02-16 15:20:00,,,
2023-02-16 15:25:00,,,
2023-02-16 15:30:00,,,
2023-02-16 15:35:00,,,
2023-02-16 15:40:00,,,
2023-02-16 15:45:00,,,
2023-02-16 15:50:00,,,
2023-02-16 15:55:00,,,
2023-02-16 16:00:00,,,
2023-02-16 16:05:00,,,
2023-02-16 16:10:00,,,
2023-02-16 16:15:00,,,
2023-02-16 16:20:00,,,
2023-02-16 16:25:00,,,
2023-02-16 16:30:00,,,
2023-02-16 16:35:00,,,
2023-02-16 16:40:00,,,
2023-02-16 16:45:00,,,
2023-02-16 16:50:00,,,
2023-02-16 16:55:00,,,
2023-02-16 17:00:00,,,
2023-02-16 17:05:00,,,
2023-02-16 17:10:00,,,
2023-02-16 17:15:00,,,
2023-02-16 17:20:00,,,
2023-02-16 17:25:00,,,
2023-02-16 17:30:00,,,
2023-02-16 17:35:00,,,
2023-02-16 17:40:00,,,
2023-02-16 17:45:00,,,
2023-02-16 17:50:00,,,
2023-02-16 17:55:00,,,
2023-02-16 18:00:00,,,
2023-02-16 18:05:00,,,
2023-02-16 18:10:00,,,
2023-02-16 18:15:00,,,
2023-02-16 18:20:00,,,
2023-02-16 18:25:00,,,
2023-02-16 18:30:00,,,
2023-02-16 18:35:00,7.705,354.0,24.31
2023-02-16 18:40:00,7.73,353.0,24.31
2023-02-16 18:45:00,6.9,355.0,24.31
2023-02-16 18:50:00,6.885,353.0,24.31
2023-02-16 18:55:00,7.14,355.0,24.31
2023-02-16 19:00:00,8.329999999999998,584.0,24.31
2023-02-16 19:05:00,,,
2023-02-16 19:10:00,7.595000000000001,354.0,24.25
2023-02-16 19:15:00,,,
2023-02-16 19:20:00,,,
2023-02-16 19:25:00,,,
2023-02-16 19:30:00,,,
2023-02-16 19:35:00,,,
2023-02-16 19:40:00,7.79,353.0,24.25
2023-02-16 19:45:00,7.3,353.0,24.25
2023-02-16 19:50:00,8.11,351.0,24.25
2023-02-16 19:55:00,7.65,352.0,24.25
2023-02-16 20:00:00,,,
2023-02-16 20:05:00,,,
2023-02-16 20:10:00,,,
2023-02-16 20:15:00,6.86,351.0,24.25
2023-02-16 20:20:00,7.1899999999999995,352.0,24.25
2023-02-16 20:25:00,6.99,354.0,24.25
2023-02-16 20:30:00,7.07,349.0,24.22
2023-02-16 20:35:00,6.785,352.0,24.19
2023-02-16 20:40:00,7.38,351.0,24.25
2023-02-16 20:45:00,7.37,351.0,24.19
2023-02-16 20:50:00,7.555,352.0,24.22
2023-02-16 20:55:00,,,
2023-02-16 21:00:00,7.49,353.0,24.19
2023-02-16 21:05:00,7.13,354.0,24.19
2023-02-16 21:10:00,7.59,351.0,24.19
2023-02-16 21:15:00,7.7,353.0,24.19
2023-02-16 21:20:00,7.89,351.0,24.19
2023-02-16 21:25:00,7.475,355.0,24.19
2023-02-16 21:30:00,7.535,351.0,24.13
2023-02-16 21:35:00,6.75,353.0,24.13
2023-02-16 21:40:00,7.5,353.0,24.13
2023-02-16 21:45:00,7.93,351.0,24.13
2023-02-16 21:50:00,,,
2023-02-16 21:55:00,7.02,353.0,24.13
2023-02-16 22:00:00,7.36,353.0,24.13
2023-02-16 22:05:00,7.445,352.0,24.13
2023-02-16 22:10:00,7.84,355.0,24.06
2023-02-16 22:15:00,7.52,351.0,24.06
2023-02-16 22:20:00,7.205,351.0,24.06
2023-02-16 22:25:00,6.74,353.0,24.06
2023-02-16 22:30:00,7.035,351.0,24.06
2023-02-16 22:35:00,7.39,353.0,24.06
2023-02-16 22:40:00,6.98,351.0,24.06
2023-02-16 22:45:00,7.53,351.0,24.06
2023-02-16 22:50:00,7.285,351.0,24.06
2023-02-16 22:55:00,7.56,353.0,24.0
2023-02-16 23:00:00,7.5649999999999995,352.0,24.0
2023-02-16 23:05:00,7.050000000000001,351.0,24.0
2023-02-16 23:10:00,6.83,351.0,24.0
2023-02-16 23:15:00,7.73,351.0,24.0
2023-02-16 23:20:00,7.59,351.0,24.0
2023-02-16 23:25:00,7.495,351.0,24.0
2023-02-16 23:30:00,7.18,351.0,24.0
2023-02-16 23:35:00,6.72,351.0,24.0
2023-02-16 23:40:00,7.725,351.0,24.0
2023-02-16 23:45:00,6.91,351.0,23.94
2023-02-16 23:50:00,7.44,351.0,23.94
2023-02-16 23:55:00,7.02,351.0,23.94
2023-02-17 00:00:00,6.84,350.0,23.94
2023-02-17 00:05:00,7.48,351.0,23.94
2023-02-17 00:10:00,7.07,351.0,23.94
2023-02-17 00:15:00,7.51,351.0,23.94
2023-02-17 00:20:00,7.12,351.0,23.94
2023-02-17 00:25:00,6.685,351.0,23.94
2023-02-17 00:30:00,7.41,351.0,23.88
2023-02-17 00:35:00,6.62,349.0,23.88
2023-02-17 00:40:00,7.3,351.0,23.88
2023-02-17 00:45:00,7.285,351.0,23.88
2023-02-17 00:50:00,7.73,351.0,23.88
2023-02-17 00:55:00,6.75,351.0,23.88
2023-02-17 01:00:00,7.69,351.0,23.88
2023-02-17 01:05:00,7.1850000000000005,351.0,23.88
2023-02-17 01:10:00,7.32,351.0,23.88
2023-02-17 01:15:00,7.11,349.0,23.88
2023-02-17 01:20:00,7.23,349.0,23.88
2023-02-17 01:25:00,6.76,351.0,23.88
2023-02-17 01:30:00,6.72,351.0,23.88
2023-02-17 01:35:00,7.13,351.0,23.81
2023-02-17 01:40:00,7.18,349.0,23.81
2023-02-17 01:45:00,6.72,349.0,23.81
2023-02-17 01:50:00,7.55,351.0,23.81
2023-02-17 01:55:00,7.63,351.0,23.81
2023-02-17 02:00:00,6.93,349.0,23.81
2023-02-17 02:05:00,7.17,349.0,23.81
2023-02-17 02:10:00,6.94,351.0,23.81
2023-02-17 02:15:00,6.77,349.0,23.81
2023-02-17 02:20:00,7.06,351.0,23.81
2023-02-17 02:25:00,7.33,351.0,23.81
2023-02-17 02:30:00,6.94,351.0,23.75
2023-02-17 02:35:00,7.085,350.0,23.75
2023-02-17 02:40:00,6.63,350.0,23.75
2023-02-17 02:45:00,7.02,350.0,23.75
2023-02-17 02:50:00,6.93,350.0,23.75
2023-02-17 02:55:00,6.91,352.0,23.75
2023-02-17 03:00:00,7.23,350.0,23.75
2023-02-17 03:05:00,6.67,350.0,23.75
2023-02-17 03:10:00,7.25,352.0,23.75
2023-02-17 03:15:00,7.21,352.0,23.75
2023-02-17 03:20:00,6.61,350.0,23.75
2023-02-17 03:25:00,7.035,350.0,23.69
2023-02-17 03:30:00,7.050000000000001,352.0,23.69
2023-02-17 03:35:00,6.62,350.0,23.69
2023-02-17 03:40:00,6.74,350.0,23.69
2023-02-17 03:45:00,6.675,350.0,23.69
2023-02-17 03:50:00,6.705,352.0,23.69
2023-02-17 03:55:00,7.13,350.0,23.69
2023-02-17 04:00:00,7.38,350.0,23.69
2023-02-17 04:05:00,6.485,350.0,23.69
2023-02-17 04:10:00,6.745,350.0,23.69
2023-02-17 04:15:00,6.7,350.0,23.69
2023-02-17 04:20:00,7.13,350.0,23.69
2023-02-17 04:25:00,7.115,350.0,23.63
2023-02-17 04:30:00,6.8,350.0,23.63
2023-02-17 04:35:00,6.56,350.0,23.63
2023-02-17 04:40:00,6.62,350.0,23.63
2023-02-17 04:45:00,6.96,350.0,23.63
2023-02-17 04:50:00,6.71,350.0,23.63
2023-02-17 04:55:00,6.84,350.0,23.63
2023-02-17 05:00:00,7.15,350.0,23.56
2023-02-17 05:05:00,7.005000000000001,350.0,23.56
2023-02-17 05:10:00,6.72,350.0,23.56
2023-02-17 05:15:00,7.3,350.0,23.56
2023-02-17 05:20:00,6.85,350.0,23.56
2023-02-17 05:25:00,7.04,350.0,23.56
2023-02-17 05:30:00,6.72,350.0,23.56
2023-02-17 05:35:00,6.625,350.0,23.56
2023-02-17 05:40:00,6.825,350.0,23.5
2023-02-17 05:45:00,6.64,350.0,23.5
2023-02-17 05:50:00,7.38,352.0,23.5
2023-02-17 05:55:00,6.505,348.0,23.5
2023-02-17 06:00:00,7.01,352.0,23.5
2023-02-17 06:05:00,6.84,350.0,23.5
2023-02-17 06:10:00,6.63,350.0,23.5
2023-02-17 06:15:00,7.25,350.0,23.5
2023-02-17 06:20:00,6.5649999999999995,350.0,23.44
2023-02-17 06:25:00,7.4350000000000005,350.0,23.44
2023-02-17 06:30:00,7.1,350.0,23.44
2023-02-17 06:35:00,7.02,351.0,23.44
2023-02-17 06:40:00,6.615,350.0,23.44
2023-02-17 06:45:00,6.66,350.0,23.44
2023-02-17 06:50:00,6.17,352.0,23.44
2023-02-17 06:55:00,7.28,352.0,23.44
2023-02-17 07:00:00,6.82,352.0,23.44
2023-02-17 07:05:00,7.1,351.0,23.44
2023-02-17 07:10:00,6.76,350.0,23.5
2023-02-17 07:15:00,6.48,350.0,23.5
2023-02-17 07:20:00,6.52,350.0,23.5
2023-02-17 07:25:00,6.69,350.0,23.5
2023-02-17 07:30:00,6.9,352.0,23.5
2023-02-17 07:35:00,6.37,350.0,23.5
2023-02-17 07:40:00,7.11,350.0,23.5
2023-02-17 07:45:00,6.76,350.0,23.5
2023-02-17 07:50:00,6.56,350.0,23.5
2023-02-17 07:55:00,7.0,350.0,23.5
2023-02-17 08:00:00,6.6899999999999995,352.0,23.5
2023-02-17 08:05:00,6.15,350.0,23.5
2023-02-17 08:10:00,7.42,352.0,23.5
2023-02-17 08:15:00,6.5,352.0,23.5
2023-02-17 08:20:00,6.725,350.0,23.5
2023-02-17 08:25:00,6.390000000000001,349.0,23.5
2023-02-17 08:30:00,,,
2023-02-17 08:35:00,6.76,350.0,23.53
2023-02-17 08:40:00,7.125,351.0,23.53
2023-02-17 08:45:00,6.65,352.0,23.56
2023-02-17 08:50:00,7.355,350.0,23.56
2023-02-17 08:55:00,6.24,352.0,23.56
2023-02-17 09:00:00,7.295,352.0,23.56
2023-02-17 09:05:00,,,
2023-02-17 09:10:00,,,
2023-02-17 09:15:00,,,
2023-02-17 09:20:00,,,
2023-02-17 09:25:00,,,
2023-02-17 09:30:00,,,
2023-02-17 09:35:00,,,
2023-02-17 09:40:00,,,
2023-02-17 09:45:00,,,
2023-02-17 09:50:00,,,
2023-02-17 09:55:00,,,
2023-02-17 10:00:00,,,
2023-02-17 10:05:00,,,
2023-02-17 10:10:00,,,
2023-02-17 10:15:00,,,
2023-02-17 10:20:00,,,
2023-02-17 10:25:00,,,
2023-02-17 10:30:00,,,
2023-02-17 10:35:00,,,
2023-02-17 10:40:00,,,
2023-02-17 10:45:00,,,
2023-02-17 10:50:00,,,
2023-02-17 10:55:00,,,
2023-02-17 11:00:00,,,
2023-02-17 11:05:00,,,
2023-02-17 11:10:00,,,
2023-02-17 11:15:00,,,
2023-02-17 11:20:00,,,
2023-02-17 11:25:00,,,
2023-02-17 11:30:00,,,
2023-02-17 11:35:00,,,
2023-02-17 11:40:00,,,
2023-02-17 11:45:00,6.67,345.0,24.0
2023-02-17 11:50:00,6.13,345.0,24.0
2023-02-17 11:55:00,6.2,345.0,24.0
2023-02-17 12:00:00,6.13,345.0,24.0
2023-02-17 12:05:00,6.06,353.0,24.06
2023-02-17 12:10:00,,,
2023-02-17 12:15:00,6.82,573.5,24.06
2023-02-17 12:20:00,7.27,345.0,24.06
2023-02-17 12:25:00,6.085,347.0,24.06
2023-02-17 12:30:00,7.12,345.0,24.06
2023-02-17 12:35:00,,,
2023-02-17 12:40:00,,,
2023-02-17 12:45:00,,,
2023-02-17 12:50:00,,,
2023-02-17 12:55:00,,,
2023-02-17 13:00:00,,,
2023-02-17 13:05:00,,,
2023-02-17 13:10:00,,,
2023-02-17 13:15:00,,,
2023-02-17 13:20:00,,,
2023-02-17 13:25:00,,,
2023-02-17 13:30:00,,,
2023-02-17 13:35:00,,,
2023-02-17 13:40:00,,,
2023-02-17 13:45:00,,,
2023-02-17 13:50:00,,,
2023-02-17 13:55:00,,,
2023-02-17 14:00:00,,,
2023-02-17 14:05:00,,,
2023-02-17 14:10:00,,,
2023-02-17 14:15:00,,,
2023-02-17 14:20:00,,,
2023-02-17 14:25:00,,,
2023-02-17 14:30:00,,,
2023-02-17 14:35:00,,,
2023-02-17 14:40:00,,,
2023-02-17 14:45:00,,,
2023-02-17 14:50:00,,,
2023-02-17 14:55:00,,,
2023-02-17 15:00:00,,,
2023-02-17 15:05:00,,,
2023-02-17 15:10:00,,,
2023-02-17 15:15:00,,,
2023-02-17 15:20:00,,,
2023-02-17 15:25:00,,,
2023-02-17 15:30:00,,,
2023-02-17 15:35:00,,,
2023-02-17 15:40:00,,,
2023-02-17 15:45:00,,,
2023-02-17 15:50:00,,,
2023-02-17 15:55:00,,,
2023-02-17 16:00:00,,,
2023-02-17 16:05:00,,,
2023-02-17 16:10:00,,,
2023-02-17 16:15:00,,,
2023-02-17 16:20:00,,,
2023-02-17 16:25:00,,,
2023-02-17 16:30:00,,,
2023-02-17 16:35:00,,,
2023-02-17 16:40:00,,,
2023-02-17 16:45:00,,,
2023-02-17 16:50:00,,,
2023-02-17 16:55:00,,,
2023-02-17 17:00:00,,,
2023-02-17 17:05:00,,,
2023-02-17 17:10:00,,,
2023-02-17 17:15:00,,,
2023-02-17 17:20:00,,,
2023-02-17 17:25:00,,,
2023-02-17 17:30:00,,,
2023-02-17 17:35:00,,,
2023-02-17 17:40:00,,,
2023-02-17 17:45:00,,,
2023-02-17 17:50:00,,,
2023-02-17 17:55:00,,,
2023-02-17 18:00:00,,,
2023-02-17 18:05:00,,,
2023-02-17 18:10:00,,,
2023-02-17 18:15:00,,,
2023-02-17 18:20:00,,,
2023-02-17 18:25:00,6.82,359.0,24.75
2023-02-17 18:30:00,6.84,359.0,24.75
2023-02-17 18:35:00,6.24,360.0,24.75
2023-02-17 18:40:00,5.9,361.0,24.75
2023-02-17 18:45:00,6.625,361.0,24.75
2023-02-17 18:50:00,6.44,361.0,24.75
2023-02-17 18:55:00,,,
2023-02-17 19:00:00,,,
2023-02-17 19:05:00,5.9,361.0,24.75
2023-02-17 19:10:00,6.49,359.0,24.75
2023-02-17 19:15:00,6.045,362.0,24.75
2023-02-17 19:20:00,6.57,362.0,24.75
2023-02-17 19:25:00,6.08,605.5,24.75
2023-02-17 19:30:00,5.94,363.0,24.75
2023-02-17 19:35:00,,,
2023-02-17 19:40:00,6.86,359.0,24.75
2023-02-17 19:45:00,5.7,361.0,24.75
2023-02-17 19:50:00,6.82,361.0,24.75
2023-02-17 19:55:00,,,
2023-02-17 20:00:00,,,
2023-02-17 20:05:00,,,
2023-02-17 20:10:00,5.875,361.0,24.75
2023-02-17 20:15:00,6.265000000000001,363.0,24.75
2023-02-17 20:20:00,,,
2023-02-17 20:25:00,6.65,361.0,24.75
2023-02-17 20:30:00,6.72,363.0,24.75
2023-02-17 20:35:00,6.48,363.0,24.75
2023-02-17 20:40:00,6.955,362.0,24.75
2023-02-17 20:45:00,5.99,363.0,24.75
2023-02-17 20:50:00,6.92,361.0,24.75
2023-02-17 20:55:00,6.74,363.0,24.75
2023-02-17 21:00:00,6.63,361.0,24.75
2023-02-17 21:05:00,,,
2023-02-17 21:10:00,,,
2023-02-17 21:15:00,6.72,365.0,24.75
2023-02-17 21:20:00,7.205,365.0,24.75
2023-02-17 21:25:00,6.7,363.0,24.75
2023-02-17 21:30:00,5.895,363.0,24.75
2023-02-17 21:35:00,6.744999999999999,364.0,24.75
2023-02-17 21:40:00,6.56,363.0,24.75
2023-02-17 21:45:00,,,
2023-02-17 21:50:00,6.855,602.0,24.75
2023-02-17 21:55:00,6.74,362.0,24.75
2023-02-17 22:00:00,6.745,363.0,24.75
2023-02-17 22:05:00,6.88,363.0,24.75
2023-02-17 22:10:00,6.33,363.0,24.75
2023-02-17 22:15:00,6.57,363.0,24.75
2023-02-17 22:20:00,6.5,363.0,24.75
2023-02-17 22:25:00,6.94,363.0,24.75
2023-02-17 22:30:00,6.7,363.0,24.75
2023-02-17 22:35:00,6.68,363.0,24.72
2023-02-17 22:40:00,6.66,363.0,24.69
2023-02-17 22:45:00,6.49,363.0,24.69
2023-02-17 22:50:00,6.18,363.0,24.69
2023-02-17 22:55:00,6.34,363.0,24.69
2023-02-17 23:00:00,6.41,363.0,24.69
2023-02-17 23:05:00,6.4,363.0,24.69
2023-02-17 23:10:00,6.9,363.0,24.69
2023-02-17 23:15:00,6.8149999999999995,363.0,24.69
2023-02-17 23:20:00,6.52,363.0,24.69
2023-02-17 23:25:00,6.61,363.0,24.69
2023-02-17 23:30:00,6.83,363.0,24.69
2023-02-17 23:35:00,6.59,363.0,24.69
2023-02-17 23:40:00,6.99,363.0,24.69
2023-02-17 23:45:00,6.95,363.0,24.69
2023-02-17 23:50:00,6.74,363.0,24.69
2023-02-17 23:55:00,6.800000000000001,363.0,24.69
2023-02-18 00:00:00,6.52,363.0,24.69
2023-02-18 00:05:00,6.51,363.0,24.69
2023-02-18 00:10:00,6.77,363.0,24.69
2023-02-18 00:15:00,6.84,363.0,24.69
2023-02-18 00:20:00,6.43,363.0,24.69
2023-02-18 00:25:00,6.1850000000000005,363.0,24.63
2023-02-18 00:30:00,6.595000000000001,363.0,24.69
2023-02-18 00:35:00,6.595,363.0,24.63
2023-02-18 00:40:00,6.845,363.0,24.63
2023-02-18 00:45:00,6.915,363.0,24.63
2023-02-18 00:50:00,6.38,363.0,24.63
2023-02-18 00:55:00,6.79,362.0,24.63
2023-02-18 01:00:00,6.455,363.0,24.63
2023-02-18 01:05:00,6.84,363.0,24.63
2023-02-18 01:10:00,6.28,363.0,24.63
2023-02-18 01:15:00,7.135,363.0,24.63
2023-02-18 01:20:00,6.6850000000000005,363.0,24.63
2023-02-18 01:25:00,6.69,363.0,24.63
2023-02-18 01:30:00,6.67,363.0,24.63
2023-02-18 01:35:00,6.5600000000000005,363.0,24.63
2023-02-18 01:40:00,6.49,363.0,24.63
2023-02-18 01:45:00,6.415,361.0,24.63
2023-02-18 01:50:00,6.53,363.0,24.63
2023-02-18 01:55:00,6.66,361.0,24.63
2023-02-18 02:00:00,6.44,361.0,24.63
2023-02-18 02:05:00,6.85,361.0,24.63
2023-02-18 02:10:00,6.02,361.0,24.63
2023-02-18 02:15:00,6.75,361.0,24.56
2023-02-18 02:20:00,6.52,361.0,24.56
2023-02-18 02:25:00,6.88,363.0,24.56
2023-02-18 02:30:00,6.43,361.0,24.56
2023-02-18 02:35:00,6.675000000000001,362.0,24.56
2023-02-18 02:40:00,6.48,363.0,24.56
2023-02-18 02:45:00,7.029999999999999,363.0,24.56
2023-02-18 02:50:00,6.545,361.0,24.56
2023-02-18 02:55:00,6.485,363.0,24.56
2023-02-18 03:00:00,6.31,361.0,24.56
2023-02-18 03:05:00,6.74,363.0,24.56
2023-02-18 03:10:00,6.225,361.0,24.56
2023-02-18 03:15:00,6.47,361.0,24.56
2023-02-18 03:20:00,6.61,361.0,24.5
2023-02-18 03:25:00,6.96,361.0,24.5
2023-02-18 03:30:00,6.65,361.0,24.5
2023-02-18 03:35:00,6.53,363.0,24.5
2023-02-18 03:40:00,6.775,361.0,24.5
2023-02-18 03:45:00,6.855,361.0,24.5
2023-02-18 03:50:00,6.46,361.0,24.5
2023-02-18 03:55:00,6.67,361.0,24.5
2023-02-18 04:00:00,6.765000000000001,361.0,24.5
2023-02-18 04:05:00,6.74,361.0,24.5
2023-02-18 04:10:00,6.64,361.0,24.5
2023-02-18 04:15:00,6.98,361.0,24.5
2023-02-18 04:20:00,6.63,361.0,24.5
2023-02-18 04:25:00,7.01,361.0,24.44
2023-02-18 04:30:00,6.81,361.0,24.44
2023-02-18 04:35:00,6.615,361.0,24.44
2023-02-18 04:40:00,6.61,361.0,24.44
2023-02-18 04:45:00,6.54,361.0,24.44
2023-02-18 04:50:00,6.45,361.0,24.44
2023-02-18 04:55:00,6.54,361.0,24.44
2023-02-18 05:00:00,6.654999999999999,361.0,24.44
2023-02-18 05:05:00,6.71,361.0,24.44
2023-02-18 05:10:00,6.3149999999999995,361.0,24.38
2023-02-18 05:15:00,6.76,361.0,24.38
2023-02-18 05:20:00,6.73,361.0,24.38
2023-02-18 05:25:00,6.44,361.0,24.38
2023-02-18 05:30:00,6.21,361.0,24.38
2023-02-18 05:35:00,6.755,361.0,24.38
2023-02-18 05:40:00,6.82,361.0,24.38
2023-02-18 05:45:00,6.14,361.0,24.38
2023-02-18 05:50:00,6.24,361.0,24.38
2023-02-18 05:55:00,6.85,361.0,24.38
2023-02-18 06:00:00,6.37,361.0,24.38
2023-02-18 06:05:00,6.55,361.0,24.31
2023-02-18 06:10:00,6.71,361.0,24.31
2023-02-18 06:15:00,6.73,361.0,24.31
2023-02-18 06:20:00,6.83,361.0,24.31
2023-02-18 06:25:00,6.1899999999999995,361.0,24.31
2023-02-18 06:30:00,6.66,361.0,24.31
2023-02-18 06:35:00,6.52,361.0,24.31
2023-02-18 06:40:00,7.279999999999999,361.0,24.31
2023-02-18 06:45:00,6.805,361.0,24.31
2023-02-18 06:50:00,6.24,361.0,24.31
2023-02-18 06:55:00,6.074999999999999,361.0,24.31
2023-02-18 07:00:00,6.595000000000001,361.0,24.31
2023-02-18 07:05:00,6.805,361.0,24.31
2023-02-18 07:10:00,6.43,361.0,24.31
2023-02-18 07:15:00,6.98,361.0,24.31
2023-02-18 07:20:00,6.295,361.0,24.31
2023-02-18 07:25:00,6.51,359.0,24.31
2023-02-18 07:30:00,6.265000000000001,361.0,24.31
2023-02-18 07:35:00,6.75,361.0,24.31
2023-02-18 07:40:00,6.29,361.0,24.31
2023-02-18 07:45:00,6.21,361.0,24.31
2023-02-18 07:50:00,7.1850000000000005,361.0,24.31
2023-02-18 07:55:00,7.19,359.0,24.31
2023-02-18 08:00:00,6.55,361.0,24.31
2023-02-18 08:05:00,6.154999999999999,361.0,24.31
2023-02-18 08:10:00,6.5649999999999995,361.0,24.31
2023-02-18 08:15:00,6.16,361.0,24.31
2023-02-18 08:20:00,6.74,361.0,24.31
2023-02-18 08:25:00,6.07,361.0,24.31
2023-02-18 08:30:00,6.19,359.0,24.31
2023-02-18 08:35:00,6.390000000000001,361.0,24.31
2023-02-18 08:40:00,6.105,361.0,24.31
2023-02-18 08:45:00,6.94,361.0,24.345
2023-02-18 08:50:00,6.43,359.0,24.38
2023-02-18 08:55:00,6.83,361.0,24.38
2023-02-18 09:00:00,6.154999999999999,361.0,24.38
2023-02-18 09:05:00,6.84,359.0,24.38
2023-02-18 09:10:00,7.055,361.0,24.38
2023-02-18 09:15:00,6.25,361.0,24.38
2023-02-18 09:20:00,6.02,361.0,24.44
2023-02-18 09:25:00,7.14,361.0,24.44
2023-02-18 09:30:00,5.69,361.0,24.44
2023-02-18 09:35:00,7.345000000000001,360.0,24.5
2023-02-18 09:40:00,7.32,360.0,24.5
2023-02-18 09:45:00,6.22,359.0,24.5
2023-02-18 09:50:00,6.145,360.0,24.56
2023-02-18 09:55:00,7.390000000000001,361.0,24.56
2023-02-18 10:00:00,6.9,360.0,24.56
2023-02-18 10:05:00,6.24,361.0,24.56
2023-02-18 10:10:00,7.35,361.0,24.63
2023-02-18 10:15:00,6.14,359.0,24.63
2023-02-18 10:20:00,5.8,359.0,24.63
2023-02-18 10:25:00,6.16,361.0,24.63
2023-02-18 10:30:00,7.41,359.0,24.69
2023-02-18 10:35:00,6.01,361.0,24.69
2023-02-18 10:40:00,5.92,359.0,24.69
2023-02-18 10:45:00,5.98,359.0,24.75
2023-02-18 10:50:00,7.3,360.0,24.75
2023-02-18 10:55:00,7.17,359.0,24.75
2023-02-18 11:00:00,7.09,361.0,24.75
2023-02-18 11:05:00,6.07,359.0,24.75
2023-02-18 11:10:00,6.29,363.0,24.75
2023-02-18 11:15:00,6.28,361.0,24.75
2023-02-18 11:20:00,7.28,358.0,24.81
2023-02-18 11:25:00,6.51,358.0,24.81
2023-02-18 11:30:00,,,
2023-02-18 11:35:00,6.81,361.0,24.81
2023-02-18 11:40:00,6.69,361.0,24.81
2023-02-18 11:45:00,7.135,359.0,24.81
2023-02-18 11:50:00,6.79,358.0,24.88
2023-02-18 11:55:00,6.84,359.5,24.845
2023-02-18 12:00:00,,,
2023-02-18 12:05:00,,,
2023-02-18 12:10:00,,,
2023-02-18 12:15:00,,,
2023-02-18 12:20:00,,,
2023-02-18 12:25:00,7.14,360.0,24.94
2023-02-18 12:30:00,7.24,358.0,24.94
2023-02-18 12:35:00,6.46,358.0,24.94
2023-02-18 12:40:00,6.74,360.0,25.0
2023-02-18 12:45:00,6.39,360.0,25.0
2023-02-18 12:50:00,6.77,359.0,25.0
2023-02-18 12:55:00,6.27,362.0,25.06
2023-02-18 13:00:00,6.635,361.0,25.0
2023-02-18 13:05:00,7.23,360.0,25.06
2023-02-18 13:10:00,6.81,360.0,25.06
2023-02-18 13:15:00,6.26,360.0,25.06
2023-02-18 13:20:00,,,
2023-02-18 13:25:00,,,
2023-02-18 13:30:00,6.31,360.0,25.13
2023-02-18 13:35:00,6.32,360.0,25.13
2023-02-18 13:40:00,7.19,360.0,25.13
2023-02-18 13:45:00,6.625,362.0,25.13
2023-02-18 13:50:00,6.365,362.0,25.13
2023-02-18 13:55:00,,,
2023-02-18 14:00:00,,,
2023-02-18 14:05:00,6.18,362.0,25.16
2023-02-18 14:10:00,6.53,361.0,25.19
2023-02-18 14:15:00,6.355,361.0,25.19
2023-02-18 14:20:00,6.41,360.0,25.19
2023-02-18 14:25:00,,,
2023-02-18 14:30:00,6.07,362.0,25.19
2023-02-18 14:35:00,7.08,362.0,25.19
2023-02-18 14:40:00,5.76,366.0,25.19
2023-02-18 14:45:00,,,
2023-02-18 14:50:00,,,
2023-02-18 14:55:00,6.28,362.0,25.25
2023-02-18 15:00:00,7.27,362.0,25.25
2023-02-18 15:05:00,7.18,361.0,25.25
2023-02-18 15:10:00,,,
2023-02-18 15:15:00,7.06,364.0,25.25
2023-02-18 15:20:00,,,
2023-02-18 15:25:00,,,
2023-02-18 15:30:00,6.45,362.0,25.25
2023-02-18 15:35:00,7.09,364.0,25.25
2023-02-18 15:40:00,6.33,362.0,25.25
2023-02-18 15:45:00,6.74,366.0,25.25
2023-02-18 15:50:00,6.904999999999999,364.0,25.28
2023-02-18 15:55:00,5.96,364.0,25.31
2023-02-18 16:00:00,,,
2023-02-18 16:05:00,6.9350000000000005,367.0,25.31
2023-02-18 16:10:00,5.87,365.0,25.31
2023-02-18 16:15:00,5.96,366.0,25.31
2023-02-18 16:20:00,6.88,364.0,25.31
2023-02-18 16:25:00,6.65,365.0,25.31
2023-02-18 16:30:00,5.79,366.0,25.31
2023-02-18 16:35:00,,,
2023-02-18 16:40:00,,,
2023-02-18 16:45:00,6.85,366.0,25.31
2023-02-18 16:50:00,6.96,368.0,25.31
2023-02-18 16:55:00,6.67,365.0,25.345
2023-02-18 17:00:00,6.54,365.0,25.38
2023-02-18 17:05:00,6.645,365.0,25.38
2023-02-18 17:10:00,7.2,848.0,25.38
2023-02-18 17:15:00,7.17,367.0,25.38
2023-02-18 17:20:00,,,
2023-02-18 17:25:00,,,
2023-02-18 17:30:00,6.8,366.0,25.38
2023-02-18 17:35:00,7.18,366.0,25.38
2023-02-18 17:40:00,7.01,368.0,25.38
2023-02-18 17:45:00,7.02,368.0,25.38
2023-02-18 17:50:00,7.25,368.0,25.38
2023-02-18 17:55:00,6.51,368.0,25.38
2023-02-18 18:00:00,7.08,370.0,25.38
2023-02-18 18:05:00,,,
2023-02-18 18:10:00,,,
2023-02-18 18:15:00,6.14,368.0,25.38
2023-02-18 18:20:00,6.115,368.0,25.38
2023-02-18 18:25:00,6.655,372.0,25.38
2023-02-18 18:30:00,7.140000000000001,367.0,25.38
2023-02-18 18:35:00,5.91,368.0,25.38
2023-02-18 18:40:00,6.28,368.0,25.38
2023-02-18 18:45:00,6.6899999999999995,373.5,25.38
2023-02-18 18:50:00,,,
2023-02-18 18:55:00,,,
2023-02-18 19:00:00,,,
2023-02-18 19:05:00,,,
2023-02-18 19:10:00,5.89,372.0,25.38
2023-02-18 19:15:00,6.36,368.0,25.38
2023-02-18 19:20:00,7.135,372.0,25.38
2023-02-18 19:25:00,,,
2023-02-18 19:30:00,,,
2023-02-18 19:35:00,,,
2023-02-18 19:40:00,,,
2023-02-18 19:45:00,,,
2023-02-18 19:50:00,,,
2023-02-18 19:55:00,6.58,373.5,25.38
2023-02-18 20:00:00,,,
2023-02-18 20:05:00,6.92,370.5,25.38
2023-02-18 20:10:00,7.175,369.0,25.38
2023-02-18 20:15:00,,,
2023-02-18 20:20:00,7.3,375.0,25.38
2023-02-18 20:25:00,,,
2023-02-18 20:30:00,,,
2023-02-18 20:35:00,,,
2023-02-18 20:40:00,5.970000000000001,372.0,25.38
2023-02-18 20:45:00,7.12,882.0,25.38
2023-02-18 20:50:00,6.7,372.0,25.38
2023-02-18 20:55:00,6.77,372.0,25.38
2023-02-18 21:00:00,7.13,372.0,25.31
2023-02-18 21:05:00,6.25,372.0,25.31
2023-02-18 21:10:00,7.16,372.0,25.31
2023-02-18 21:15:00,6.395,374.0,25.31
2023-02-18 21:20:00,6.03,373.0,25.31
2023-02-18 21:25:00,6.42,375.0,25.31
2023-02-18 21:30:00,6.305,374.0,25.31
2023-02-18 21:35:00,6.24,373.0,25.31
2023-02-18 21:40:00,6.165,373.0,25.31
2023-02-18 21:45:00,6.98,373.0,25.31
2023-02-18 21:50:00,6.88,373.0,25.31
2023-02-18 21:55:00,6.73,373.0,25.31
2023-02-18 22:00:00,6.415,373.0,25.31
2023-02-18 22:05:00,6.63,373.0,25.28
2023-02-18 22:10:00,6.81,373.0,25.31
2023-02-18 22:15:00,6.08,373.0,25.31
2023-02-18 22:20:00,6.369999999999999,373.0,25.25
2023-02-18 22:25:00,6.81,373.0,25.25
2023-02-18 22:30:00,6.26,373.0,25.25
2023-02-18 22:35:00,6.205,373.0,25.25
2023-02-18 22:40:00,6.485,373.0,25.25
2023-02-18 22:45:00,6.77,373.0,25.25
2023-02-18 22:50:00,6.81,373.0,25.25
2023-02-18 22:55:00,6.44,373.0,25.25
2023-02-18 23:00:00,6.76,373.0,25.25
2023-02-18 23:05:00,6.495,373.0,25.25
2023-02-18 23:10:00,6.465,374.0,25.25
2023-02-18 23:15:00,6.79,373.0,25.25
2023-02-18 23:20:00,6.904999999999999,373.0,25.25
2023-02-18 23:25:00,6.68,373.0,25.25
2023-02-18 23:30:00,6.71,373.0,25.19
2023-02-18 23:35:00,6.385,373.0,25.19
2023-02-18 23:40:00,6.93,373.0,25.19
2023-02-18 23:45:00,6.39,373.0,25.19
2023-02-18 23:50:00,6.795,373.0,25.19
2023-02-18 23:55:00,6.71,373.0,25.19
2023-02-19 00:00:00,6.97,373.0,25.19
2023-02-19 00:05:00,6.88,373.0,25.19
2023-02-19 00:10:00,6.76,373.0,25.19
2023-02-19 00:15:00,6.58,373.0,25.19
2023-02-19 00:20:00,6.4350000000000005,373.0,25.19
2023-02-19 00:25:00,6.619999999999999,373.0,25.19
2023-02-19 00:30:00,6.96,373.0,25.19
2023-02-19 00:35:00,6.49,373.0,25.19
2023-02-19 00:40:00,6.475,373.0,25.13
2023-02-19 00:45:00,6.25,369.0,25.13
2023-02-19 00:50:00,6.89,373.0,25.13
2023-02-19 00:55:00,6.3,373.0,25.13
2023-02-19 01:00:00,6.715,373.0,25.13
2023-02-19 01:05:00,6.42,373.0,25.13
2023-02-19 01:10:00,6.94,369.0,25.13
2023-02-19 01:15:00,6.75,369.0,25.13
2023-02-19 01:20:00,6.47,369.0,25.13
2023-02-19 01:25:00,6.395,371.0,25.13
2023-02-19 01:30:00,6.52,373.0,25.13
2023-02-19 01:35:00,6.6,373.0,25.06
2023-02-19 01:40:00,6.2,373.0,25.06
2023-02-19 01:45:00,6.08,373.0,25.06
2023-02-19 01:50:00,6.65,373.0,25.06
2023-02-19 01:55:00,6.7,371.0,25.06
2023-02-19 02:00:00,6.355,373.0,25.06
2023-02-19 02:05:00,6.715,371.0,25.06
2023-02-19 02:10:00,6.875,369.0,25.06
2023-02-19 02:15:00,6.84,371.0,25.06
2023-02-19 02:20:00,6.69,373.0,25.06
2023-02-19 02:25:00,6.36,369.0,25.0
2023-02-19 02:30:00,6.765000000000001,369.0,25.0
2023-02-19 02:35:00,6.62,369.0,25.0
2023-02-19 02:40:00,6.35,369.0,25.0
2023-02-19 02:45:00,6.385,369.0,25.0
2023-02-19 02:50:00,6.58,369.0,25.0
2023-02-19 02:55:00,6.625,369.0,25.0
2023-02-19 03:00:00,6.87,369.0,25.0
2023-02-19 03:05:00,6.65,369.0,25.0
2023-02-19 03:10:00,6.76,369.0,25.0
2023-02-19 03:15:00,6.545,369.0,25.0
2023-02-19 03:20:00,6.74,369.0,25.0
2023-02-19 03:25:00,6.65,369.0,24.94
2023-02-19 03:30:00,6.53,369.0,24.94
2023-02-19 03:35:00,6.66,369.0,24.94
2023-02-19 03:40:00,6.86,369.0,24.94
2023-02-19 03:45:00,6.640000000000001,369.0,24.94
2023-02-19 03:50:00,6.7,369.0,24.94
2023-02-19 03:55:00,6.93,369.0,24.94
2023-02-19 04:00:00,6.9,369.0,24.94
2023-02-19 04:05:00,6.84,369.0,24.94
2023-02-19 04:10:00,6.59,369.0,24.94
2023-02-19 04:15:00,6.99,369.0,24.94
2023-02-19 04:20:00,6.77,369.0,24.94
2023-02-19 04:25:00,6.1850000000000005,369.0,24.91
2023-02-19 04:30:00,6.98,369.0,24.88
2023-02-19 04:35:00,6.17,369.0,24.88
2023-02-19 04:40:00,6.52,369.0,24.88
2023-02-19 04:45:00,6.63,369.0,24.88
2023-02-19 04:50:00,6.39,369.0,24.88
2023-02-19 04:55:00,6.74,369.0,24.88
2023-02-19 05:00:00,6.38,369.0,24.88
2023-02-19 05:05:00,6.9,369.0,24.88
2023-02-19 05:10:00,6.63,369.0,24.88
2023-02-19 05:15:00,6.62,369.0,24.81
2023-02-19 05:20:00,6.465,369.0,24.81
2023-02-19 05:25:00,6.24,369.0,24.81
2023-02-19 05:30:00,6.51,369.0,24.81
2023-02-19 05:35:00,6.63,369.0,24.81
2023-02-19 05:40:00,6.75,369.0,24.81
2023-02-19 05:45:00,6.53,373.0,24.81
2023-02-19 05:50:00,6.53,375.0,24.81
2023-02-19 05:55:00,6.62,375.0,24.75
2023-02-19 06:00:00,6.9,375.0,24.75
2023-02-19 06:05:00,6.44,375.0,24.75
2023-02-19 06:10:00,7.005,376.0,24.75
2023-02-19 06:15:00,6.535,376.0,24.75
2023-02-19 06:20:00,6.47,374.5,24.75
2023-02-19 06:25:00,6.51,373.0,24.75
2023-02-19 06:30:00,6.61,373.0,24.75
2023-02-19 06:35:00,6.68,373.0,24.75
2023-02-19 06:40:00,6.765000000000001,373.0,24.75
2023-02-19 06:45:00,6.67,373.0,24.69
2023-02-19 06:50:00,6.31,373.0,24.69
2023-02-19 06:55:00,6.83,373.0,24.69
2023-02-19 07:00:00,6.48,373.0,24.69
2023-02-19 07:05:00,6.96,373.0,24.69
2023-02-19 07:10:00,6.96,373.0,24.69
2023-02-19 07:15:00,6.705,374.5,24.69
2023-02-19 07:20:00,6.705,373.0,24.69
2023-02-19 07:25:00,6.62,373.0,24.69
2023-02-19 07:30:00,6.5,373.0,24.69
2023-02-19 07:35:00,7.1,373.0,24.69
2023-02-19 07:40:00,6.575,373.0,24.69
2023-02-19 07:45:00,6.9399999999999995,373.0,24.69
2023-02-19 07:50:00,6.66,373.0,24.69
2023-02-19 07:55:00,6.625,373.0,24.69
2023-02-19 08:00:00,6.85,373.0,24.69
2023-02-19 08:05:00,7.03,373.0,24.69
2023-02-19 08:10:00,6.83,373.0,24.69
2023-02-19 08:15:00,6.77,373.0,24.69
2023-02-19 08:20:00,6.96,373.0,24.69
2023-02-19 08:25:00,6.46,373.0,24.69
2023-02-19 08:30:00,6.6899999999999995,373.0,24.69
2023-02-19 08:35:00,7.11,373.0,24.69
2023-02-19 08:40:00,6.145,373.0,24.69
2023-02-19 08:45:00,6.98,373.0,24.75
2023-02-19 08:50:00,6.734999999999999,373.0,24.75
2023-02-19 08:55:00,6.86,373.0,24.75
2023-02-19 09:00:00,6.55,373.0,24.75
2023-02-19 09:05:00,7.03,373.0,24.75
2023-02-19 09:10:00,6.02,373.0,24.81
2023-02-19 09:15:00,6.67,373.0,24.81
2023-02-19 09:20:00,6.1,371.0,24.81
2023-02-19 09:25:00,6.720000000000001,371.0,24.81
2023-02-19 09:30:00,6.91,373.0,24.81
2023-02-19 09:35:00,6.15,369.0,24.81
2023-02-19 09:40:00,6.425,369.0,24.88
2023-02-19 09:45:00,6.63,367.0,24.88
2023-02-19 09:50:00,6.88,369.0,24.88
2023-02-19 09:55:00,5.955,367.0,24.88
2023-02-19 10:00:00,6.4,367.0,24.94
2023-02-19 10:05:00,5.93,365.0,24.88
2023-02-19 10:10:00,6.36,367.0,24.94
2023-02-19 10:15:00,6.05,367.0,24.94
2023-02-19 10:20:00,6.79,367.0,24.94
2023-02-19 10:25:00,6.13,365.0,24.94
2023-02-19 10:30:00,6.42,366.0,24.94
2023-02-19 10:35:00,7.04,365.0,24.94
2023-02-19 10:40:00,5.855,366.0,24.97
2023-02-19 10:45:00,5.9399999999999995,364.0,25.0
2023-02-19 10:50:00,6.66,364.0,25.0
2023-02-19 10:55:00,,,
2023-02-19 11:00:00,,,
2023-02-19 11:05:00,6.015,365.5,25.0
2023-02-19 11:10:00,6.19,367.0,25.06
2023-02-19 11:15:00,6.585,363.0,25.06
2023-02-19 11:20:00,5.95,367.0,25.06
2023-02-19 11:25:00,6.46,367.0,25.13
2023-02-19 11:30:00,6.6850000000000005,368.0,25.06
2023-02-19 11:35:00,6.02,366.0,25.13
2023-02-19 11:40:00,,,
2023-02-19 11:45:00,6.98,868.0,25.13
2023-02-19 11:50:00,6.79,370.5,25.13
2023-02-19 11:55:00,7.11,368.0,25.13
2023-02-19 12:00:00,6.615,367.0,25.19
2023-02-19 12:05:00,7.05,373.0,25.19
2023-02-19 12:10:00,6.2,375.0,25.19
2023-02-19 12:15:00,,,
2023-02-19 12:20:00,7.09,375.0,25.25
2023-02-19 12:25:00,5.87,373.0,25.25
2023-02-19 12:30:00,,,
2023-02-19 12:35:00,6.640000000000001,630.5,25.25
2023-02-19 12:40:00,6.8149999999999995,618.0,25.25
2023-02-19 12:45:00,,,
2023-02-19 12:50:00,,,
2023-02-19 12:55:00,,,
2023-02-19 13:00:00,,,
2023-02-19 13:05:00,,,
2023-02-19 13:10:00,,,
2023-02-19 13:15:00,,,
2023-02-19 13:20:00,,,
2023-02-19 13:25:00,7.02,375.0,25.44
2023-02-19 13:30:00,6.32,373.5,25.44
2023-02-19 13:35:00,6.7,373.5,25.44
2023-02-19 13:40:00,6.15,372.0,25.44
2023-02-19 13:45:00,5.8149999999999995,351.0,25.595
2023-02-19 13:50:00,6.43,353.0,25.69
2023-02-19 13:55:00,5.85,355.0,25.69
2023-02-19 14:00:00,6.1,357.0,25.69
2023-02-19 14:05:00,6.09,359.0,25.69
2023-02-19 14:10:00,6.28,359.0,25.69
2023-02-19 14:15:00,6.045,359.0,25.75
2023-02-19 14:20:00,6.355,361.0,25.75
2023-02-19 14:25:00,6.42,363.0,25.75
2023-02-19 14:30:00,6.475,361.0,25.81
2023-02-19 14:35:00,6.4399999999999995,361.0,25.81
2023-02-19 14:40:00,6.57,361.0,25.81
2023-02-19 14:45:00,6.945,361.0,25.81
2023-02-19 14:50:00,6.85,361.0,25.88
2023-02-19 14:55:00,6.85,361.0,25.88
2023-02-19 15:00:00,6.36,363.0,25.88
2023-02-19 15:05:00,6.42,361.0,25.88
2023-02-19 15:10:00,6.75,363.0,25.88
2023-02-19 15:15:00,6.38,363.0,25.88
2023-02-19 15:20:00,6.89,363.0,25.88
2023-02-19 15:25:00,6.795,365.0,25.94
2023-02-19 15:30:00,6.800000000000001,367.0,25.94
2023-02-19 15:35:00,6.675000000000001,365.0,25.94
2023-02-19 15:40:00,7.085,367.0,25.94
2023-02-19 15:45:00,6.8149999999999995,367.0,25.94
2023-02-19 15:50:00,7.3100000000000005,367.0,25.94
2023-02-19 15:55:00,6.92,367.0,25.94
2023-02-19 16:00:00,7.27,367.0,25.94
2023-02-19 16:05:00,7.67,367.0,25.94
2023-02-19 16:10:00,7.385,367.0,25.94
2023-02-19 16:15:00,7.25,372.0,25.94
2023-02-19 16:20:00,7.06,372.0,25.94
2023-02-19 16:25:00,6.8149999999999995,372.0,25.94
2023-02-19 16:30:00,7.47,372.0,25.94
2023-02-19 16:35:00,7.93,372.0,25.94
2023-02-19 16:40:00,7.0,372.0,26.0
2023-02-19 16:45:00,7.345,372.0,26.0
2023-02-19 16:50:00,7.46,372.0,26.0
2023-02-19 16:55:00,7.654999999999999,372.0,26.0
2023-02-19 17:00:00,7.505,372.0,26.0
2023-02-19 17:05:00,7.45,372.0,26.0
2023-02-19 17:10:00,7.605,372.0,26.0
2023-02-19 17:15:00,8.22,372.0,26.0
2023-02-19 17:20:00,7.6,372.0,26.0
2023-02-19 17:25:00,7.82,374.0,26.0
2023-02-19 17:30:00,7.395,374.0,26.0
2023-02-19 17:35:00,8.07,374.0,26.0
2023-02-19 17:40:00,8.1,374.0,26.0
2023-02-19 17:45:00,8.13,374.0,25.94
2023-02-19 17:50:00,8.41,374.0,25.97
2023-02-19 17:55:00,7.98,374.0,25.94
2023-02-19 18:00:00,7.88,376.0,25.94
2023-02-19 18:05:00,7.98,374.0,25.94
2023-02-19 18:10:00,8.36,374.0,25.94
2023-02-19 18:15:00,7.9350000000000005,374.0,25.94
2023-02-19 18:20:00,8.09,374.0,25.94
2023-02-19 18:25:00,8.88,374.0,25.94
2023-02-19 18:30:00,8.36,374.0,25.94
2023-02-19 18:35:00,8.485,374.0,25.94
2023-02-19 18:40:00,8.975000000000001,375.0,25.94
2023-02-19 18:45:00,8.645,374.0,25.94
2023-02-19 18:50:00,8.8,374.0,25.94
2023-02-19 18:55:00,8.32,375.0,25.94
2023-02-19 19:00:00,8.14,372.0,25.94
2023-02-19 19:05:00,8.14,374.0,25.88
2023-02-19 19:10:00,8.11,376.0,25.94
2023-02-19 19:15:00,8.705,374.0,25.88
2023-02-19 19:20:00,8.77,374.0,25.88
2023-02-19 19:25:00,9.235,374.0,25.88
2023-02-19 19:30:00,8.53,374.0,25.88
2023-02-19 19:35:00,8.32,376.0,25.88
2023-02-19 19:40:00,8.809999999999999,376.0,25.88
2023-02-19 19:45:00,8.71,376.0,25.88
2023-02-19 19:50:00,9.1,374.0,25.88
2023-02-19 19:55:00,8.780000000000001,376.0,25.88
2023-02-19 20:00:00,9.39,374.0,25.88
2023-02-19 20:05:00,9.18,376.0,25.88
2023-02-19 20:10:00,8.96,374.0,25.88
2023-02-19 20:15:00,8.935,374.0,25.88
2023-02-19 20:20:00,8.825,374.0,25.81
2023-02-19 20:25:00,9.24,374.0,25.81
2023-02-19 20:30:00,8.875,374.0,25.81
2023-02-19 20:35:00,9.36,374.0,25.81
2023-02-19 20:40:00,9.71,374.0,25.81
2023-02-19 20:45:00,8.6,374.0,25.81
2023-02-19 20:50:00,9.16,374.0,25.81
2023-02-19 20:55:00,9.02,374.0,25.81
2023-02-19 21:00:00,9.16,374.0,25.81
2023-02-19 21:05:00,8.765,374.0,25.81
2023-02-19 21:10:00,9.23,374.0,25.81
2023-02-19 21:15:00,9.14,374.0,25.81
2023-02-19 21:20:00,9.44,374.0,25.81
2023-02-19 21:25:00,9.05,374.0,25.75
2023-02-19 21:30:00,9.48,374.0,25.75
2023-02-19 21:35:00,9.469999999999999,374.0,25.75
2023-02-19 21:40:00,9.61,374.0,25.75
2023-02-19 21:45:00,9.39,374.0,25.75
2023-02-19 21:50:00,9.69,374.0,25.75
2023-02-19 21:55:00,9.48,374.0,25.75
2023-02-19 22:00:00,9.12,374.0,25.75
2023-02-19 22:05:00,9.64,374.0,25.75
2023-02-19 22:10:00,9.83,374.0,25.69
2023-02-19 22:15:00,9.68,374.0,25.69
2023-02-19 22:20:00,9.485,374.0,25.69
2023-02-19 22:25:00,9.47,374.0,25.69
2023-02-19 22:30:00,9.58,374.0,25.69
2023-02-19 22:35:00,9.34,374.0,25.69
2023-02-19 22:40:00,9.97,374.0,25.69
2023-02-19 22:45:00,9.58,374.0,25.69
2023-02-19 22:50:00,9.83,372.0,25.63
2023-02-19 22:55:00,9.78,374.0,25.63
2023-02-19 23:00:00,9.36,374.0,25.63
2023-02-19 23:05:00,9.65,372.0,25.63
2023-02-19 23:10:00,9.325,372.0,25.63
2023-02-19 23:15:00,9.6,372.0,25.63
2023-02-19 23:20:00,9.67,372.0,25.56
2023-02-19 23:25:00,9.49,372.0,25.56
2023-02-19 23:30:00,9.88,372.0,25.56
2023-02-19 23:35:00,9.485,372.0,25.56
2023-02-19 23:40:00,9.76,372.0,25.56
2023-02-19 23:45:00,9.745000000000001,372.0,25.56
2023-02-19 23:50:00,9.93,372.0,25.5
2023-02-19 23:55:00,9.44,368.0,25.5
2023-02-20 00:00:00,9.835,368.0,25.5
2023-02-20 00:05:00,9.75,368.0,25.5
2023-02-20 00:10:00,9.68,372.0,25.5
2023-02-20 00:15:00,9.695,368.0,25.5
2023-02-20 00:20:00,9.93,368.0,25.5
2023-02-20 00:25:00,10.02,368.0,25.5
2023-02-20 00:30:00,9.71,368.0,25.44
2023-02-20 00:35:00,9.56,368.0,25.44
2023-02-20 00:40:00,9.815000000000001,368.0,25.44
2023-02-20 00:45:00,9.945,368.0,25.44
2023-02-20 00:50:00,9.76,368.0,25.44
2023-02-20 00:55:00,9.88,368.0,25.44
2023-02-20 01:00:00,9.75,368.0,25.38
2023-02-20 01:05:00,9.84,368.0,25.38
2023-02-20 01:10:00,9.765,366.0,25.38
2023-02-20 01:15:00,9.96,368.0,25.38
2023-02-20 01:20:00,9.93,367.0,25.31
2023-02-20 01:25:00,9.88,366.0,25.31
2023-02-20 01:30:00,10.14,366.0,25.31
2023-02-20 01:35:00,9.76,366.0,25.31
2023-02-20 01:40:00,10.03,368.0,25.25
2023-02-20 01:45:00,9.58,368.0,25.25
2023-02-20 01:50:00,9.75,368.0,25.25
2023-02-20 01:55:00,9.89,368.0,25.25
2023-02-20 02:00:00,9.8,368.0,25.25
2023-02-20 02:05:00,10.004999999999999,368.0,25.25
2023-02-20 02:10:00,10.205,368.0,25.19
2023-02-20 02:15:00,10.33,366.0,25.19
2023-02-20 02:20:00,10.045,366.0,25.19
2023-02-20 02:25:00,9.9,366.0,25.19
2023-02-20 02:30:00,9.98,366.0,25.13
2023-02-20 02:35:00,10.03,366.0,25.13
2023-02-20 02:40:00,10.21,366.0,25.13
2023-02-20 02:45:00,10.16,366.0,25.13
2023-02-20 02:50:00,10.1,366.0,25.13
2023-02-20 02:55:00,10.24,367.0,25.06
2023-02-20 03:00:00,10.21,367.0,25.06
2023-02-20 03:05:00,10.18,367.0,25.0
2023-02-20 03:10:00,9.82,367.0,25.0
2023-02-20 03:15:00,10.06,367.0,25.0
2023-02-20 03:20:00,10.165,367.0,25.0
2023-02-20 03:25:00,9.98,367.0,25.0
2023-02-20 03:30:00,10.09,367.0,25.0
2023-02-20 03:35:00,10.18,367.0,24.94
2023-02-20 03:40:00,9.93,367.0,24.94
2023-02-20 03:45:00,10.17,367.0,24.94
2023-02-20 03:50:00,10.265,367.0,24.94
2023-02-20 03:55:00,9.94,367.0,24.94
2023-02-20 04:00:00,10.235,367.0,24.94
2023-02-20 04:05:00,9.99,365.0,24.94
2023-02-20 04:10:00,10.29,365.0,24.88
2023-02-20 04:15:00,10.36,365.0,24.88
2023-02-20 04:20:00,10.165,367.0,24.88
2023-02-20 04:25:00,10.41,365.0,24.88
2023-02-20 04:30:00,10.16,367.0,24.88
2023-02-20 04:35:00,9.775,367.0,24.88
2023-02-20 04:40:00,10.370000000000001,367.0,24.88
2023-02-20 04:45:00,9.9,367.0,24.88
2023-02-20 04:50:00,10.120000000000001,367.0,24.88
2023-02-20 04:55:00,9.85,366.0,24.88
2023-02-20 05:00:00,9.99,367.0,24.81
2023-02-20 05:05:00,10.2,367.0,24.81
2023-02-20 05:10:00,9.98,367.0,24.81
2023-02-20 05:15:00,10.06,367.0,24.81
2023-02-20 05:20:00,9.940000000000001,367.0,24.81
2023-02-20 05:25:00,9.835,367.0,24.75
2023-02-20 05:30:00,10.1,365.0,24.75
2023-02-20 05:35:00,9.9,367.0,24.75
2023-02-20 05:40:00,9.85,367.0,24.69
2023-02-20 05:45:00,10.11,365.0,24.69
2023-02-20 05:50:00,10.07,365.0,24.69
2023-02-20 05:55:00,10.305,365.0,24.63
2023-02-20 06:00:00,10.120000000000001,365.0,24.63
2023-02-20 06:05:00,10.0,365.0,24.63
2023-02-20 06:10:00,10.36,365.0,24.63
2023-02-20 06:15:00,10.13,365.0,24.63
2023-02-20 06:20:00,8.56,367.0,24.63
2023-02-20 06:25:00,7.78,365.0,24.63
2023-02-20 06:30:00,7.76,367.0,24.63
2023-02-20 06:35:00,8.56,367.0,24.63
2023-02-20 06:40:00,9.114999999999998,367.0,24.63
2023-02-20 06:45:00,9.41,367.0,24.63
2023-02-20 06:50:00,9.78,367.0,24.63
2023-02-20 06:55:00,9.695,367.0,24.63
2023-02-20 07:00:00,9.785,369.0,24.63
2023-02-20 07:05:00,10.02,369.0,24.63
2023-02-20 07:10:00,9.915,369.0,24.63
2023-02-20 07:15:00,9.96,369.0,24.63
2023-02-20 07:20:00,10.05,369.0,24.63
2023-02-20 07:25:00,10.02,369.0,24.63
2023-02-20 07:30:00,10.4,369.0,24.63
2023-02-20 07:35:00,10.11,367.0,24.69
2023-02-20 07:40:00,10.18,367.0,24.69
2023-02-20 07:45:00,10.13,367.0,24.69
2023-02-20 07:50:00,9.66,367.0,24.69
2023-02-20 07:55:00,9.61,369.0,24.69
2023-02-20 08:00:00,9.879999999999999,369.0,24.69
2023-02-20 08:05:00,9.98,369.0,24.69
2023-02-20 08:10:00,9.72,369.0,24.69
2023-02-20 08:15:00,10.21,369.0,24.69
2023-02-20 08:20:00,9.95,369.0,24.75
2023-02-20 08:25:00,9.67,369.0,24.75
2023-02-20 08:30:00,10.0,373.0,24.75
2023-02-20 08:35:00,9.67,373.0,24.75
2023-02-20 08:40:00,10.21,373.0,24.81
2023-02-20 08:45:00,10.17,375.0,24.81
2023-02-20 08:50:00,9.99,375.0,24.81
2023-02-20 08:55:00,9.92,375.0,24.88
2023-02-20 09:00:00,9.39,373.0,24.88
2023-02-20 09:05:00,9.95,378.0,24.88
2023-02-20 09:10:00,10.52,369.0,24.88
2023-02-20 09:15:00,10.365,367.0,24.94
2023-02-20 09:20:00,,,
2023-02-20 09:25:00,,,
2023-02-20 09:30:00,,,
2023-02-20 09:35:00,10.0,364.0,25.0
2023-02-20 09:40:00,10.14,367.0,25.06
2023-02-20 09:45:00,10.15,364.0,25.06
2023-02-20 09:50:00,9.370000000000001,365.0,25.13
2023-02-20 09:55:00,,,
2023-02-20 10:00:00,10.58,368.0,25.19
2023-02-20 10:05:00,,,
2023-02-20 10:10:00,,,
2023-02-20 10:15:00,,,
2023-02-20 10:20:00,,,
2023-02-20 10:25:00,,,
2023-02-20 10:30:00,,,
2023-02-20 10:35:00,,,
2023-02-20 10:40:00,,,
2023-02-20 10:45:00,,,
2023-02-20 10:50:00,,,
2023-02-20 10:55:00,9.995000000000001,367.0,25.5
2023-02-20 11:00:00,9.5,366.0,25.56
2023-02-20 11:05:00,9.504999999999999,366.0,25.56
2023-02-20 11:10:00,9.55,368.0,25.56
2023-02-20 11:15:00,9.695,605.0,25.56
2023-02-20 11:20:00,,,
2023-02-20 11:25:00,,,
2023-02-20 11:30:00,9.65,366.0,25.63
2023-02-20 11:35:00,10.11,364.0,25.69
2023-02-20 11:40:00,10.055,361.0,25.69
2023-02-20 11:45:00,9.42,362.0,25.69
2023-02-20 11:50:00,9.81,366.0,25.75
2023-02-20 11:55:00,9.785,363.0,25.75
2023-02-20 12:00:00,,,
2023-02-20 12:05:00,9.79,363.0,25.88
2023-02-20 12:10:00,9.87,372.0,25.81
2023-02-20 12:15:00,9.445,363.0,25.88
2023-02-20 12:20:00,10.184999999999999,361.0,25.91
2023-02-20 12:25:00,10.1,361.0,25.94
2023-02-20 12:30:00,9.55,361.0,25.94
2023-02-20 12:35:00,9.47,361.0,26.0
2023-02-20 12:40:00,,,
2023-02-20 12:45:00,,,
2023-02-20 12:50:00,,,
2023-02-20 12:55:00,10.39,365.0,26.06
2023-02-20 13:00:00,10.22,364.0,26.06
2023-02-20 13:05:00,9.39,367.0,26.06
2023-02-20 13:10:00,,,
2023-02-20 13:15:00,9.49,371.0,26.13
2023-02-20 13:20:00,,,
2023-02-20 13:25:00,,,
2023-02-20 13:30:00,10.01,369.0,26.13
2023-02-20 13:35:00,,,
2023-02-20 13:40:00,10.47,365.0,26.13
2023-02-20 13:45:00,10.155000000000001,372.0,26.19
2023-02-20 13:50:00,9.62,371.0,26.19
2023-02-20 13:55:00,,,
2023-02-20 14:00:00,,,
2023-02-20 14:05:00,,,
2023-02-20 14:10:00,9.57,367.0,26.25
2023-02-20 14:15:00,9.78,367.0,26.25
2023-02-20 14:20:00,,,
2023-02-20 14:25:00,,,
2023-02-20 14:30:00,,,
2023-02-20 14:35:00,,,
2023-02-20 14:40:00,,,
2023-02-20 14:45:00,,,
2023-02-20 14:50:00,,,
2023-02-20 14:55:00,,,
2023-02-20 15:00:00,,,
2023-02-20 15:05:00,,,
2023-02-20 15:10:00,,,
2023-02-20 15:15:00,,,
2023-02-20 15:20:00,,,
2023-02-20 15:25:00,,,
2023-02-20 15:30:00,,,
2023-02-20 15:35:00,,,
2023-02-20 15:40:00,,,
2023-02-20 15:45:00,9.36,384.0,26.31
2023-02-20 15:50:00,10.004999999999999,376.0,26.345
2023-02-20 15:55:00,9.26,378.0,26.31
2023-02-20 16:00:00,10.13,378.0,26.31
2023-02-20 16:05:00,9.06,375.0,26.31
2023-02-20 16:10:00,9.18,380.0,26.31
2023-02-20 16:15:00,9.12,378.0,26.31
2023-02-20 16:20:00,9.11,375.0,26.31
2023-02-20 16:25:00,9.04,378.0,26.31
2023-02-20 16:30:00,9.68,376.5,26.31
2023-02-20 16:35:00,10.22,375.0,26.31
2023-02-20 16:40:00,,,
2023-02-20 16:45:00,,,
2023-02-20 16:50:00,,,
2023-02-20 16:55:00,9.975000000000001,635.0,26.25
2023-02-20 17:00:00,8.97,378.0,26.31
2023-02-20 17:05:00,9.43,378.0,26.25
2023-02-20 17:10:00,9.03,378.0,26.25
2023-02-20 17:15:00,9.125,376.0,26.25
2023-02-20 17:20:00,9.32,376.0,26.25
2023-02-20 17:25:00,9.53,376.0,26.25
2023-02-20 17:30:00,9.285,376.0,26.25
2023-02-20 17:35:00,9.175,376.0,26.25
2023-02-20 17:40:00,9.684999999999999,376.0,26.25
2023-02-20 17:45:00,9.48,373.0,26.22
2023-02-20 17:50:00,9.475,374.5,26.19
2023-02-20 17:55:00,9.2,373.0,26.19
2023-02-20 18:00:00,9.36,373.0,26.19
2023-02-20 18:05:00,9.615,373.0,26.19
2023-02-20 18:10:00,9.03,373.0,26.19
2023-02-20 18:15:00,9.135000000000002,374.0,26.13
2023-02-20 18:20:00,8.735,373.5,26.13
2023-02-20 18:25:00,9.57,374.0,26.13
2023-02-20 18:30:00,9.63,374.0,26.13
2023-02-20 18:35:00,9.6,374.0,26.13
2023-02-20 18:40:00,9.34,374.0,26.06
2023-02-20 18:45:00,9.08,374.0,26.06
2023-02-20 18:50:00,9.155000000000001,375.0,26.06
2023-02-20 18:55:00,8.74,374.0,26.06
2023-02-20 19:00:00,9.280000000000001,374.0,26.06
2023-02-20 19:05:00,9.24,374.0,26.0
2023-02-20 19:10:00,9.05,374.0,26.0
2023-02-20 19:15:00,9.21,374.0,26.0
2023-02-20 19:20:00,9.365,374.0,25.94
2023-02-20 19:25:00,9.485,374.0,25.94
2023-02-20 19:30:00,9.07,374.0,25.94
2023-02-20 19:35:00,8.83,374.0,25.88
2023-02-20 19:40:00,8.84,374.0,25.88
2023-02-20 19:45:00,8.73,374.0,25.88
2023-02-20 19:50:00,9.01,374.0,25.88
2023-02-20 19:55:00,8.99,374.0,25.81
2023-02-20 20:00:00,9.62,374.0,25.81
2023-02-20 20:05:00,8.83,374.0,25.81
2023-02-20 20:10:00,9.225000000000001,372.0,25.75
2023-02-20 20:15:00,9.09,372.0,25.75
2023-02-20 20:20:00,9.42,372.0,25.75
2023-02-20 20:25:00,8.87,372.0,25.69
2023-02-20 20:30:00,8.95,372.0,25.69
2023-02-20 20:35:00,9.145,372.0,25.69
2023-02-20 20:40:00,8.82,374.0,25.69
2023-02-20 20:45:00,9.42,372.0,25.63
2023-02-20 20:50:00,8.85,372.0,25.63
2023-02-20 20:55:00,9.25,372.0,25.63
2023-02-20 21:00:00,9.16,372.0,25.56
2023-02-20 21:05:00,8.99,372.0,25.56
2023-02-20 21:10:00,8.925,372.0,25.56
2023-02-20 21:15:00,8.78,372.0,25.5
2023-02-20 21:20:00,9.205,372.0,25.5
2023-02-20 21:25:00,9.01,368.0,25.5
2023-02-20 21:30:00,8.835,368.0,25.5
2023-02-20 21:35:00,8.925,368.0,25.44
2023-02-20 21:40:00,8.975000000000001,372.0,25.44
2023-02-20 21:45:00,9.375,372.0,25.44
2023-02-20 21:50:00,9.09,372.0,25.38
2023-02-20 21:55:00,9.3,372.0,25.38
2023-02-20 22:00:00,9.02,372.0,25.38
2023-02-20 22:05:00,9.15,372.0,25.38
2023-02-20 22:10:00,9.364999999999998,372.0,25.31
2023-02-20 22:15:00,9.145,373.0,25.31
2023-02-20 22:20:00,8.97,373.0,25.31
2023-02-20 22:25:00,9.27,368.0,25.31
2023-02-20 22:30:00,9.155000000000001,373.0,25.25
2023-02-20 22:35:00,9.02,366.0,25.25
2023-02-20 22:40:00,9.325,373.0,25.25
2023-02-20 22:45:00,9.004999999999999,373.0,25.25
2023-02-20 22:50:00,9.1,373.0,25.19
2023-02-20 22:55:00,9.3,368.0,25.19
2023-02-20 23:00:00,9.21,364.0,25.19
2023-02-20 23:05:00,8.9,368.0,25.19
2023-02-20 23:10:00,9.57,369.0,25.13
2023-02-20 23:15:00,8.97,369.0,25.13
2023-02-20 23:20:00,9.28,369.0,25.13
2023-02-20 23:25:00,9.25,373.0,25.13
2023-02-20 23:30:00,9.129999999999999,371.0,25.06
2023-02-20 23:35:00,9.01,369.0,25.06
2023-02-20 23:40:00,9.13,369.0,25.06
2023-02-20 23:45:00,9.145,369.0,25.06
2023-02-20 23:50:00,9.01,369.0,25.06
2023-02-20 23:55:00,9.11,369.0,25.0
2023-02-21 00:00:00,8.88,369.0,25.0
2023-02-21 00:05:00,9.07,369.0,25.0
2023-02-21 00:10:00,8.87,369.0,25.0
2023-02-21 00:15:00,9.125,369.0,25.0
2023-02-21 00:20:00,8.975,369.0,25.0
2023-02-21 00:25:00,8.95,369.0,24.94
2023-02-21 00:30:00,9.155000000000001,369.0,24.94
2023-02-21 00:35:00,8.879999999999999,367.0,24.94
2023-02-21 00:40:00,9.31,369.0,24.94
2023-02-21 00:45:00,9.105,369.0,24.94
2023-02-21 00:50:00,8.905000000000001,369.0,24.94
2023-02-21 00:55:00,9.28,369.0,24.88
2023-02-21 01:00:00,9.34,365.0,24.88
2023-02-21 01:05:00,9.0,363.0,24.88
2023-02-21 01:10:00,9.1,369.0,24.88
2023-02-21 01:15:00,9.3,367.0,24.88
2023-02-21 01:20:00,9.004999999999999,367.0,24.81
2023-02-21 01:25:00,9.36,365.0,24.81
2023-02-21 01:30:00,9.47,367.0,24.81
2023-02-21 01:35:00,9.115,369.0,24.81
2023-02-21 01:40:00,9.26,365.0,24.81
2023-02-21 01:45:00,9.07,367.0,24.81
2023-02-21 01:50:00,9.3,363.0,24.81
2023-02-21 01:55:00,9.2,363.0,24.75
2023-02-21 02:00:00,8.72,363.0,24.75
2023-02-21 02:05:00,9.085,365.0,24.75
2023-02-21 02:10:00,9.23,367.0,24.75
2023-02-21 02:15:00,9.32,367.0,24.75
2023-02-21 02:20:00,9.08,365.0,24.75
2023-02-21 02:25:00,9.06,361.0,24.75
2023-02-21 02:30:00,9.155000000000001,361.0,24.69
2023-02-21 02:35:00,9.055,361.0,24.69
2023-02-21 02:40:00,9.19,359.0,24.69
2023-02-21 02:45:00,9.01,359.0,24.69
2023-02-21 02:50:00,9.155000000000001,361.0,24.69
2023-02-21 02:55:00,9.02,361.0,24.69
2023-02-21 03:00:00,8.99,361.0,24.63
2023-02-21 03:05:00,9.04,361.0,24.63
2023-02-21 03:10:00,9.04,361.0,24.63
2023-02-21 03:15:00,9.065,363.0,24.63
2023-02-21 03:20:00,9.14,363.0,24.63
2023-02-21 03:25:00,8.9,361.0,24.63
2023-02-21 03:30:00,9.1,361.0,24.63
2023-02-21 03:35:00,8.805,363.0,24.56
2023-02-21 03:40:00,8.98,363.0,24.56
2023-02-21 03:45:00,8.96,363.0,24.56
2023-02-21 03:50:00,9.09,363.0,24.56
2023-02-21 03:55:00,9.265,363.0,24.56
2023-02-21 04:00:00,9.22,363.0,24.5
2023-02-21 04:05:00,9.5,363.0,24.5
2023-02-21 04:10:00,9.27,363.0,24.5
2023-02-21 04:15:00,9.25,363.0,24.5
2023-02-21 04:20:00,9.39,363.0,24.5
2023-02-21 04:25:00,9.05,361.0,24.5
2023-02-21 04:30:00,8.935,361.0,24.5
2023-02-21 04:35:00,9.23,361.0,24.5
2023-02-21 04:40:00,9.27,363.0,24.44
2023-02-21 04:45:00,9.16,361.0,24.44
2023-02-21 04:50:00,8.88,363.0,24.44
2023-02-21 04:55:00,8.92,363.0,24.44
2023-02-21 05:00:00,9.02,363.0,24.44
2023-02-21 05:05:00,9.35,363.0,24.44
2023-02-21 05:10:00,9.085,363.0,24.38
2023-02-21 05:15:00,9.39,361.0,24.38
2023-02-21 05:20:00,8.9,361.0,24.38
2023-02-21 05:25:00,9.27,361.0,24.38
2023-02-21 05:30:00,9.2,361.0,24.38
2023-02-21 05:35:00,9.059999999999999,363.0,24.38
2023-02-21 05:40:00,9.01,363.0,24.38
2023-02-21 05:45:00,9.190000000000001,363.0,24.31
2023-02-21 05:50:00,9.39,363.0,24.31
2023-02-21 05:55:00,9.21,363.0,24.31
2023-02-21 06:00:00,9.100000000000001,363.0,24.31
2023-02-21 06:05:00,9.0,361.0,24.31
2023-02-21 06:10:00,9.395,363.0,24.31
2023-02-21 06:15:00,8.93,363.0,24.31
2023-02-21 06:20:00,9.12,363.0,24.25
2023-02-21 06:25:00,9.21,361.0,24.25
2023-02-21 06:30:00,9.06,363.0,24.25
2023-02-21 06:35:00,9.04,363.0,24.25
2023-02-21 06:40:00,9.135,363.0,24.25
2023-02-21 06:45:00,9.07,363.0,24.25
2023-02-21 06:50:00,9.24,363.0,24.25
2023-02-21 06:55:00,9.285,366.0,24.25
2023-02-21 07:00:00,9.19,366.0,24.25
2023-02-21 07:05:00,9.11,364.0,24.19
2023-02-21 07:10:00,8.875,363.0,24.19
2023-02-21 07:15:00,8.95,364.0,24.19
2023-02-21 07:20:00,9.09,366.0,24.25
2023-02-21 07:25:00,8.89,366.0,24.25
2023-02-21 07:30:00,8.77,366.0,24.25
2023-02-21 07:35:00,9.05,367.0,24.25
2023-02-21 07:40:00,8.975,366.0,24.25
2023-02-21 07:45:00,8.65,366.0,24.25
2023-02-21 07:50:00,8.96,366.0,24.25
2023-02-21 07:55:00,8.97,366.0,24.25
2023-02-21 08:00:00,9.165,366.0,24.25
2023-02-21 08:05:00,8.85,365.0,24.25
2023-02-21 08:10:00,8.945,365.0,24.25
2023-02-21 08:15:00,8.635,365.0,24.31
2023-02-21 08:20:00,8.79,370.0,24.31
2023-02-21 08:25:00,8.915,378.0,24.31
2023-02-21 08:30:00,8.89,376.0,24.31
2023-02-21 08:35:00,9.27,378.0,24.31
2023-02-21 08:40:00,8.754999999999999,378.0,24.38
2023-02-21 08:45:00,8.83,376.0,24.38
2023-02-21 08:50:00,9.02,376.0,24.38
2023-02-21 08:55:00,9.03,376.0,24.44
2023-02-21 09:00:00,8.46,376.0,24.44
2023-02-21 09:05:00,8.63,376.0,24.44
2023-02-21 09:10:00,8.79,378.0,24.44
2023-02-21 09:15:00,8.4,376.0,24.5
2023-02-21 09:20:00,8.51,378.0,24.5
2023-02-21 09:25:00,8.8,378.0,24.5
2023-02-21 09:30:00,8.73,376.0,24.56
2023-02-21 09:35:00,7.95,376.0,24.56
2023-02-21 09:40:00,,,
2023-02-21 09:45:00,,,
2023-02-21 09:50:00,,,
2023-02-21 09:55:00,,,
2023-02-21 10:00:00,,,
2023-02-21 10:05:00,,,
2023-02-21 10:10:00,,,
2023-02-21 10:15:00,,,
2023-02-21 10:20:00,,,
2023-02-21 10:25:00,,,
2023-02-21 10:30:00,,,
2023-02-21 10:35:00,,,
2023-02-21 10:40:00,,,
2023-02-21 10:45:00,,,
2023-02-21 10:50:00,,,
2023-02-21 10:55:00,8.55,374.0,25.095
2023-02-21 11:00:00,8.785,376.0,25.13
2023-02-21 11:05:00,8.97,373.0,25.13
2023-02-21 11:10:00,8.28,375.0,25.19
2023-02-21 11:15:00,,,
2023-02-21 11:20:00,8.98,373.0,25.25
2023-02-21 11:25:00,8.45,375.0,25.25
2023-02-21 11:30:00,8.489999999999998,375.0,25.28
2023-02-21 11:35:00,7.99,377.0,25.31
2023-02-21 11:40:00,8.16,375.0,25.38
2023-02-21 11:45:00,8.415,378.0,25.38
2023-02-21 11:50:00,,,
2023-02-21 11:55:00,8.04,377.0,25.38
2023-02-21 12:00:00,7.95,379.0,25.44
2023-02-21 12:05:00,8.27,377.0,25.5
2023-02-21 12:10:00,,,
2023-02-21 12:15:00,,,
2023-02-21 12:20:00,,,
2023-02-21 12:25:00,,,
2023-02-21 12:30:00,,,
2023-02-21 12:35:00,,,
2023-02-21 12:40:00,,,
2023-02-21 12:45:00,,,
2023-02-21 12:50:00,,,
2023-02-21 12:55:00,7.83,633.5,25.69
2023-02-21 13:00:00,,,
2023-02-21 13:05:00,,,
2023-02-21 13:10:00,,,
2023-02-21 13:15:00,,,
2023-02-21 13:20:00,,,
2023-02-21 13:25:00,,,
2023-02-21 13:30:00,,,
2023-02-21 13:35:00,,,
2023-02-21 13:40:00,,,
2023-02-21 13:45:00,,,
2023-02-21 13:50:00,,,
2023-02-21 13:55:00,,,
2023-02-21 14:00:00,,,
2023-02-21 14:05:00,,,
2023-02-21 14:10:00,,,
2023-02-21 14:15:00,,,
2023-02-21 14:20:00,,,
2023-02-21 14:25:00,,,
2023-02-21 14:30:00,,,
2023-02-21 14:35:00,,,
2023-02-21 14:40:00,,,
2023-02-21 14:45:00,,,
2023-02-21 14:50:00,,,
2023-02-21 14:55:00,,,
2023-02-21 15:00:00,,,
2023-02-21 15:05:00,,,
2023-02-21 15:10:00,,,
2023-02-21 15:15:00,,,
2023-02-21 15:20:00,,,
2023-02-21 15:25:00,,,
2023-02-21 15:30:00,,,
2023-02-21 15:35:00,,,
2023-02-21 15:40:00,,,
2023-02-21 15:45:00,,,
2023-02-21 15:50:00,,,
2023-02-21 15:55:00,,,
2023-02-21 16:00:00,,,
2023-02-21 16:05:00,,,
2023-02-21 16:10:00,,,
2023-02-21 16:15:00,,,
2023-02-21 16:20:00,,,
2023-02-21 16:25:00,,,
2023-02-21 16:30:00,,,
2023-02-21 16:35:00,,,
2023-02-21 16:40:00,,,
2023-02-21 16:45:00,,,
2023-02-21 16:50:00,,,
2023-02-21 16:55:00,,,
2023-02-21 17:00:00,,,
2023-02-21 17:05:00,,,
2023-02-21 17:10:00,,,
2023-02-21 17:15:00,,,
2023-02-21 17:20:00,,,
2023-02-21 17:25:00,,,
2023-02-21 17:30:00,,,
2023-02-21 17:35:00,,,
2023-02-21 17:40:00,,,
2023-02-21 17:45:00,,,
2023-02-21 17:50:00,,,
2023-02-21 17:55:00,,,
2023-02-21 18:00:00,,,
2023-02-21 18:05:00,,,
2023-02-21 18:10:00,,,
2023-02-21 18:15:00,,,
2023-02-21 18:20:00,,,
2023-02-21 18:25:00,,,
2023-02-21 18:30:00,,,
2023-02-21 18:35:00,,,
2023-02-21 18:40:00,,,
2023-02-21 18:45:00,,,
2023-02-21 18:50:00,,,
2023-02-21 18:55:00,,,
2023-02-21 19:00:00,,,
2023-02-21 19:05:00,,,
2023-02-21 19:10:00,,,
2023-02-21 19:15:00,,,
2023-02-21 19:20:00,,,
2023-02-21 19:25:00,,,
2023-02-21 19:30:00,7.8,383.0,25.56
2023-02-21 19:35:00,,,
2023-02-21 19:40:00,,,
2023-02-21 19:45:00,,,
2023-02-21 19:50:00,,,
2023-02-21 19:55:00,,,
2023-02-21 20:00:00,,,
2023-02-21 20:05:00,,,
2023-02-21 20:10:00,,,
2023-02-21 20:15:00,,,
2023-02-21 20:20:00,,,
2023-02-21 20:25:00,,,
2023-02-21 20:30:00,,,
2023-02-21 20:35:00,,,
2023-02-21 20:40:00,,,
2023-02-21 20:45:00,,,
2023-02-21 20:50:00,,,
2023-02-21 20:55:00,,,
2023-02-21 21:00:00,,,
2023-02-21 21:05:00,,,
2023-02-21 21:10:00,,,
2023-02-21 21:15:00,,,
2023-02-21 21:20:00,,,
2023-02-21 21:25:00,,,
2023-02-21 21:30:00,7.455,382.0,25.25
2023-02-21 21:35:00,7.65,385.0,25.25
2023-02-21 21:40:00,6.81,386.0,25.25
2023-02-21 21:45:00,7.38,384.0,25.25
2023-02-21 21:50:00,7.470000000000001,382.5,25.25
2023-02-21 21:55:00,,,
2023-02-21 22:00:00,,,
2023-02-21 22:05:00,,,
2023-02-21 22:10:00,,,
2023-02-21 22:15:00,,,
2023-02-21 22:20:00,7.75,386.0,25.19
2023-02-21 22:25:00,6.72,379.0,25.19
2023-02-21 22:30:00,7.58,381.0,25.19
2023-02-21 22:35:00,7.77,382.0,25.13
2023-02-21 22:40:00,7.355,384.0,25.13
2023-02-21 22:45:00,7.175000000000001,383.0,25.13
2023-02-21 22:50:00,8.085,383.0,25.13
2023-02-21 22:55:00,7.51,382.0,25.13
2023-02-21 23:00:00,7.875,383.0,25.13
2023-02-21 23:05:00,6.94,382.0,25.06
2023-02-21 23:10:00,7.07,379.0,25.06
2023-02-21 23:15:00,7.11,382.0,25.06
2023-02-21 23:20:00,,,
2023-02-21 23:25:00,,,
2023-02-21 23:30:00,,,
2023-02-21 23:35:00,,,
2023-02-21 23:40:00,,,
2023-02-21 23:45:00,7.75,377.0,25.0
2023-02-21 23:50:00,7.15,376.0,25.0
2023-02-21 23:55:00,7.16,377.0,25.0
2023-02-22 00:00:00,8.195,377.0,24.94
2023-02-22 00:05:00,7.31,380.0,24.94
2023-02-22 00:10:00,7.33,380.0,24.94
2023-02-22 00:15:00,8.04,380.0,24.94
2023-02-22 00:20:00,7.33,380.0,24.94
2023-02-22 00:25:00,7.925000000000001,380.0,24.94
2023-02-22 00:30:00,7.66,380.0,24.94
2023-02-22 00:35:00,7.65,378.5,24.94
2023-02-22 00:40:00,7.65,380.0,24.88
2023-02-22 00:45:00,,,
2023-02-22 00:50:00,7.09,382.0,24.88
2023-02-22 00:55:00,7.2,380.0,24.88
2023-02-22 01:00:00,8.0,380.0,24.88
2023-02-22 01:05:00,8.055,379.0,24.81
2023-02-22 01:10:00,8.1,378.0,24.81
2023-02-22 01:15:00,7.425000000000001,378.0,24.81
2023-02-22 01:20:00,7.15,380.0,24.81
2023-02-22 01:25:00,7.12,378.0,24.81
2023-02-22 01:30:00,7.845,378.0,24.75
2023-02-22 01:35:00,7.15,380.0,24.75
2023-02-22 01:40:00,7.64,378.0,24.75
2023-02-22 01:45:00,8.35,376.0,24.75
2023-02-22 01:50:00,7.55,378.0,24.75
2023-02-22 01:55:00,7.15,377.0,24.75
2023-02-22 02:00:00,7.17,378.0,24.75
2023-02-22 02:05:00,7.26,378.0,24.69
2023-02-22 02:10:00,8.34,380.0,24.69
2023-02-22 02:15:00,,,
2023-02-22 02:20:00,8.48,378.0,24.69
2023-02-22 02:25:00,8.18,378.0,24.69
2023-02-22 02:30:00,7.705,378.0,24.69
2023-02-22 02:35:00,7.475,377.0,24.63
2023-02-22 02:40:00,,,
2023-02-22 02:45:00,7.7,376.0,24.63
2023-02-22 02:50:00,7.279999999999999,375.0,24.63
2023-02-22 02:55:00,8.43,376.0,24.63
2023-02-22 03:00:00,7.705,378.0,24.63
2023-02-22 03:05:00,,,
2023-02-22 03:10:00,8.254999999999999,376.0,24.63
2023-02-22 03:15:00,7.06,376.0,24.56
2023-02-22 03:20:00,7.82,378.0,24.56
2023-02-22 03:25:00,7.91,378.0,24.56
2023-02-22 03:30:00,,,
2023-02-22 03:35:00,,,
2023-02-22 03:40:00,8.12,376.0,24.56
2023-02-22 03:45:00,7.11,376.0,24.56
2023-02-22 03:50:00,7.1,376.0,24.5
2023-02-22 03:55:00,7.415,377.0,24.53
2023-02-22 04:00:00,7.2,376.0,24.5
2023-02-22 04:05:00,7.855,376.0,24.5
2023-02-22 04:10:00,8.19,376.0,24.5
2023-02-22 04:15:00,7.28,376.0,24.5
2023-02-22 04:20:00,8.22,376.0,24.44
2023-02-22 04:25:00,7.26,375.0,24.44
2023-02-22 04:30:00,6.99,376.0,24.44
2023-02-22 04:35:00,7.27,376.0,24.44
2023-02-22 04:40:00,7.59,377.0,24.44
2023-02-22 04:45:00,,,
2023-02-22 04:50:00,6.99,376.0,24.44
2023-02-22 04:55:00,7.41,376.0,24.38
2023-02-22 05:00:00,8.35,374.0,24.38
2023-02-22 05:05:00,8.39,633.0,24.38
2023-02-22 05:10:00,7.345000000000001,376.0,24.38
2023-02-22 05:15:00,7.18,376.0,24.38
2023-02-22 05:20:00,7.74,376.0,24.31
2023-02-22 05:25:00,8.32,374.0,24.38
2023-02-22 05:30:00,7.68,374.0,24.31
2023-02-22 05:35:00,8.13,370.0,24.31
2023-02-22 05:40:00,8.434999999999999,374.0,24.31
2023-02-22 05:45:00,7.57,376.0,24.31
2023-02-22 05:50:00,8.36,376.0,24.31
2023-02-22 05:55:00,7.44,376.0,24.31
2023-02-22 06:00:00,7.79,378.0,24.31
2023-02-22 06:05:00,7.55,378.0,24.31
2023-02-22 06:10:00,7.83,376.0,24.31
2023-02-22 06:15:00,8.03,378.0,24.25
2023-02-22 06:20:00,7.72,378.0,24.25
2023-02-22 06:25:00,7.970000000000001,378.0,24.25
2023-02-22 06:30:00,7.69,378.0,24.25
2023-02-22 06:35:00,8.14,378.0,24.25
2023-02-22 06:40:00,7.96,378.0,24.25
2023-02-22 06:45:00,7.98,378.0,24.25
2023-02-22 06:50:00,7.5649999999999995,381.0,24.25
2023-02-22 06:55:00,7.43,376.0,24.25
2023-02-22 07:00:00,7.28,378.0,24.25
2023-02-22 07:05:00,8.295,376.0,24.25
2023-02-22 07:10:00,7.93,378.0,24.19
2023-02-22 07:15:00,8.18,379.0,24.19
2023-02-22 07:20:00,7.45,379.0,24.19
2023-02-22 07:25:00,7.77,378.0,24.19
2023-02-22 07:30:00,8.03,379.0,24.19
2023-02-22 07:35:00,8.23,379.0,24.19
2023-02-22 07:40:00,7.92,379.0,24.19
2023-02-22 07:45:00,7.355,377.0,24.19
2023-02-22 07:50:00,7.56,379.0,24.19
2023-02-22 07:55:00,7.82,379.0,24.19
2023-02-22 08:00:00,7.96,379.0,24.19
2023-02-22 08:05:00,7.875,376.0,24.19
2023-02-22 08:10:00,7.73,376.0,24.19
2023-02-22 08:15:00,7.734999999999999,376.0,24.19
2023-02-22 08:20:00,7.92,379.0,24.19
2023-02-22 08:25:00,8.23,379.0,24.19
2023-02-22 08:30:00,7.665,378.0,24.19
2023-02-22 08:35:00,7.83,379.0,24.19
2023-02-22 08:40:00,7.76,378.0,24.19
2023-02-22 08:45:00,7.66,378.0,24.19
2023-02-22 08:50:00,7.61,381.0,24.19
2023-02-22 08:55:00,7.885,381.0,24.25
2023-02-22 09:00:00,8.06,378.0,24.25
2023-02-22 09:05:00,7.84,378.0,24.25
2023-02-22 09:10:00,8.004999999999999,378.0,24.25
2023-02-22 09:15:00,7.665,379.5,24.25
2023-02-22 09:20:00,7.82,378.0,24.25
2023-02-22 09:25:00,7.63,378.0,24.25
2023-02-22 09:30:00,7.61,378.0,24.31
2023-02-22 09:35:00,8.38,381.0,24.31
2023-02-22 09:40:00,8.045,376.0,24.31
2023-02-22 09:45:00,8.03,376.0,24.31
2023-02-22 09:50:00,7.76,376.0,24.38
2023-02-22 09:55:00,7.904999999999999,376.0,24.38
2023-02-22 10:00:00,7.94,376.0,24.38
2023-02-22 10:05:00,7.56,376.0,24.38
2023-02-22 10:10:00,7.8149999999999995,374.0,24.38
2023-02-22 10:15:00,7.82,376.0,24.44
2023-02-22 10:20:00,7.665,377.0,24.44
2023-02-22 10:25:00,8.4,376.0,24.44
2023-02-22 10:30:00,8.15,376.0,24.44
2023-02-22 10:35:00,8.56,376.0,24.44
2023-02-22 10:40:00,7.945,376.0,24.44
2023-02-22 10:45:00,7.67,376.0,24.44
2023-02-22 10:50:00,,,
2023-02-22 10:55:00,,,
2023-02-22 11:00:00,,,
2023-02-22 11:05:00,8.42,377.0,24.56
2023-02-22 11:10:00,7.54,376.0,24.56
2023-02-22 11:15:00,8.56,376.0,24.56
2023-02-22 11:20:00,7.965,378.0,24.56
2023-02-22 11:25:00,,,
2023-02-22 11:30:00,8.495000000000001,376.0,24.56
2023-02-22 11:35:00,7.7,376.0,24.56
2023-02-22 11:40:00,,,
2023-02-22 11:45:00,,,
2023-02-22 11:50:00,,,
2023-02-22 11:55:00,,,
2023-02-22 12:00:00,,,
2023-02-22 12:05:00,,,
2023-02-22 12:10:00,,,
2023-02-22 12:15:00,,,
2023-02-22 12:20:00,,,
2023-02-22 12:25:00,,,
2023-02-22 12:30:00,,,
2023-02-22 12:35:00,,,
2023-02-22 12:40:00,,,
2023-02-22 12:45:00,,,
2023-02-22 12:50:00,,,
2023-02-22 12:55:00,,,
2023-02-22 13:00:00,,,
2023-02-22 13:05:00,,,
2023-02-22 13:10:00,,,
2023-02-22 13:15:00,,,
2023-02-22 13:20:00,,,
2023-02-22 13:25:00,,,
2023-02-22 13:30:00,,,
2023-02-22 13:35:00,,,
2023-02-22 13:40:00,,,
2023-02-22 13:45:00,,,
2023-02-22 13:50:00,,,
2023-02-22 13:55:00,,,
2023-02-22 14:00:00,,,
2023-02-22 14:05:00,,,
2023-02-22 14:10:00,,,
2023-02-22 14:15:00,,,
2023-02-22 14:20:00,,,
2023-02-22 14:25:00,,,
2023-02-22 14:30:00,,,
2023-02-22 14:35:00,,,
2023-02-22 14:40:00,,,
2023-02-22 14:45:00,,,
2023-02-22 14:50:00,,,
2023-02-22 14:55:00,,,
2023-02-22 15:00:00,,,
2023-02-22 15:05:00,,,
2023-02-22 15:10:00,,,
2023-02-22 15:15:00,,,
2023-02-22 15:20:00,,,
2023-02-22 15:25:00,,,
2023-02-22 15:30:00,,,
2023-02-22 15:35:00,,,
2023-02-22 15:40:00,,,
2023-02-22 15:45:00,,,
2023-02-22 15:50:00,,,
2023-02-22 15:55:00,,,
2023-02-22 16:00:00,,,
2023-02-22 16:05:00,,,
2023-02-22 16:10:00,,,
2023-02-22 16:15:00,,,
2023-02-22 16:20:00,,,
2023-02-22 16:25:00,,,
2023-02-22 16:30:00,,,
2023-02-22 16:35:00,,,
2023-02-22 16:40:00,,,
2023-02-22 16:45:00,,,
2023-02-22 16:50:00,,,
2023-02-22 16:55:00,,,
2023-02-22 17:00:00,,,
2023-02-22 17:05:00,,,
2023-02-22 17:10:00,,,
2023-02-22 17:15:00,,,
2023-02-22 17:20:00,,,
2023-02-22 17:25:00,,,
2023-02-22 17:30:00,,,
2023-02-22 17:35:00,,,
2023-02-22 17:40:00,,,
2023-02-22 17:45:00,,,
2023-02-22 17:50:00,,,
2023-02-22 17:55:00,,,
2023-02-22 18:00:00,,,
2023-02-22 18:05:00,,,
2023-02-22 18:10:00,8.1,909.0,25.06
2023-02-22 18:15:00,8.42,384.0,25.06
2023-02-22 18:20:00,,,
2023-02-22 18:25:00,,,
2023-02-22 18:30:00,7.43,382.0,25.06
2023-02-22 18:35:00,,,
2023-02-22 18:40:00,,,
2023-02-22 18:45:00,8.4,382.0,25.06
2023-02-22 18:50:00,7.845,381.5,25.03
2023-02-22 18:55:00,7.885,382.0,25.0
2023-02-22 19:00:00,7.16,382.0,25.0
2023-02-22 19:05:00,7.805,379.5,25.0
2023-02-22 19:10:00,,,
2023-02-22 19:15:00,,,
2023-02-22 19:20:00,8.42,377.0,25.0
2023-02-22 19:25:00,7.735,380.0,25.0
2023-02-22 19:30:00,7.369999999999999,381.0,25.0
2023-02-22 19:35:00,7.73,382.0,25.0
2023-02-22 19:40:00,7.975,381.0,25.0
2023-02-22 19:45:00,,,
2023-02-22 19:50:00,,,
2023-02-22 19:55:00,8.14,380.0,24.94
2023-02-22 20:00:00,8.59,384.0,25.0
2023-02-22 20:05:00,8.24,380.0,24.94
2023-02-22 20:10:00,7.295,384.0,24.94
2023-02-22 20:15:00,8.184999999999999,384.0,24.94
2023-02-22 20:20:00,,,
2023-02-22 20:25:00,,,
2023-02-22 20:30:00,7.52,382.0,24.94
2023-02-22 20:35:00,7.65,383.0,24.94
2023-02-22 20:40:00,8.01,384.0,24.94
2023-02-22 20:45:00,7.715,380.0,24.88
2023-02-22 20:50:00,8.09,382.0,24.94
2023-02-22 20:55:00,7.96,382.0,24.88
2023-02-22 21:00:00,8.69,380.0,24.88
2023-02-22 21:05:00,,,
2023-02-22 21:10:00,7.53,384.0,24.88
2023-02-22 21:15:00,8.040000000000001,381.0,24.88
2023-02-22 21:20:00,8.32,382.0,24.88
2023-02-22 21:25:00,7.605,382.0,24.88
2023-02-22 21:30:00,8.73,380.0,24.88
2023-02-22 21:35:00,7.9350000000000005,382.0,24.88
2023-02-22 21:40:00,8.335,381.0,24.88
2023-02-22 21:45:00,8.04,382.0,24.81
2023-02-22 21:50:00,,,
2023-02-22 21:55:00,,,
2023-02-22 22:00:00,,,
2023-02-22 22:05:00,8.14,383.0,24.81
2023-02-22 22:10:00,8.63,382.0,24.81
2023-02-22 22:15:00,8.05,382.0,24.81
2023-02-22 22:20:00,7.84,382.0,24.75
2023-02-22 22:25:00,8.51,382.0,24.75
2023-02-22 22:30:00,8.45,380.0,24.75
2023-02-22 22:35:00,7.96,380.0,24.75
2023-02-22 22:40:00,8.085,382.0,24.75
2023-02-22 22:45:00,8.15,381.0,24.75
2023-02-22 22:50:00,8.185,380.0,24.75
2023-02-22 22:55:00,8.11,380.0,24.72
2023-02-22 23:00:00,7.86,382.0,24.69
2023-02-22 23:05:00,8.42,381.0,24.69
2023-02-22 23:10:00,8.475,382.0,24.69
2023-02-22 23:15:00,8.27,382.0,24.69
2023-02-22 23:20:00,8.165,381.0,24.69
2023-02-22 23:25:00,8.25,382.0,24.69
2023-02-22 23:30:00,8.63,380.0,24.63
2023-02-22 23:35:00,8.42,380.0,24.63
2023-02-22 23:40:00,8.22,380.0,24.63
2023-02-22 23:45:00,8.445,380.0,24.63
2023-02-22 23:50:00,8.995000000000001,380.0,24.63
2023-02-22 23:55:00,8.84,380.0,24.63
2023-02-23 00:00:00,7.98,380.0,24.63
2023-02-23 00:05:00,8.61,380.0,24.56
2023-02-23 00:10:00,8.24,380.0,24.56
2023-02-23 00:15:00,8.27,380.0,24.56
2023-02-23 00:20:00,8.415,380.0,24.56
2023-02-23 00:25:00,8.59,380.0,24.56
2023-02-23 00:30:00,8.03,380.0,24.56
2023-02-23 00:35:00,8.675,380.0,24.56
2023-02-23 00:40:00,8.49,380.0,24.56
2023-02-23 00:45:00,8.74,380.0,24.56
2023-02-23 00:50:00,8.63,380.0,24.5
2023-02-23 00:55:00,8.52,380.0,24.5
2023-02-23 01:00:00,8.58,378.0,24.5
2023-02-23 01:05:00,7.97,380.0,24.5
2023-02-23 01:10:00,8.22,378.0,24.5
2023-02-23 01:15:00,8.38,380.0,24.5
2023-02-23 01:20:00,8.91,378.0,24.5
2023-02-23 01:25:00,8.215,380.0,24.44
2023-02-23 01:30:00,8.024999999999999,380.0,24.44
2023-02-23 01:35:00,8.04,380.0,24.44
2023-02-23 01:40:00,8.48,378.0,24.44
2023-02-23 01:45:00,8.22,378.0,24.44
2023-02-23 01:50:00,8.24,378.0,24.44
2023-02-23 01:55:00,8.69,378.0,24.38
2023-02-23 02:00:00,8.355,378.0,24.38
2023-02-23 02:05:00,8.239999999999998,378.0,24.38
2023-02-23 02:10:00,8.97,378.0,24.38
2023-02-23 02:15:00,8.44,378.0,24.38
2023-02-23 02:20:00,8.65,378.0,24.38
2023-02-23 02:25:00,8.17,380.0,24.38
2023-02-23 02:30:00,8.69,378.0,24.38
2023-02-23 02:35:00,8.875,379.0,24.31
2023-02-23 02:40:00,8.22,378.0,24.31
2023-02-23 02:45:00,8.525,378.0,24.31
2023-02-23 02:50:00,8.879999999999999,378.0,24.31
2023-02-23 02:55:00,8.18,379.5,24.31
2023-02-23 03:00:00,8.73,378.0,24.25
2023-02-23 03:05:00,8.684999999999999,378.0,24.25
2023-02-23 03:10:00,8.04,378.0,24.25
2023-02-23 03:15:00,8.44,378.0,24.25
2023-02-23 03:20:00,8.135,378.0,24.25
2023-02-23 03:25:00,8.515,376.0,24.25
2023-02-23 03:30:00,7.93,376.0,24.25
2023-02-23 03:35:00,8.24,376.0,24.25
2023-02-23 03:40:00,8.105,376.0,24.19
2023-02-23 03:45:00,8.31,376.0,24.19
2023-02-23 03:50:00,8.485,376.0,24.19
2023-02-23 03:55:00,8.67,376.0,24.19
2023-02-23 04:00:00,8.0,374.0,24.19
2023-02-23 04:05:00,7.64,376.0,24.19
2023-02-23 04:10:00,8.47,376.0,24.19
2023-02-23 04:15:00,7.74,376.0,24.19
2023-02-23 04:20:00,8.025,376.0,24.19
2023-02-23 04:25:00,7.72,376.0,24.13
2023-02-23 04:30:00,8.04,376.0,24.13
2023-02-23 04:35:00,8.215,376.0,24.13
2023-02-23 04:40:00,8.27,376.0,24.13
2023-02-23 04:45:00,8.4,376.0,24.13
2023-02-23 04:50:00,7.73,376.0,24.13
2023-02-23 04:55:00,8.58,376.0,24.13
2023-02-23 05:00:00,7.9350000000000005,374.0,24.06
2023-02-23 05:05:00,8.545,374.0,24.06
2023-02-23 05:10:00,8.12,376.0,24.06
2023-02-23 05:15:00,8.45,374.0,24.06
2023-02-23 05:20:00,8.055,374.0,24.06
2023-02-23 05:25:00,7.955,374.0,24.06
2023-02-23 05:30:00,7.630000000000001,370.0,24.06
2023-02-23 05:35:00,7.715,374.0,24.06
2023-02-23 05:40:00,7.98,374.0,24.06
2023-02-23 05:45:00,7.88,370.0,24.0
2023-02-23 05:50:00,8.040000000000001,374.0,24.06
2023-02-23 05:55:00,8.515,377.0,24.0
2023-02-23 06:00:00,8.445,377.0,24.0
2023-02-23 06:05:00,8.545,378.0,24.0
2023-02-23 06:10:00,8.19,377.0,24.0
2023-02-23 06:15:00,8.07,377.0,24.0
2023-02-23 06:20:00,8.01,377.0,24.0
2023-02-23 06:25:00,8.26,377.0,24.0
2023-02-23 06:30:00,8.52,377.0,24.0
2023-02-23 06:35:00,8.465,379.0,24.0
2023-02-23 06:40:00,8.18,379.0,24.0
2023-02-23 06:45:00,8.01,379.0,24.0
2023-02-23 06:50:00,8.15,379.0,24.0
2023-02-23 06:55:00,7.98,379.0,24.0
2023-02-23 07:00:00,8.32,377.0,23.94
2023-02-23 07:05:00,8.600000000000001,379.0,23.94
2023-02-23 07:10:00,8.675,379.0,23.94
2023-02-23 07:15:00,8.18,379.0,23.94
2023-02-23 07:20:00,8.370000000000001,378.0,23.94
2023-02-23 07:25:00,7.62,377.0,23.94
2023-02-23 07:30:00,7.43,377.0,23.94
2023-02-23 07:35:00,7.73,377.0,23.94
2023-02-23 07:40:00,7.99,377.0,23.94
2023-02-23 07:45:00,8.39,377.0,23.94
2023-02-23 07:50:00,8.2,377.0,23.94
2023-02-23 07:55:00,8.19,377.0,23.94
2023-02-23 08:00:00,7.985,377.0,23.94
2023-02-23 08:05:00,8.094999999999999,377.0,23.94
2023-02-23 08:10:00,8.25,377.0,23.94
2023-02-23 08:15:00,7.88,377.0,23.94
2023-02-23 08:20:00,7.86,377.0,23.91
2023-02-23 08:25:00,8.195,376.0,23.91
2023-02-23 08:30:00,7.904999999999999,378.0,23.94
2023-02-23 08:35:00,7.915,377.0,23.94
2023-02-23 08:40:00,8.52,379.0,23.94
2023-02-23 08:45:00,7.65,379.0,23.94
2023-02-23 08:50:00,7.744999999999999,379.0,23.94
2023-02-23 08:55:00,7.6,377.0,23.94
2023-02-23 09:00:00,7.78,381.0,24.0
2023-02-23 09:05:00,,,
2023-02-23 09:10:00,,,
2023-02-23 09:15:00,8.0,378.0,24.0
2023-02-23 09:20:00,,,
2023-02-23 09:25:00,,,
2023-02-23 09:30:00,,,
2023-02-23 09:35:00,,,
2023-02-23 09:40:00,,,
2023-02-23 09:45:00,7.5,377.0,24.06
2023-02-23 09:50:00,8.1,375.5,24.06
2023-02-23 09:55:00,7.91,374.0,24.06
2023-02-23 10:00:00,8.72,377.0,24.06
2023-02-23 10:05:00,,,
2023-02-23 10:10:00,,,
2023-02-23 10:15:00,,,
2023-02-23 10:20:00,,,
2023-02-23 10:25:00,,,
2023-02-23 10:30:00,,,
2023-02-23 10:35:00,,,
2023-02-23 10:40:00,,,
2023-02-23 10:45:00,,,
2023-02-23 10:50:00,,,
2023-02-23 10:55:00,,,
2023-02-23 11:00:00,,,
2023-02-23 11:05:00,,,
2023-02-23 11:10:00,7.33,379.0,24.19
2023-02-23 11:15:00,7.89,376.0,24.19
2023-02-23 11:20:00,,,
2023-02-23 11:25:00,7.73,376.0,24.25
2023-02-23 11:30:00,,,
2023-02-23 11:35:00,,,
2023-02-23 11:40:00,,,
2023-02-23 11:45:00,,,
2023-02-23 11:50:00,,,
2023-02-23 11:55:00,,,
2023-02-23 12:00:00,,,
2023-02-23 12:05:00,,,
2023-02-23 12:10:00,,,
2023-02-23 12:15:00,,,
2023-02-23 12:20:00,,,
2023-02-23 12:25:00,,,
2023-02-23 12:30:00,,,
2023-02-23 12:35:00,,,
2023-02-23 12:40:00,,,
2023-02-23 12:45:00,,,
2023-02-23 12:50:00,,,
2023-02-23 12:55:00,,,
2023-02-23 13:00:00,,,
2023-02-23 13:05:00,,,
2023-02-23 13:10:00,,,
2023-02-23 13:15:00,,,
2023-02-23 13:20:00,,,
2023-02-23 13:25:00,,,
2023-02-23 13:30:00,,,
2023-02-23 13:35:00,,,
2023-02-23 13:40:00,,,
2023-02-23 13:45:00,,,
2023-02-23 13:50:00,,,
2023-02-23 13:55:00,,,
2023-02-23 14:00:00,,,
2023-02-23 14:05:00,,,
2023-02-23 14:10:00,,,
2023-02-23 14:15:00,,,
2023-02-23 14:20:00,,,
2023-02-23 14:25:00,,,
2023-02-23 14:30:00,,,
2023-02-23 14:35:00,,,
2023-02-23 14:40:00,,,
2023-02-23 14:45:00,,,
2023-02-23 14:50:00,,,
2023-02-23 14:55:00,,,
2023-02-23 15:00:00,,,
2023-02-23 15:05:00,,,
2023-02-23 15:10:00,,,
2023-02-23 15:15:00,,,
2023-02-23 15:20:00,,,
2023-02-23 15:25:00,,,
2023-02-23 15:30:00,,,
2023-02-23 15:35:00,,,
2023-02-23 15:40:00,,,
2023-02-23 15:45:00,,,
2023-02-23 15:50:00,,,
2023-02-23 15:55:00,,,
2023-02-23 16:00:00,,,
2023-02-23 16:05:00,,,
2023-02-23 16:10:00,,,
2023-02-23 16:15:00,,,
2023-02-23 16:20:00,,,
2023-02-23 16:25:00,,,
2023-02-23 16:30:00,,,
2023-02-23 16:35:00,,,
2023-02-23 16:40:00,,,
2023-02-23 16:45:00,,,
2023-02-23 16:50:00,,,
2023-02-23 16:55:00,,,
2023-02-23 17:00:00,,,
2023-02-23 17:05:00,,,
2023-02-23 17:10:00,,,
2023-02-23 17:15:00,,,
2023-02-23 17:20:00,5.96,382.0,24.75
2023-02-23 17:25:00,6.755,381.0,24.75
2023-02-23 17:30:00,6.3149999999999995,384.0,24.75
2023-02-23 17:35:00,6.81,382.0,24.75
2023-02-23 17:40:00,6.865,382.0,24.75
2023-02-23 17:45:00,6.35,384.0,24.75
2023-02-23 17:50:00,6.035,384.5,24.75
2023-02-23 17:55:00,6.525,383.0,24.75
2023-02-23 18:00:00,6.404999999999999,384.0,24.75
2023-02-23 18:05:00,6.625,381.0,24.75
2023-02-23 18:10:00,6.880000000000001,382.0,24.75
2023-02-23 18:15:00,6.05,382.0,24.72
2023-02-23 18:20:00,6.025,382.0,24.75
2023-02-23 18:25:00,6.97,384.0,24.75
2023-02-23 18:30:00,6.21,384.0,24.75
2023-02-23 18:35:00,6.83,384.0,24.75
2023-02-23 18:40:00,6.5,384.0,24.75
2023-02-23 18:45:00,,,
2023-02-23 18:50:00,,,
2023-02-23 18:55:00,6.79,382.0,24.69
2023-02-23 19:00:00,6.69,382.0,24.69
2023-02-23 19:05:00,7.01,382.0,24.69
2023-02-23 19:10:00,5.93,382.0,24.69
2023-02-23 19:15:00,7.0,384.0,24.69
2023-02-23 19:20:00,6.470000000000001,385.5,24.69
2023-02-23 19:25:00,,,
2023-02-23 19:30:00,6.87,382.0,24.69
2023-02-23 19:35:00,6.96,381.0,24.69
2023-02-23 19:40:00,5.75,382.0,24.69
2023-02-23 19:45:00,5.99,384.0,24.69
2023-02-23 19:50:00,,,
2023-02-23 19:55:00,,,
2023-02-23 20:00:00,6.79,382.0,24.63
2023-02-23 20:05:00,6.55,385.0,24.63
2023-02-23 20:10:00,5.78,385.0,24.63
2023-02-23 20:15:00,6.05,382.0,24.63
2023-02-23 20:20:00,6.25,386.0,24.63
2023-02-23 20:25:00,6.045,383.5,24.63
2023-02-23 20:30:00,6.25,382.0,24.63
2023-02-23 20:35:00,6.305,382.0,24.63
2023-02-23 20:40:00,6.285,385.0,24.63
2023-02-23 20:45:00,5.9,382.0,24.63
2023-02-23 20:50:00,7.06,382.0,24.56
2023-02-23 20:55:00,6.47,382.0,24.56
2023-02-23 21:00:00,5.95,382.0,24.56
2023-02-23 21:05:00,6.66,382.0,24.56
2023-02-23 21:10:00,6.42,382.0,24.56
2023-02-23 21:15:00,6.76,382.0,24.56
2023-02-23 21:20:00,6.470000000000001,381.5,24.56
2023-02-23 21:25:00,,,
2023-02-23 21:30:00,,,
2023-02-23 21:35:00,5.6899999999999995,381.0,24.56
2023-02-23 21:40:00,6.9,916.0,24.5
2023-02-23 21:45:00,6.445,383.5,24.53
2023-02-23 21:50:00,5.78,382.0,24.5
2023-02-23 21:55:00,6.92,382.0,24.5
2023-02-23 22:00:00,6.72,382.0,24.5
2023-02-23 22:05:00,6.355,382.0,24.5
2023-02-23 22:10:00,6.37,382.0,24.5
2023-02-23 22:15:00,6.29,385.0,24.5
2023-02-23 22:20:00,5.965,383.5,24.5
2023-02-23 22:25:00,5.985,382.0,24.5
2023-02-23 22:30:00,6.13,382.0,24.5
2023-02-23 22:35:00,6.64,382.0,24.5
2023-02-23 22:40:00,6.82,382.0,24.5
2023-02-23 22:45:00,6.355,382.0,24.5
2023-02-23 22:50:00,5.92,382.0,24.5
2023-02-23 22:55:00,6.27,382.0,24.5
2023-02-23 23:00:00,6.025,382.5,24.44
2023-02-23 23:05:00,5.83,382.0,24.44
2023-02-23 23:10:00,6.86,382.0,24.44
2023-02-23 23:15:00,6.605,382.5,24.44
2023-02-23 23:20:00,6.5649999999999995,383.0,24.44
2023-02-23 23:25:00,6.305,383.0,24.44
2023-02-23 23:30:00,6.64,383.0,24.44
2023-02-23 23:35:00,6.285,383.0,24.44
2023-02-23 23:40:00,6.69,385.0,24.44
2023-02-23 23:45:00,6.35,383.0,24.44
2023-02-23 23:50:00,5.99,385.0,24.44
2023-02-23 23:55:00,6.69,383.0,24.44
2023-02-24 00:00:00,6.13,383.0,24.44
2023-02-24 00:05:00,6.09,383.0,24.44
2023-02-24 00:10:00,6.33,383.0,24.38
2023-02-24 00:15:00,6.6,383.0,24.38
2023-02-24 00:20:00,6.76,383.0,24.38
2023-02-24 00:25:00,6.48,383.0,24.38
2023-02-24 00:30:00,6.32,383.0,24.38
2023-02-24 00:35:00,6.17,383.0,24.38
2023-02-24 00:40:00,6.33,383.0,24.38
2023-02-24 00:45:00,6.12,383.0,24.38
2023-02-24 00:50:00,6.205,383.0,24.31
2023-02-24 00:55:00,6.43,383.0,24.31
2023-02-24 01:00:00,6.375,383.0,24.31
2023-02-24 01:05:00,6.4,383.0,24.31
2023-02-24 01:10:00,6.19,383.0,24.25
2023-02-24 01:15:00,6.3,383.0,24.25
2023-02-24 01:20:00,6.55,383.0,24.25
2023-02-24 01:25:00,6.34,383.0,24.25
2023-02-24 01:30:00,6.35,383.0,24.25
2023-02-24 01:35:00,6.34,383.0,24.25
2023-02-24 01:40:00,6.63,383.0,24.19
2023-02-24 01:45:00,6.475,382.0,24.19
2023-02-24 01:50:00,6.645,383.0,24.19
2023-02-24 01:55:00,6.6,381.0,24.19
2023-02-24 02:00:00,6.225,383.0,24.19
2023-02-24 02:05:00,6.455,381.0,24.13
2023-02-24 02:10:00,6.59,381.0,24.13
2023-02-24 02:15:00,6.45,381.0,24.13
2023-02-24 02:20:00,6.67,381.0,24.13
2023-02-24 02:25:00,6.55,382.0,24.06
2023-02-24 02:30:00,6.51,381.0,24.06
2023-02-24 02:35:00,6.63,381.0,24.06
2023-02-24 02:40:00,6.18,381.0,24.06
2023-02-24 02:45:00,6.115,381.0,24.06
2023-02-24 02:50:00,6.345000000000001,381.0,24.06
2023-02-24 02:55:00,6.39,381.0,24.0
2023-02-24 03:00:00,6.02,381.0,24.0
2023-02-24 03:05:00,6.76,381.0,24.0
2023-02-24 03:10:00,6.56,381.0,24.0
2023-02-24 03:15:00,6.46,381.0,24.0
2023-02-24 03:20:00,6.24,381.0,24.0
2023-02-24 03:25:00,6.555,379.0,23.94
2023-02-24 03:30:00,6.09,379.0,23.94
2023-02-24 03:35:00,6.39,379.0,23.94
2023-02-24 03:40:00,6.265000000000001,380.0,23.94
2023-02-24 03:45:00,6.15,381.0,23.94
2023-02-24 03:50:00,6.125,379.0,23.88
2023-02-24 03:55:00,6.57,379.0,23.88
2023-02-24 04:00:00,6.27,379.0,23.88
2023-02-24 04:05:00,6.615,380.0,23.88
2023-02-24 04:10:00,6.75,379.0,23.88
2023-02-24 04:15:00,6.21,379.0,23.81
2023-02-24 04:20:00,5.91,379.0,23.81
2023-02-24 04:25:00,6.234999999999999,378.0,23.81
2023-02-24 04:30:00,6.12,379.0,23.81
2023-02-24 04:35:00,6.7,379.0,23.81
2023-02-24 04:40:00,6.045,378.0,23.81
2023-02-24 04:45:00,6.32,379.0,23.75
2023-02-24 04:50:00,6.61,379.0,23.75
2023-02-24 04:55:00,5.8149999999999995,380.0,23.75
2023-02-24 05:00:00,6.47,377.0,23.75
2023-02-24 05:05:00,6.3,378.0,23.75
2023-02-24 05:10:00,5.925000000000001,379.0,23.75
2023-02-24 05:15:00,6.27,377.0,23.75
2023-02-24 05:20:00,6.215,377.0,23.75
2023-02-24 05:25:00,6.86,379.0,23.69
2023-02-24 05:30:00,5.94,379.0,23.69
2023-02-24 05:35:00,,,
2023-02-24 05:40:00,,,
2023-02-24 05:45:00,6.44,366.0,23.69
2023-02-24 05:50:00,6.16,450.0,23.63
2023-02-24 05:55:00,6.26,445.0,23.63
2023-02-24 06:00:00,6.27,442.0,23.63
2023-02-24 06:05:00,6.35,443.0,23.56
2023-02-24 06:10:00,6.39,440.0,23.56
2023-02-24 06:15:00,6.465,440.0,23.5
2023-02-24 06:20:00,6.28,440.0,23.5
2023-02-24 06:25:00,6.609999999999999,438.0,23.5
2023-02-24 06:30:00,6.41,438.0,23.5
2023-02-24 06:35:00,6.79,439.0,23.5
2023-02-24 06:40:00,6.51,438.0,23.44
2023-02-24 06:45:00,6.48,438.0,23.44
2023-02-24 06:50:00,6.82,438.0,23.44
2023-02-24 06:55:00,7.03,438.0,23.38
2023-02-24 07:00:00,7.0,438.0,23.38
2023-02-24 07:05:00,7.17,440.0,23.38
2023-02-24 07:10:00,6.76,438.0,23.38
2023-02-24 07:15:00,7.26,440.0,23.38
2023-02-24 07:20:00,7.64,438.0,23.38
2023-02-24 07:25:00,7.08,438.0,23.38
2023-02-24 07:30:00,7.42,426.0,23.38
2023-02-24 07:35:00,7.0649999999999995,431.0,23.38
2023-02-24 07:40:00,7.23,433.0,23.38
2023-02-24 07:45:00,7.405,434.5,23.38
2023-02-24 07:50:00,8.03,436.0,23.38
2023-02-24 07:55:00,7.715,434.5,23.38
2023-02-24 08:00:00,8.21,433.0,23.38
2023-02-24 08:05:00,8.08,433.0,23.38
2023-02-24 08:10:00,7.455,431.0,23.38
2023-02-24 08:15:00,7.9399999999999995,431.0,23.38
2023-02-24 08:20:00,8.05,433.0,23.38
2023-02-24 08:25:00,8.65,433.0,23.38
2023-02-24 08:30:00,8.684999999999999,434.5,23.38
2023-02-24 08:35:00,8.465,433.0,23.38
2023-02-24 08:40:00,8.64,433.0,23.38
2023-02-24 08:45:00,8.315000000000001,436.0,23.38
2023-02-24 08:50:00,8.97,438.0,23.38
2023-02-24 08:55:00,8.809999999999999,433.0,23.38
2023-02-24 09:00:00,8.72,438.0,23.38
2023-02-24 09:05:00,8.18,436.0,23.38
2023-02-24 09:10:00,,,
2023-02-24 09:15:00,,,
2023-02-24 09:20:00,,,
2023-02-24 09:25:00,,,
2023-02-24 09:30:00,,,
2023-02-24 09:35:00,,,
2023-02-24 09:40:00,,,
2023-02-24 09:45:00,,,
2023-02-24 09:50:00,,,
2023-02-24 09:55:00,,,
2023-02-24 10:00:00,,,
2023-02-24 10:05:00,,,
2023-02-24 10:10:00,,,
2023-02-24 10:15:00,,,
2023-02-24 10:20:00,,,
2023-02-24 10:25:00,,,
2023-02-24 10:30:00,,,
2023-02-24 10:35:00,,,
2023-02-24 10:40:00,,,
2023-02-24 10:45:00,,,
2023-02-24 10:50:00,,,
2023-02-24 10:55:00,,,
2023-02-24 11:00:00,,,
2023-02-24 11:05:00,,,
2023-02-24 11:10:00,,,
2023-02-24 11:15:00,,,
2023-02-24 11:20:00,,,
2023-02-24 11:25:00,,,
2023-02-24 11:30:00,,,
2023-02-24 11:35:00,,,
2023-02-24 11:40:00,,,
2023-02-24 11:45:00,,,
2023-02-24 11:50:00,,,
2023-02-24 11:55:00,,,
2023-02-24 12:00:00,,,
2023-02-24 12:05:00,,,
2023-02-24 12:10:00,,,
2023-02-24 12:15:00,,,
2023-02-24 12:20:00,,,
2023-02-24 12:25:00,,,
2023-02-24 12:30:00,,,
2023-02-24 12:35:00,,,
2023-02-24 12:40:00,,,
2023-02-24 12:45:00,,,
2023-02-24 12:50:00,,,
2023-02-24 12:55:00,,,
2023-02-24 13:00:00,,,
2023-02-24 13:05:00,,,
2023-02-24 13:10:00,,,
2023-02-24 13:15:00,,,
2023-02-24 13:20:00,,,
2023-02-24 13:25:00,,,
2023-02-24 13:30:00,,,
2023-02-24 13:35:00,,,
2023-02-24 13:40:00,,,
2023-02-24 13:45:00,,,
2023-02-24 13:50:00,,,
2023-02-24 13:55:00,,,
2023-02-24 14:00:00,,,
2023-02-24 14:05:00,,,
2023-02-24 14:10:00,,,
2023-02-24 14:15:00,,,
2023-02-24 14:20:00,,,
2023-02-24 14:25:00,,,
2023-02-24 14:30:00,,,
2023-02-24 14:35:00,,,
2023-02-24 14:40:00,,,
2023-02-24 14:45:00,,,
2023-02-24 14:50:00,,,
2023-02-24 14:55:00,,,
2023-02-24 15:00:00,,,
2023-02-24 15:05:00,,,
2023-02-24 15:10:00,,,
2023-02-24 15:15:00,,,
2023-02-24 15:20:00,,,
2023-02-24 15:25:00,,,
2023-02-24 15:30:00,,,
2023-02-24 15:35:00,,,
2023-02-24 15:40:00,,,
2023-02-24 15:45:00,,,
2023-02-24 15:50:00,,,
2023-02-24 15:55:00,,,
2023-02-24 16:00:00,,,
2023-02-24 16:05:00,,,
2023-02-24 16:10:00,,,
2023-02-24 16:15:00,11.315,638.5,23.5
2023-02-24 16:20:00,11.344999999999999,380.0,23.5
2023-02-24 16:25:00,10.91,382.0,23.5
2023-02-24 16:30:00,11.7,895.0,23.5
2023-02-24 16:35:00,11.88,902.0,23.5
2023-02-24 16:40:00,,,
2023-02-24 16:45:00,,,
2023-02-24 16:50:00,11.78,380.0,23.5
2023-02-24 16:55:00,12.18,384.0,23.5
2023-02-24 17:00:00,12.08,382.0,23.5
2023-02-24 17:05:00,12.21,393.0,23.5
2023-02-24 17:10:00,,,
2023-02-24 17:15:00,,,
2023-02-24 17:20:00,,,
2023-02-24 17:25:00,10.36,395.0,23.5
2023-02-24 17:30:00,11.225,393.0,23.5
2023-02-24 17:35:00,10.78,414.0,23.5
2023-02-24 17:40:00,10.71,389.5,23.5
2023-02-24 17:45:00,11.219999999999999,402.0,23.5
2023-02-24 17:50:00,,,
2023-02-24 17:55:00,10.04,397.0,23.5
2023-02-24 18:00:00,10.97,391.0,23.5
2023-02-24 18:05:00,10.96,391.0,23.5
2023-02-24 18:10:00,10.51,393.0,23.5
2023-02-24 18:15:00,11.25,395.0,23.5
2023-02-24 18:20:00,11.45,393.0,23.44
2023-02-24 18:25:00,11.635000000000002,403.0,23.44
2023-02-24 18:30:00,11.18,395.0,23.44
2023-02-24 18:35:00,11.46,393.0,23.44
2023-02-24 18:40:00,11.585,392.0,23.44
2023-02-24 18:45:00,11.175,395.0,23.44
2023-02-24 18:50:00,10.99,393.0,23.44
2023-02-24 18:55:00,10.844999999999999,402.5,23.44
2023-02-24 19:00:00,10.425,388.5,23.44
2023-02-24 19:05:00,10.43,400.0,23.44
2023-02-24 19:10:00,11.35,393.0,23.44
2023-02-24 19:15:00,10.6,395.5,23.44
2023-02-24 19:20:00,10.445,393.0,23.44
2023-02-24 19:25:00,10.31,391.0,23.44
2023-02-24 19:30:00,11.465,391.0,23.41
2023-02-24 19:35:00,11.69,398.0,23.38
2023-02-24 19:40:00,10.965,396.5,23.38
2023-02-24 19:45:00,11.0,392.0,23.38
2023-02-24 19:50:00,10.454999999999998,396.5,23.38
2023-02-24 19:55:00,10.425,400.0,23.38
2023-02-24 20:00:00,11.4,393.0,23.38
2023-02-24 20:05:00,10.2,396.5,23.38
2023-02-24 20:10:00,11.26,389.0,23.38
2023-02-24 20:15:00,10.11,395.0,23.38
2023-02-24 20:20:00,10.49,393.0,23.38
2023-02-24 20:25:00,10.6,393.0,23.38
2023-02-24 20:30:00,10.335,394.5,23.38
2023-02-24 20:35:00,11.5,392.0,23.345
2023-02-24 20:40:00,11.69,391.0,23.31
2023-02-24 20:45:00,10.82,391.0,23.31
2023-02-24 20:50:00,10.77,395.0,23.38
2023-02-24 20:55:00,10.53,396.0,23.31
2023-02-24 21:00:00,10.155000000000001,392.0,23.31
2023-02-24 21:05:00,10.93,391.0,23.31
2023-02-24 21:10:00,10.510000000000002,389.0,23.31
2023-02-24 21:15:00,10.64,396.0,23.31
2023-02-24 21:20:00,10.405000000000001,391.0,23.31
2023-02-24 21:25:00,10.184999999999999,392.0,23.31
2023-02-24 21:30:00,10.12,391.0,23.31
2023-02-24 21:35:00,10.67,391.0,23.31
2023-02-24 21:40:00,10.62,393.0,23.31
2023-02-24 21:45:00,10.14,393.0,23.25
2023-02-24 21:50:00,10.9,391.0,23.25
2023-02-24 21:55:00,10.79,393.5,23.25
2023-02-24 22:00:00,10.17,391.0,23.25
2023-02-24 22:05:00,10.89,392.0,23.25
2023-02-24 22:10:00,10.58,391.0,23.25
2023-02-24 22:15:00,11.27,391.0,23.25
2023-02-24 22:20:00,10.77,393.0,23.25
2023-02-24 22:25:00,10.245000000000001,389.0,23.25
2023-02-24 22:30:00,11.265,389.0,23.25
2023-02-24 22:35:00,11.04,391.0,23.25
2023-02-24 22:40:00,10.16,389.0,23.25
2023-02-24 22:45:00,10.735,391.0,23.25
2023-02-24 22:50:00,10.71,389.0,23.25
2023-02-24 22:55:00,11.16,392.0,23.25
2023-02-24 23:00:00,11.16,391.0,23.25
2023-02-24 23:05:00,11.155000000000001,391.0,23.22
2023-02-24 23:10:00,11.36,393.0,23.19
2023-02-24 23:15:00,11.4,391.0,23.19
2023-02-24 23:20:00,11.085,390.0,23.19
2023-02-24 23:25:00,10.62,391.0,23.19
2023-02-24 23:30:00,10.92,393.0,23.19
2023-02-24 23:35:00,10.41,393.0,23.19
2023-02-24 23:40:00,11.190000000000001,391.0,23.19
2023-02-24 23:45:00,10.934999999999999,391.0,23.19
2023-02-24 23:50:00,10.625,391.0,23.19
2023-02-24 23:55:00,10.99,393.0,23.19
2023-02-25 00:00:00,11.379999999999999,391.0,23.19
2023-02-25 00:05:00,11.77,393.0,23.19
2023-02-25 00:10:00,10.995000000000001,391.0,23.19
2023-02-25 00:15:00,11.53,396.0,23.19
2023-02-25 00:20:00,11.28,391.0,23.19
2023-02-25 00:25:00,10.605,390.0,23.19
2023-02-25 00:30:00,11.27,389.0,23.19
2023-02-25 00:35:00,10.58,389.0,23.19
2023-02-25 00:40:00,11.72,391.0,23.19
2023-02-25 00:45:00,11.6,391.0,23.13
2023-02-25 00:50:00,11.004999999999999,393.0,23.13
2023-02-25 00:55:00,10.97,391.0,23.13
2023-02-25 01:00:00,11.46,389.0,23.13
2023-02-25 01:05:00,11.41,391.0,23.13
2023-02-25 01:10:00,11.25,391.0,23.13
2023-02-25 01:15:00,10.84,394.0,23.13
2023-02-25 01:20:00,10.73,394.0,23.13
2023-02-25 01:25:00,11.05,390.0,23.13
2023-02-25 01:30:00,10.35,394.0,23.13
2023-02-25 01:35:00,11.17,389.0,23.13
2023-02-25 01:40:00,11.13,396.0,23.13
2023-02-25 01:45:00,10.54,389.0,23.06
2023-02-25 01:50:00,10.64,389.0,23.06
2023-02-25 01:55:00,11.525,388.0,23.06
2023-02-25 02:00:00,10.96,390.0,23.06
2023-02-25 02:05:00,10.77,389.0,23.06
2023-02-25 02:10:00,11.33,394.0,23.06
2023-02-25 02:15:00,11.57,391.0,23.06
2023-02-25 02:20:00,11.14,387.0,23.06
2023-02-25 02:25:00,11.545,394.0,23.0
2023-02-25 02:30:00,11.57,389.0,23.0
2023-02-25 02:35:00,11.49,389.0,23.0
2023-02-25 02:40:00,11.16,389.0,23.0
2023-02-25 02:45:00,11.31,394.0,23.0
2023-02-25 02:50:00,11.04,391.0,23.0
2023-02-25 02:55:00,11.16,391.0,23.0
2023-02-25 03:00:00,11.26,391.0,23.0
2023-02-25 03:05:00,11.485,388.0,23.0
2023-02-25 03:10:00,11.015,389.0,23.0
2023-02-25 03:15:00,11.03,388.0,22.94
2023-02-25 03:20:00,10.45,391.0,22.94
2023-02-25 03:25:00,11.305,390.5,22.94
2023-02-25 03:30:00,10.855,389.0,22.94
2023-02-25 03:35:00,10.49,389.0,22.94
2023-02-25 03:40:00,10.41,389.0,22.94
2023-02-25 03:45:00,10.425,390.5,22.94
2023-02-25 03:50:00,11.52,387.0,22.94
2023-02-25 03:55:00,10.81,394.0,22.94
2023-02-25 04:00:00,11.48,387.0,22.94
2023-02-25 04:05:00,10.59,389.0,22.94
2023-02-25 04:10:00,10.88,389.0,22.94
2023-02-25 04:15:00,10.53,392.0,22.88
2023-02-25 04:20:00,11.055,387.0,22.88
2023-02-25 04:25:00,11.765,387.0,22.88
2023-02-25 04:30:00,11.56,387.0,22.88
2023-02-25 04:35:00,10.87,389.0,22.88
2023-02-25 04:40:00,11.385,386.0,22.88
2023-02-25 04:45:00,11.01,389.0,22.88
2023-02-25 04:50:00,11.3,389.0,22.88
2023-02-25 04:55:00,11.51,389.0,22.88
2023-02-25 05:00:00,11.605,388.0,22.88
2023-02-25 05:05:00,11.18,389.0,22.88
2023-02-25 05:10:00,11.5,389.0,22.81
2023-02-25 05:15:00,11.309999999999999,390.0,22.81
2023-02-25 05:20:00,11.44,387.0,22.81
2023-02-25 05:25:00,10.7,393.0,22.81
2023-02-25 05:30:00,11.715,391.0,22.81
2023-02-25 05:35:00,11.33,390.0,22.75
2023-02-25 05:40:00,10.8,387.0,22.75
2023-02-25 05:45:00,11.5,388.5,22.75
2023-02-25 05:50:00,11.84,387.0,22.75
2023-02-25 05:55:00,11.835,387.0,22.75
2023-02-25 06:00:00,11.355,387.0,22.69
2023-02-25 06:05:00,10.72,387.0,22.69
2023-02-25 06:10:00,11.415,388.5,22.69
2023-02-25 06:15:00,10.86,387.0,22.69
2023-02-25 06:20:00,10.77,386.0,22.69
2023-02-25 06:25:00,11.77,392.0,22.69
2023-02-25 06:30:00,11.135,388.5,22.69
2023-02-25 06:35:00,11.7,391.0,22.63
2023-02-25 06:40:00,10.95,389.5,22.63
2023-02-25 06:45:00,11.37,388.0,22.63
2023-02-25 06:50:00,11.04,385.0,22.63
2023-02-25 06:55:00,10.76,385.0,22.63
2023-02-25 07:00:00,11.425,386.5,22.63
2023-02-25 07:05:00,10.855,388.0,22.63
2023-02-25 07:10:00,10.56,385.0,22.63
2023-02-25 07:15:00,10.9,388.0,22.63
2023-02-25 07:20:00,11.52,385.0,22.63
2023-02-25 07:25:00,11.37,388.0,22.63
2023-02-25 07:30:00,10.305,387.5,22.63
2023-02-25 07:35:00,10.98,385.0,22.63
2023-02-25 07:40:00,11.17,385.0,22.63
2023-02-25 07:45:00,10.63,383.0,22.56
2023-02-25 07:50:00,10.5,383.0,22.56
2023-02-25 07:55:00,11.77,386.5,22.56
2023-02-25 08:00:00,11.615,383.0,22.56
2023-02-25 08:05:00,11.085,391.0,22.56
2023-02-25 08:10:00,10.36,385.0,22.56
2023-02-25 08:15:00,11.149999999999999,388.0,22.56
2023-02-25 08:20:00,11.28,390.0,22.56
2023-02-25 08:25:00,10.754999999999999,390.0,22.56
2023-02-25 08:30:00,10.66,385.0,22.56
2023-02-25 08:35:00,11.485,386.5,22.63
2023-02-25 08:40:00,11.02,386.5,22.56
2023-02-25 08:45:00,10.96,389.0,22.56
2023-02-25 08:50:00,10.684999999999999,389.0,22.63
2023-02-25 08:55:00,11.405000000000001,385.0,22.63
2023-02-25 09:00:00,10.59,392.0,22.63
2023-02-25 09:05:00,11.719999999999999,389.0,22.63
2023-02-25 09:10:00,10.92,390.0,22.63
2023-02-25 09:15:00,10.795,389.0,22.63
2023-02-25 09:20:00,11.8,389.0,22.63
2023-02-25 09:25:00,10.559999999999999,390.0,22.63
2023-02-25 09:30:00,10.61,390.0,22.63
2023-02-25 09:35:00,11.405000000000001,390.0,22.63
2023-02-25 09:40:00,11.2,388.0,22.63
2023-02-25 09:45:00,10.4,390.0,22.63
2023-02-25 09:50:00,11.309999999999999,387.0,22.69
2023-02-25 09:55:00,11.89,390.0,22.69
2023-02-25 10:00:00,11.344999999999999,390.0,22.69
2023-02-25 10:05:00,10.665,388.5,22.69
2023-02-25 10:10:00,11.629999999999999,385.0,22.69
2023-02-25 10:15:00,11.11,387.0,22.69
2023-02-25 10:20:00,10.67,387.0,22.69
2023-02-25 10:25:00,10.785,387.0,22.75
2023-02-25 10:30:00,,,
2023-02-25 10:35:00,11.32,392.0,22.75
2023-02-25 10:40:00,12.004999999999999,390.0,22.75
2023-02-25 10:45:00,10.825,389.5,22.78
2023-02-25 10:50:00,11.635,404.0,22.81
2023-02-25 10:55:00,10.73,385.0,22.81
2023-02-25 11:00:00,11.54,387.0,22.81
2023-02-25 11:05:00,11.41,385.0,22.81
2023-02-25 11:10:00,10.565000000000001,391.0,22.81
2023-02-25 11:15:00,11.225,389.5,22.81
2023-02-25 11:20:00,10.48,389.0,22.81
2023-02-25 11:25:00,11.18,387.0,22.81
2023-02-25 11:30:00,10.465,388.5,22.81
2023-02-25 11:35:00,11.7,392.0,22.81
2023-02-25 11:40:00,10.79,392.0,22.81
2023-02-25 11:45:00,10.530000000000001,394.0,22.845
2023-02-25 11:50:00,11.82,394.0,22.88
2023-02-25 11:55:00,11.32,394.0,22.88
2023-02-25 12:00:00,11.44,392.0,22.88
2023-02-25 12:05:00,11.235,387.0,22.88
2023-02-25 12:10:00,10.93,389.0,22.88
2023-02-25 12:15:00,12.08,389.0,22.94
2023-02-25 12:20:00,11.135,392.0,22.94
2023-02-25 12:25:00,11.09,387.0,22.94
2023-02-25 12:30:00,11.445,396.0,22.94
2023-02-25 12:35:00,11.61,387.0,22.97
2023-02-25 12:40:00,,,
2023-02-25 12:45:00,11.325,392.5,23.0
2023-02-25 12:50:00,11.19,389.0,23.0
2023-02-25 12:55:00,,,
2023-02-25 13:00:00,11.86,387.0,23.0
2023-02-25 13:05:00,11.64,394.0,23.0
2023-02-25 13:10:00,11.19,389.0,23.0
2023-02-25 13:15:00,10.84,395.0,23.0
2023-02-25 13:20:00,10.995000000000001,390.0,23.03
2023-02-25 13:25:00,11.184999999999999,392.5,23.06
2023-02-25 13:30:00,11.24,398.0,23.06
2023-02-25 13:35:00,10.86,391.0,23.06
2023-02-25 13:40:00,10.745,396.0,23.06
2023-02-25 13:45:00,11.66,394.0,23.13
2023-02-25 13:50:00,11.42,394.0,23.13
2023-02-25 13:55:00,11.755,394.0,23.13
2023-02-25 14:00:00,11.309999999999999,396.0,23.13
2023-02-25 14:05:00,11.27,392.5,23.13
2023-02-25 14:10:00,10.695,395.0,23.13
2023-02-25 14:15:00,11.36,391.0,23.13
2023-02-25 14:20:00,,,
2023-02-25 14:25:00,11.5,387.0,23.19
2023-02-25 14:30:00,10.675,392.5,23.19
2023-02-25 14:35:00,10.74,391.0,23.19
2023-02-25 14:40:00,11.89,396.0,23.19
2023-02-25 14:45:00,11.2,398.0,23.19
2023-02-25 14:50:00,10.38,403.0,23.19
2023-02-25 14:55:00,11.175,395.0,23.19
2023-02-25 15:00:00,10.56,395.5,23.19
2023-02-25 15:05:00,10.51,393.0,23.19
2023-02-25 15:10:00,11.19,393.0,23.25
2023-02-25 15:15:00,11.02,396.0,23.25
2023-02-25 15:20:00,11.15,393.0,23.25
2023-02-25 15:25:00,10.67,393.0,23.25
2023-02-25 15:30:00,12.1,402.0,23.25
2023-02-25 15:35:00,,,
2023-02-25 15:40:00,11.02,396.0,23.25
2023-02-25 15:45:00,11.61,393.0,23.25
2023-02-25 15:50:00,12.09,393.0,23.25
2023-02-25 15:55:00,11.38,393.0,23.25
2023-02-25 16:00:00,12.08,398.0,23.25
2023-02-25 16:05:00,11.19,393.0,23.25
2023-02-25 16:10:00,11.2,393.0,23.25
2023-02-25 16:15:00,11.99,396.0,23.25
2023-02-25 16:20:00,10.79,393.0,23.25
2023-02-25 16:25:00,12.08,393.0,23.25
2023-02-25 16:30:00,,,
2023-02-25 16:35:00,11.415,400.0,23.25
2023-02-25 16:40:00,11.44,393.0,23.25
2023-02-25 16:45:00,11.93,393.0,23.25
2023-02-25 16:50:00,11.7,396.0,23.25
2023-02-25 16:55:00,10.594999999999999,396.0,23.28
2023-02-25 17:00:00,,,
2023-02-25 17:05:00,,,
2023-02-25 17:10:00,,,
2023-02-25 17:15:00,,,
2023-02-25 17:20:00,11.204999999999998,394.5,23.25
2023-02-25 17:25:00,10.96,393.0,23.25
2023-02-25 17:30:00,11.6,403.5,23.25
2023-02-25 17:35:00,11.3,393.0,23.25
2023-02-25 17:40:00,11.87,398.0,23.25
2023-02-25 17:45:00,10.77,396.0,23.25
2023-02-25 17:50:00,11.635000000000002,393.5,23.25
2023-02-25 17:55:00,10.504999999999999,406.0,23.25
2023-02-25 18:00:00,10.579999999999998,396.5,23.25
2023-02-25 18:05:00,11.524999999999999,396.0,23.25
2023-02-25 18:10:00,11.33,393.0,23.25
2023-02-25 18:15:00,11.055,396.0,23.25
2023-02-25 18:20:00,11.06,412.0,23.25
2023-02-25 18:25:00,10.76,394.5,23.22
2023-02-25 18:30:00,11.03,393.0,23.19
2023-02-25 18:35:00,11.52,391.0,23.19
2023-02-25 18:40:00,11.19,389.0,23.19
2023-02-25 18:45:00,11.07,396.0,23.19
2023-02-25 18:50:00,,,
2023-02-25 18:55:00,,,
2023-02-25 19:00:00,,,
2023-02-25 19:05:00,,,
2023-02-25 19:10:00,11.58,389.0,23.19
2023-02-25 19:15:00,,,
2023-02-25 19:20:00,,,
2023-02-25 19:25:00,,,
2023-02-25 19:30:00,,,
2023-02-25 19:35:00,,,
2023-02-25 19:40:00,,,
2023-02-25 19:45:00,,,
2023-02-25 19:50:00,10.48,398.0,23.19
2023-02-25 19:55:00,11.33,393.0,23.19
2023-02-25 20:00:00,11.1,393.0,23.19
2023-02-25 20:05:00,11.6,397.0,23.13
2023-02-25 20:10:00,,,
2023-02-25 20:15:00,11.5,390.0,23.13
2023-02-25 20:20:00,11.72,975.0,23.13
2023-02-25 20:25:00,,,
2023-02-25 20:30:00,11.725,396.0,23.13
2023-02-25 20:35:00,11.265,391.5,23.13
2023-02-25 20:40:00,11.37,421.0,23.13
2023-02-25 20:45:00,10.53,398.0,23.13
2023-02-25 20:50:00,11.405,395.0,23.13
2023-02-25 20:55:00,11.81,398.0,23.13
2023-02-25 21:00:00,11.06,403.0,23.13
2023-02-25 21:05:00,10.65,394.0,23.06
2023-02-25 21:10:00,11.205,391.5,23.06
2023-02-25 21:15:00,11.81,394.0,23.06
2023-02-25 21:20:00,11.28,394.0,23.06
2023-02-25 21:25:00,11.73,393.5,23.06
2023-02-25 21:30:00,11.425,394.5,23.06
2023-02-25 21:35:00,11.86,391.0,23.06
2023-02-25 21:40:00,10.71,396.0,23.06
2023-02-25 21:45:00,10.96,399.5,23.0
2023-02-25 21:50:00,10.855,390.0,23.0
2023-02-25 21:55:00,11.274999999999999,393.5,23.0
2023-02-25 22:00:00,11.49,391.0,23.0
2023-02-25 22:05:00,10.93,396.0,23.0
2023-02-25 22:10:00,10.89,394.0,23.0
2023-02-25 22:15:00,11.01,394.0,23.0
2023-02-25 22:20:00,11.4,391.0,23.0
2023-02-25 22:25:00,11.16,396.0,23.0
2023-02-25 22:30:00,10.65,396.0,23.0
2023-02-25 22:35:00,11.23,396.0,22.94
2023-02-25 22:40:00,10.96,394.0,22.94
2023-02-25 22:45:00,11.1,392.0,22.94
2023-02-25 22:50:00,11.469999999999999,391.5,22.94
2023-02-25 22:55:00,10.92,392.0,22.94
2023-02-25 23:00:00,11.61,394.0,22.94
2023-02-25 23:05:00,11.39,392.0,22.94
2023-02-25 23:10:00,10.73,394.0,22.91
2023-02-25 23:15:00,11.265,393.0,22.88
2023-02-25 23:20:00,10.83,394.0,22.88
2023-02-25 23:25:00,11.2,396.0,22.88
2023-02-25 23:30:00,10.74,394.0,22.88
2023-02-25 23:35:00,11.08,396.0,22.88
2023-02-25 23:40:00,11.059999999999999,392.0,22.88
2023-02-25 23:45:00,11.23,393.0,22.88
2023-02-25 23:50:00,11.21,392.0,22.88
2023-02-25 23:55:00,11.665,395.0,22.88
2023-02-26 00:00:00,10.985,393.0,22.88
2023-02-26 00:05:00,10.69,396.0,22.81
2023-02-26 00:10:00,11.120000000000001,393.0,22.81
2023-02-26 00:15:00,10.81,392.0,22.81
2023-02-26 00:20:00,10.48,392.0,22.81
2023-02-26 00:25:00,11.605,394.0,22.81
2023-02-26 00:30:00,11.27,392.0,22.81
2023-02-26 00:35:00,10.89,392.0,22.81
2023-02-26 00:40:00,10.895,393.0,22.81
2023-02-26 00:45:00,10.46,388.5,22.81
2023-02-26 00:50:00,11.575,390.0,22.78
2023-02-26 00:55:00,11.0,390.0,22.81
2023-02-26 01:00:00,10.625,393.0,22.78
2023-02-26 01:05:00,11.085,394.0,22.75
2023-02-26 01:10:00,10.57,394.0,22.75
2023-02-26 01:15:00,11.15,391.0,22.75
2023-02-26 01:20:00,11.22,394.0,22.75
2023-02-26 01:25:00,10.775,391.0,22.75
2023-02-26 01:30:00,11.004999999999999,393.0,22.75
2023-02-26 01:35:00,11.57,394.0,22.75
2023-02-26 01:40:00,11.4,390.0,22.75
2023-02-26 01:45:00,10.89,392.0,22.75
2023-02-26 01:50:00,11.47,390.0,22.75
2023-02-26 01:55:00,11.215,393.0,22.75
2023-02-26 02:00:00,11.26,390.0,22.69
2023-02-26 02:05:00,11.775,392.0,22.69
2023-02-26 02:10:00,11.145,391.0,22.69
2023-02-26 02:15:00,10.835,388.5,22.69
2023-02-26 02:20:00,11.15,392.0,22.69
2023-02-26 02:25:00,10.96,391.0,22.69
2023-02-26 02:30:00,11.5,391.0,22.69
2023-02-26 02:35:00,11.765,395.0,22.69
2023-02-26 02:40:00,11.15,390.0,22.69
2023-02-26 02:45:00,11.004999999999999,391.0,22.69
2023-02-26 02:50:00,10.74,390.0,22.63
2023-02-26 02:55:00,10.875,387.5,22.63
2023-02-26 03:00:00,10.76,390.0,22.63
2023-02-26 03:05:00,10.975000000000001,392.0,22.63
2023-02-26 03:10:00,10.53,389.0,22.63
2023-02-26 03:15:00,11.3,390.0,22.63
2023-02-26 03:20:00,11.7,391.0,22.63
2023-02-26 03:25:00,10.58,392.0,22.63
2023-02-26 03:30:00,10.54,388.0,22.63
2023-02-26 03:35:00,11.38,388.0,22.63
2023-02-26 03:40:00,10.73,392.0,22.63
2023-02-26 03:45:00,10.614999999999998,391.0,22.63
2023-02-26 03:50:00,10.88,390.0,22.63
2023-02-26 03:55:00,11.13,388.0,22.56
2023-02-26 04:00:00,11.46,390.0,22.56
2023-02-26 04:05:00,11.09,388.0,22.56
2023-02-26 04:10:00,11.79,392.0,22.56
2023-02-26 04:15:00,11.2,391.0,22.56
2023-02-26 04:20:00,10.95,390.0,22.56
2023-02-26 04:25:00,11.08,390.0,22.56
2023-02-26 04:30:00,11.575,391.0,22.56
2023-02-26 04:35:00,11.059999999999999,390.0,22.56
2023-02-26 04:40:00,11.155000000000001,390.0,22.56
2023-02-26 04:45:00,10.635,388.0,22.56
2023-02-26 04:50:00,11.25,390.0,22.56
2023-02-26 04:55:00,11.14,390.0,22.5
2023-02-26 05:00:00,11.6,392.0,22.56
2023-02-26 05:05:00,10.65,392.0,22.5
2023-02-26 05:10:00,10.67,392.0,22.5
2023-02-26 05:15:00,10.62,392.0,22.5
2023-02-26 05:20:00,11.04,390.0,22.5
2023-02-26 05:25:00,11.399999999999999,388.0,22.5
2023-02-26 05:30:00,10.88,392.0,22.5
2023-02-26 05:35:00,10.57,392.0,22.5
2023-02-26 05:40:00,11.645,388.0,22.5
2023-02-26 05:45:00,11.58,392.0,22.5
2023-02-26 05:50:00,10.8,392.0,22.44
2023-02-26 05:55:00,10.99,388.0,22.44
2023-02-26 06:00:00,11.02,388.0,22.44
2023-02-26 06:05:00,11.155000000000001,392.0,22.44
2023-02-26 06:10:00,11.61,388.0,22.44
2023-02-26 06:15:00,10.615,392.0,22.44
2023-02-26 06:20:00,11.344999999999999,388.0,22.44
2023-02-26 06:25:00,10.95,388.0,22.44
2023-02-26 06:30:00,10.68,390.0,22.44
2023-02-26 06:35:00,11.515,392.0,22.44
2023-02-26 06:40:00,10.719999999999999,392.0,22.44
2023-02-26 06:45:00,10.969999999999999,391.0,22.44
2023-02-26 06:50:00,10.985,387.0,22.44
2023-02-26 06:55:00,11.79,388.0,22.44
2023-02-26 07:00:00,11.254999999999999,390.0,22.44
2023-02-26 07:05:00,11.004999999999999,388.0,22.44
2023-02-26 07:10:00,11.225000000000001,390.0,22.44
2023-02-26 07:15:00,11.66,388.0,22.44
2023-02-26 07:20:00,10.84,406.0,22.44
2023-02-26 07:25:00,11.28,388.0,22.44
2023-02-26 07:30:00,10.945,393.5,22.44
2023-02-26 07:35:00,11.36,397.0,22.44
2023-02-26 07:40:00,10.85,387.0,22.44
2023-02-26 07:45:00,11.5,388.0,22.44
2023-02-26 07:50:00,10.91,386.5,22.44
2023-02-26 07:55:00,10.81,388.0,22.44
2023-02-26 08:00:00,10.62,390.0,22.44
2023-02-26 08:05:00,11.415,389.0,22.44
2023-02-26 08:10:00,11.28,388.0,22.44
2023-02-26 08:15:00,10.809999999999999,390.0,22.44
2023-02-26 08:20:00,11.49,388.0,22.44
2023-02-26 08:25:00,11.55,388.0,22.44
2023-02-26 08:30:00,11.100000000000001,388.0,22.44
2023-02-26 08:35:00,11.32,390.0,22.44
2023-02-26 08:40:00,11.42,390.0,22.44
2023-02-26 08:45:00,11.785,386.0,22.44
2023-02-26 08:50:00,10.225,384.5,22.44
2023-02-26 08:55:00,11.57,386.0,22.44
2023-02-26 09:00:00,10.96,390.0,22.44
2023-02-26 09:05:00,10.95,387.0,22.44
2023-02-26 09:10:00,11.39,392.0,22.44
2023-02-26 09:15:00,10.53,390.0,22.44
2023-02-26 09:20:00,11.27,388.0,22.5
2023-02-26 09:25:00,10.92,388.0,22.5
2023-02-26 09:30:00,10.795,389.0,22.5
2023-02-26 09:35:00,10.19,392.0,22.5
2023-02-26 09:40:00,10.43,392.0,22.5
2023-02-26 09:45:00,10.68,393.5,22.56
2023-02-26 09:50:00,10.92,388.5,22.56
2023-02-26 09:55:00,,,
2023-02-26 10:00:00,11.72,902.0,22.63
2023-02-26 10:05:00,11.485,386.5,22.56
2023-02-26 10:10:00,11.52,388.0,22.63
2023-02-26 10:15:00,11.09,388.0,22.63
2023-02-26 10:20:00,10.594999999999999,392.0,22.63
2023-02-26 10:25:00,10.78,390.0,22.63
2023-02-26 10:30:00,10.434999999999999,391.0,22.69
2023-02-26 10:35:00,11.19,390.0,22.63
2023-02-26 10:40:00,11.870000000000001,647.0,22.69
2023-02-26 10:45:00,10.34,392.0,22.69
2023-02-26 10:50:00,11.075,392.0,22.69
2023-02-26 10:55:00,10.955,392.0,22.69
2023-02-26 11:00:00,10.875,394.0,22.69
2023-02-26 11:05:00,11.46,389.5,22.69
2023-02-26 11:10:00,10.86,390.0,22.69
2023-02-26 11:15:00,10.559999999999999,392.0,22.75
2023-02-26 11:20:00,10.455,392.0,22.75
2023-02-26 11:25:00,10.49,390.0,22.75
2023-02-26 11:30:00,11.13,387.0,22.75
2023-02-26 11:35:00,10.92,686.0,22.81
2023-02-26 11:40:00,10.530000000000001,394.0,22.81
2023-02-26 11:45:00,,,
2023-02-26 11:50:00,10.86,392.0,22.88
2023-02-26 11:55:00,10.75,390.5,22.845
2023-02-26 12:00:00,11.69,399.0,22.81
2023-02-26 12:05:00,11.09,390.5,22.88
2023-02-26 12:10:00,10.59,412.0,22.88
2023-02-26 12:15:00,11.14,387.0,22.88
2023-02-26 12:20:00,,,
2023-02-26 12:25:00,11.315,394.0,22.94
2023-02-26 12:30:00,10.23,390.5,22.94
2023-02-26 12:35:00,11.7,924.0,22.94
2023-02-26 12:40:00,10.365,391.5,22.94
2023-02-26 12:45:00,11.555,392.5,23.0
2023-02-26 12:50:00,,,
2023-02-26 12:55:00,10.94,388.0,23.0
2023-02-26 13:00:00,11.295,391.0,23.03
2023-02-26 13:05:00,11.364999999999998,393.5,23.06
2023-02-26 13:10:00,10.365,390.0,23.06
2023-02-26 13:15:00,11.39,391.0,23.06
2023-02-26 13:20:00,11.26,405.0,23.13
2023-02-26 13:25:00,,,
2023-02-26 13:30:00,9.99,391.0,23.13
2023-02-26 13:35:00,11.11,396.0,23.13
2023-02-26 13:40:00,11.02,393.0,23.13
2023-02-26 13:45:00,11.094999999999999,391.0,23.19
2023-02-26 13:50:00,11.37,389.0,23.19
2023-02-26 13:55:00,10.34,393.0,23.19
2023-02-26 14:00:00,10.77,396.0,23.19
2023-02-26 14:05:00,10.9,396.0,23.19
2023-02-26 14:10:00,10.2,397.0,23.19
2023-02-26 14:15:00,10.87,393.0,23.19
2023-02-26 14:20:00,11.0,396.0,23.19
2023-02-26 14:25:00,11.42,396.0,23.25
2023-02-26 14:30:00,10.27,389.0,23.25
2023-02-26 14:35:00,10.844999999999999,392.5,23.19
2023-02-26 14:40:00,,,
2023-02-26 14:45:00,,,
2023-02-26 14:50:00,10.35,396.0,23.25
2023-02-26 14:55:00,9.85,393.0,23.25
2023-02-26 15:00:00,10.17,393.0,23.25
2023-02-26 15:05:00,11.22,391.0,23.19
2023-02-26 15:10:00,9.75,398.0,23.19
2023-02-26 15:15:00,9.835,395.5,23.19
2023-02-26 15:20:00,9.735,393.5,23.22
2023-02-26 15:25:00,9.754999999999999,392.0,23.25
2023-02-26 15:30:00,,,
2023-02-26 15:35:00,,,
2023-02-26 15:40:00,,,
2023-02-26 15:45:00,10.85,953.0,23.25
2023-02-26 15:50:00,,,
2023-02-26 15:55:00,,,
2023-02-26 16:00:00,10.965,391.0,23.25
2023-02-26 16:05:00,9.684999999999999,393.0,23.25
2023-02-26 16:10:00,10.175,391.0,23.25
2023-02-26 16:15:00,9.96,395.5,23.25
2023-02-26 16:20:00,10.34,390.0,23.25
2023-02-26 16:25:00,10.505,391.0,23.25
2023-02-26 16:30:00,9.625,394.5,23.25
2023-02-26 16:35:00,10.06,396.0,23.25
2023-02-26 16:40:00,10.65,393.0,23.25
2023-02-26 16:45:00,9.98,393.0,23.25
2023-02-26 16:50:00,10.76,398.0,23.25
2023-02-26 16:55:00,9.84,393.0,23.25
2023-02-26 17:00:00,9.84,393.0,23.25
2023-02-26 17:05:00,,,
2023-02-26 17:10:00,,,
2023-02-26 17:15:00,10.61,393.0,23.25
2023-02-26 17:20:00,10.14,400.5,23.25
2023-02-26 17:25:00,9.850000000000001,669.0,23.25
2023-02-26 17:30:00,10.12,393.0,23.25
2023-02-26 17:35:00,,,
2023-02-26 17:40:00,9.739999999999998,394.5,23.25
2023-02-26 17:45:00,9.42,396.0,23.25
2023-02-26 17:50:00,,,
2023-02-26 17:55:00,,,
2023-02-26 18:00:00,,,
2023-02-26 18:05:00,,,
2023-02-26 18:10:00,,,
2023-02-26 18:15:00,8.9,390.0,23.25
2023-02-26 18:20:00,9.02,938.0,23.25
2023-02-26 18:25:00,8.95,393.0,23.25
2023-02-26 18:30:00,9.12,393.0,23.25
2023-02-26 18:35:00,,,
2023-02-26 18:40:00,8.67,393.0,23.25
2023-02-26 18:45:00,9.434999999999999,394.5,23.25
2023-02-26 18:50:00,9.0,396.0,23.25
2023-02-26 18:55:00,8.81,393.0,23.25
2023-02-26 19:00:00,8.74,392.0,23.25
2023-02-26 19:05:00,,,
2023-02-26 19:10:00,,,
2023-02-26 19:15:00,,,
2023-02-26 19:20:00,,,
2023-02-26 19:25:00,10.06,396.0,23.25
2023-02-26 19:30:00,9.094999999999999,390.0,23.25
2023-02-26 19:35:00,9.97,393.0,23.25
2023-02-26 19:40:00,10.02,393.0,23.25
2023-02-26 19:45:00,,,
2023-02-26 19:50:00,,,
2023-02-26 19:55:00,,,
2023-02-26 20:00:00,,,
2023-02-26 20:05:00,,,
2023-02-26 20:10:00,,,
2023-02-26 20:15:00,,,
2023-02-26 20:20:00,,,
2023-02-26 20:25:00,,,
2023-02-26 20:30:00,8.15,394.5,23.22
2023-02-26 20:35:00,9.025,391.0,23.19
2023-02-26 20:40:00,8.58,392.0,23.19
2023-02-26 20:45:00,9.42,391.0,23.19
2023-02-26 20:50:00,9.36,938.0,23.19
2023-02-26 20:55:00,8.86,390.0,23.19
2023-02-26 21:00:00,,,
2023-02-26 21:05:00,9.24,393.0,23.19
2023-02-26 21:10:00,9.63,931.0,23.19
2023-02-26 21:15:00,,,
2023-02-26 21:20:00,,,
2023-02-26 21:25:00,,,
2023-02-26 21:30:00,9.02,389.0,23.19
2023-02-26 21:35:00,8.629999999999999,393.0,23.19
2023-02-26 21:40:00,9.100000000000001,393.0,23.19
2023-02-26 21:45:00,8.17,391.0,23.19
2023-02-26 21:50:00,,,
2023-02-26 21:55:00,,,
2023-02-26 22:00:00,8.34,391.0,23.19
2023-02-26 22:05:00,7.95,391.0,23.19
2023-02-26 22:10:00,8.23,391.0,23.19
2023-02-26 22:15:00,8.35,389.0,23.19
2023-02-26 22:20:00,8.07,387.0,23.13
2023-02-26 22:25:00,9.125,386.0,23.13
2023-02-26 22:30:00,8.55,387.0,23.13
2023-02-26 22:35:00,8.85,387.0,23.13
2023-02-26 22:40:00,8.36,385.0,23.13
2023-02-26 22:45:00,7.865,385.0,23.06
2023-02-26 22:50:00,8.23,387.0,23.06
2023-02-26 22:55:00,8.465,385.0,23.06
2023-02-26 23:00:00,8.58,385.0,23.06
2023-02-26 23:05:00,8.605,387.0,23.06
2023-02-26 23:10:00,8.13,387.0,23.06
2023-02-26 23:15:00,8.485,386.0,23.06
2023-02-26 23:20:00,9.06,384.0,23.0
2023-02-26 23:25:00,7.9,385.0,23.0
2023-02-26 23:30:00,8.62,387.0,23.0
2023-02-26 23:35:00,8.99,387.0,23.0
2023-02-26 23:40:00,8.69,385.0,23.0
2023-02-26 23:45:00,8.53,385.0,23.0
2023-02-26 23:50:00,8.25,387.0,23.0
2023-02-26 23:55:00,8.23,387.0,23.0
2023-02-27 00:00:00,8.44,385.0,22.94
2023-02-27 00:05:00,8.06,385.0,22.94
2023-02-27 00:10:00,8.975000000000001,382.5,22.94
2023-02-27 00:15:00,7.84,387.0,22.94
2023-02-27 00:20:00,8.235,386.0,22.94
2023-02-27 00:25:00,,,
2023-02-27 00:30:00,7.835,385.0,22.94
2023-02-27 00:35:00,8.275,386.0,22.94
2023-02-27 00:40:00,7.92,385.0,22.88
2023-02-27 00:45:00,7.51,385.0,22.94
2023-02-27 00:50:00,8.440000000000001,386.0,22.88
2023-02-27 00:55:00,7.75,385.0,22.88
2023-02-27 01:00:00,8.475,383.0,22.88
2023-02-27 01:05:00,7.46,385.0,22.88
2023-02-27 01:10:00,7.984999999999999,384.0,22.88
2023-02-27 01:15:00,7.835,383.0,22.88
2023-02-27 01:20:00,7.835,384.0,22.88
2023-02-27 01:25:00,7.37,385.0,22.88
2023-02-27 01:30:00,8.585,385.0,22.88
2023-02-27 01:35:00,,,
2023-02-27 01:40:00,,,
2023-02-27 01:45:00,8.37,385.0,22.88
2023-02-27 01:50:00,7.49,385.0,22.88
2023-02-27 01:55:00,8.74,385.0,22.88
2023-02-27 02:00:00,7.35,383.0,22.81
2023-02-27 02:05:00,8.06,384.0,22.81
2023-02-27 02:10:00,7.785,386.0,22.81
2023-02-27 02:15:00,8.41,387.0,22.81
2023-02-27 02:20:00,7.89,384.0,22.81
2023-02-27 02:25:00,,,
2023-02-27 02:30:00,,,
2023-02-27 02:35:00,7.71,385.0,22.81
2023-02-27 02:40:00,,,
2023-02-27 02:45:00,7.39,383.0,22.75
2023-02-27 02:50:00,8.48,385.0,22.75
2023-02-27 02:55:00,7.32,384.0,22.75
2023-02-27 03:00:00,7.855,385.0,22.75
2023-02-27 03:05:00,7.39,383.0,22.75
2023-02-27 03:10:00,7.74,383.0,22.75
2023-02-27 03:15:00,7.21,381.0,22.75
2023-02-27 03:20:00,8.59,383.0,22.75
2023-02-27 03:25:00,8.22,382.0,22.69
2023-02-27 03:30:00,8.15,387.0,22.69
2023-02-27 03:35:00,8.385,384.0,22.69
2023-02-27 03:40:00,7.12,384.0,22.69
2023-02-27 03:45:00,7.26,383.0,22.69
2023-02-27 03:50:00,7.51,381.0,22.69
2023-02-27 03:55:00,7.13,383.0,22.69
2023-02-27 04:00:00,8.0,383.0,22.66
2023-02-27 04:05:00,7.28,383.0,22.63
2023-02-27 04:10:00,7.19,381.0,22.63
2023-02-27 04:15:00,,,
2023-02-27 04:20:00,7.35,383.0,22.63
2023-02-27 04:25:00,7.15,381.0,22.63
2023-02-27 04:30:00,7.76,385.0,22.63
2023-02-27 04:35:00,,,
2023-02-27 04:40:00,7.89,383.0,22.63
2023-02-27 04:45:00,8.18,383.0,22.63
2023-02-27 04:50:00,7.94,382.0,22.56
2023-02-27 04:55:00,7.665,382.0,22.56
2023-02-27 05:00:00,7.84,382.0,22.56
2023-02-27 05:05:00,6.83,379.0,22.56
2023-02-27 05:10:00,7.305,383.0,22.56
2023-02-27 05:15:00,7.445,383.0,22.56
2023-02-27 05:20:00,,,
2023-02-27 05:25:00,7.425,383.0,22.56
2023-02-27 05:30:00,7.595000000000001,381.0,22.56
2023-02-27 05:35:00,7.04,381.0,22.56
2023-02-27 05:40:00,7.06,381.0,22.5
2023-02-27 05:45:00,8.36,379.0,22.5
2023-02-27 05:50:00,7.1850000000000005,379.0,22.5
2023-02-27 05:55:00,7.52,380.0,22.5
2023-02-27 06:00:00,7.085,380.0,22.5
2023-02-27 06:05:00,6.76,442.0,22.44
2023-02-27 06:10:00,7.45,435.0,22.44
2023-02-27 06:15:00,6.77,428.0,22.38
2023-02-27 06:20:00,7.73,425.0,22.38
2023-02-27 06:25:00,8.09,428.0,22.38
2023-02-27 06:30:00,7.43,425.0,22.38
2023-02-27 06:35:00,8.115,425.0,22.31
2023-02-27 06:40:00,8.6,425.0,22.31
2023-02-27 06:45:00,7.82,428.0,22.31
2023-02-27 06:50:00,8.305,426.5,22.31
2023-02-27 06:55:00,8.74,429.0,22.31
2023-02-27 07:00:00,8.46,426.5,22.31
2023-02-27 07:05:00,9.0,428.0,22.25
2023-02-27 07:10:00,8.7,423.0,22.31
2023-02-27 07:15:00,9.105,415.5,22.25
2023-02-27 07:20:00,,,
2023-02-27 07:25:00,8.49,411.0,22.25
2023-02-27 07:30:00,9.045,414.5,22.28
2023-02-27 07:35:00,9.96,418.0,22.25
2023-02-27 07:40:00,,,
2023-02-27 07:45:00,,,
2023-02-27 07:50:00,,,
2023-02-27 07:55:00,,,
2023-02-27 08:00:00,9.715,411.0,22.25
2023-02-27 08:05:00,9.25,409.0,22.25
2023-02-27 08:10:00,8.93,416.0,22.25
2023-02-27 08:15:00,10.48,416.0,22.25
2023-02-27 08:20:00,,,
2023-02-27 08:25:00,,,
2023-02-27 08:30:00,,,
2023-02-27 08:35:00,,,
2023-02-27 08:40:00,,,
2023-02-27 08:45:00,,,
2023-02-27 08:50:00,,,
2023-02-27 08:55:00,,,
2023-02-27 09:00:00,,,
2023-02-27 09:05:00,,,
2023-02-27 09:10:00,,,
2023-02-27 09:15:00,,,
2023-02-27 09:20:00,,,
2023-02-27 09:25:00,,,
2023-02-27 09:30:00,,,
2023-02-27 09:35:00,,,
2023-02-27 09:40:00,,,
2023-02-27 09:45:00,,,
2023-02-27 09:50:00,,,
2023-02-27 09:55:00,,,
2023-02-27 10:00:00,,,
2023-02-27 10:05:00,,,
2023-02-27 10:10:00,,,
2023-02-27 10:15:00,,,
2023-02-27 10:20:00,,,
2023-02-27 10:25:00,,,
2023-02-27 10:30:00,,,
2023-02-27 10:35:00,,,
2023-02-27 10:40:00,,,
2023-02-27 10:45:00,,,
2023-02-27 10:50:00,,,
2023-02-27 10:55:00,,,
2023-02-27 11:00:00,,,
2023-02-27 11:05:00,,,
2023-02-27 11:10:00,,,
2023-02-27 11:15:00,,,
2023-02-27 11:20:00,,,
2023-02-27 11:25:00,,,
2023-02-27 11:30:00,,,
2023-02-27 11:35:00,,,
2023-02-27 11:40:00,,,
2023-02-27 11:45:00,,,
2023-02-27 11:50:00,,,
2023-02-27 11:55:00,,,
2023-02-27 12:00:00,,,
2023-02-27 12:05:00,,,
2023-02-27 12:10:00,,,
2023-02-27 12:15:00,,,
2023-02-27 12:20:00,,,
2023-02-27 12:25:00,,,
2023-02-27 12:30:00,,,
2023-02-27 12:35:00,,,
2023-02-27 12:40:00,,,
2023-02-27 12:45:00,,,
2023-02-27 12:50:00,,,
2023-02-27 12:55:00,,,
2023-02-27 13:00:00,,,
2023-02-27 13:05:00,,,
2023-02-27 13:10:00,,,
2023-02-27 13:15:00,,,
2023-02-27 13:20:00,,,
2023-02-27 13:25:00,,,
2023-02-27 13:30:00,,,
2023-02-27 13:35:00,,,
2023-02-27 13:40:00,,,
2023-02-27 13:45:00,,,
2023-02-27 13:50:00,,,
2023-02-27 13:55:00,,,
2023-02-27 14:00:00,,,
2023-02-27 14:05:00,,,
2023-02-27 14:10:00,,,
2023-02-27 14:15:00,,,
2023-02-27 14:20:00,,,
2023-02-27 14:25:00,,,
2023-02-27 14:30:00,,,
2023-02-27 14:35:00,,,
2023-02-27 14:40:00,,,
2023-02-27 14:45:00,,,
2023-02-27 14:50:00,,,
2023-02-27 14:55:00,,,
2023-02-27 15:00:00,,,
2023-02-27 15:05:00,,,
2023-02-27 15:10:00,,,
2023-02-27 15:15:00,,,
2023-02-27 15:20:00,,,
2023-02-27 15:25:00,,,
2023-02-27 15:30:00,,,
2023-02-27 15:35:00,,,
2023-02-27 15:40:00,,,
2023-02-27 15:45:00,,,
2023-02-27 15:50:00,,,
2023-02-27 15:55:00,,,
2023-02-27 16:00:00,,,
2023-02-27 16:05:00,,,
2023-02-27 16:10:00,,,
2023-02-27 16:15:00,,,
2023-02-27 16:20:00,,,
2023-02-27 16:25:00,,,
2023-02-27 16:30:00,,,
2023-02-27 16:35:00,,,
2023-02-27 16:40:00,,,
2023-02-27 16:45:00,,,
2023-02-27 16:50:00,,,
2023-02-27 16:55:00,,,
2023-02-27 17:00:00,,,
2023-02-27 17:05:00,,,
2023-02-27 17:10:00,,,
2023-02-27 17:15:00,,,
2023-02-27 17:20:00,,,
2023-02-27 17:25:00,,,
2023-02-27 17:30:00,,,
2023-02-27 17:35:00,,,
2023-02-27 17:40:00,,,
2023-02-27 17:45:00,,,
2023-02-27 17:50:00,,,
2023-02-27 17:55:00,,,
2023-02-27 18:00:00,,,
2023-02-27 18:05:00,,,
2023-02-27 18:10:00,,,
2023-02-27 18:15:00,,,
2023-02-27 18:20:00,,,
2023-02-27 18:25:00,,,
2023-02-27 18:30:00,,,
2023-02-27 18:35:00,,,
2023-02-27 18:40:00,,,
2023-02-27 18:45:00,,,
2023-02-27 18:50:00,10.55,419.0,23.06
2023-02-27 18:55:00,,,
2023-02-27 19:00:00,11.395,409.5,23.06
2023-02-27 19:05:00,,,
2023-02-27 19:10:00,,,
2023-02-27 19:15:00,,,
2023-02-27 19:20:00,,,
2023-02-27 19:25:00,,,
2023-02-27 19:30:00,,,
2023-02-27 19:35:00,,,
2023-02-27 19:40:00,,,
2023-02-27 19:45:00,,,
2023-02-27 19:50:00,,,
2023-02-27 19:55:00,,,
2023-02-27 20:00:00,,,
2023-02-27 20:05:00,,,
2023-02-27 20:10:00,,,
2023-02-27 20:15:00,,,
2023-02-27 20:20:00,,,
2023-02-27 20:25:00,,,
2023-02-27 20:30:00,,,
2023-02-27 20:35:00,,,
2023-02-27 20:40:00,,,
2023-02-27 20:45:00,,,
2023-02-27 20:50:00,,,
2023-02-27 20:55:00,,,
2023-02-27 21:00:00,,,
2023-02-27 21:05:00,,,
2023-02-27 21:10:00,,,
2023-02-27 21:15:00,,,
2023-02-27 21:20:00,,,
2023-02-27 21:25:00,,,
2023-02-27 21:30:00,,,
2023-02-27 21:35:00,,,
2023-02-27 21:40:00,,,
2023-02-27 21:45:00,,,
2023-02-27 21:50:00,,,
2023-02-27 21:55:00,,,
2023-02-27 22:00:00,,,
2023-02-27 22:05:00,10.09,419.0,23.0
2023-02-27 22:10:00,10.04,424.0,23.0
2023-02-27 22:15:00,11.41,415.0,23.0
2023-02-27 22:20:00,9.88,422.0,23.0
2023-02-27 22:25:00,9.99,439.0,23.0
2023-02-27 22:30:00,11.18,421.5,23.0
2023-02-27 22:35:00,,,
2023-02-27 22:40:00,10.92,422.0,23.0
2023-02-27 22:45:00,,,
2023-02-27 22:50:00,10.395,420.5,23.0
2023-02-27 22:55:00,11.02,419.0,23.0
2023-02-27 23:00:00,,,
2023-02-27 23:05:00,,,
2023-02-27 23:10:00,,,
2023-02-27 23:15:00,11.34,1020.0,23.0
2023-02-27 23:20:00,10.21,422.0,23.0
2023-02-27 23:25:00,10.885,420.5,22.94
2023-02-27 23:30:00,10.59,431.0,22.94
2023-02-27 23:35:00,11.005,729.5,22.94
2023-02-27 23:40:00,10.66,427.0,22.94
2023-02-27 23:45:00,10.74,422.0,23.0
2023-02-27 23:50:00,11.1,419.0,22.94
2023-02-27 23:55:00,10.12,424.0,22.94
2023-02-28 00:00:00,10.01,417.0,22.94
2023-02-28 00:05:00,,,
2023-02-28 00:10:00,,,
2023-02-28 00:15:00,,,
2023-02-28 00:20:00,10.23,423.0,22.94
2023-02-28 00:25:00,11.4,419.0,22.94
2023-02-28 00:30:00,11.16,425.0,22.94
2023-02-28 00:35:00,10.5,424.0,22.94
2023-02-28 00:40:00,10.5,431.5,22.94
2023-02-28 00:45:00,10.96,419.0,22.94
2023-02-28 00:50:00,11.45,419.0,22.88
2023-02-28 00:55:00,,,
2023-02-28 01:00:00,10.27,419.0,22.88
2023-02-28 01:05:00,,,
2023-02-28 01:10:00,10.315000000000001,434.0,22.88
2023-02-28 01:15:00,11.23,418.0,22.88
2023-02-28 01:20:00,11.1,419.0,22.88
2023-02-28 01:25:00,10.98,427.0,22.88
2023-02-28 01:30:00,11.34,427.0,22.88
2023-02-28 01:35:00,10.81,424.0,22.88
2023-02-28 01:40:00,11.355,419.0,22.88
2023-02-28 01:45:00,10.69,417.0,22.88
2023-02-28 01:50:00,10.61,422.0,22.88
2023-02-28 01:55:00,10.375,433.0,22.845
2023-02-28 02:00:00,11.34,427.0,22.81
2023-02-28 02:05:00,9.92,440.0,22.81
2023-02-28 02:10:00,11.16,434.0,22.81
2023-02-28 02:15:00,10.86,425.5,22.81
2023-02-28 02:20:00,11.18,420.0,22.81
2023-02-28 02:25:00,10.51,417.0,22.81
2023-02-28 02:30:00,10.73,422.0,22.81
2023-02-28 02:35:00,10.635,417.0,22.75
2023-02-28 02:40:00,10.265,422.0,22.75
2023-02-28 02:45:00,11.12,417.0,22.75
2023-02-28 02:50:00,11.42,417.0,22.75
2023-02-28 02:55:00,10.01,420.0,22.75
2023-02-28 03:00:00,10.115,425.5,22.75
2023-02-28 03:05:00,10.26,420.0,22.75
2023-02-28 03:10:00,10.26,424.0,22.75
2023-02-28 03:15:00,11.2,420.0,22.75
2023-02-28 03:20:00,10.89,420.0,22.69
2023-02-28 03:25:00,10.629999999999999,718.5,22.69
2023-02-28 03:30:00,11.28,420.0,22.69
2023-02-28 03:35:00,9.74,425.0,22.69
2023-02-28 03:40:00,11.36,422.0,22.69
2023-02-28 03:45:00,10.14,422.0,22.63
2023-02-28 03:50:00,,,
2023-02-28 03:55:00,,,
2023-02-28 04:00:00,,,
2023-02-28 04:05:00,,,
2023-02-28 04:10:00,,,
2023-02-28 04:15:00,10.15,410.0,22.63
2023-02-28 04:20:00,11.34,409.0,22.63
2023-02-28 04:25:00,10.83,415.0,22.63
2023-02-28 04:30:00,,,
2023-02-28 04:35:00,9.97,422.0,22.56
2023-02-28 04:40:00,,,
2023-02-28 04:45:00,,,
2023-02-28 04:50:00,,,
2023-02-28 04:55:00,,,
2023-02-28 05:00:00,,,
2023-02-28 05:05:00,,,
2023-02-28 05:10:00,,,
2023-02-28 05:15:00,,,
2023-02-28 05:20:00,,,
2023-02-28 05:25:00,,,
2023-02-28 05:30:00,,,
2023-02-28 05:35:00,,,
2023-02-28 05:40:00,,,
2023-02-28 05:45:00,,,
2023-02-28 05:50:00,,,
2023-02-28 05:55:00,,,
2023-02-28 06:00:00,,,
2023-02-28 06:05:00,,,
2023-02-28 06:10:00,,,
2023-02-28 06:15:00,11.445,413.5,22.41
2023-02-28 06:20:00,11.1,411.0,22.38
2023-02-28 06:25:00,,,
2023-02-28 06:30:00,10.655,413.0,22.38
2023-02-28 06:35:00,11.23,413.0,22.38
2023-02-28 06:40:00,,,
2023-02-28 06:45:00,,,
2023-02-28 06:50:00,11.41,409.0,22.38
2023-02-28 06:55:00,11.45,418.0,22.38
2023-02-28 07:00:00,10.625,412.0,22.38
2023-02-28 07:05:00,9.91,432.0,22.38
2023-02-28 07:10:00,,,
2023-02-28 07:15:00,11.39,418.0,22.38
2023-02-28 07:20:00,10.254999999999999,419.5,22.38
2023-02-28 07:25:00,10.07,424.0,22.38
2023-02-28 07:30:00,10.42,413.0,22.38
2023-02-28 07:35:00,10.4,420.0,22.38
2023-02-28 07:40:00,10.395,419.0,22.38
2023-02-28 07:45:00,10.38,411.0,22.38
2023-02-28 07:50:00,,,
2023-02-28 07:55:00,,,
2023-02-28 08:00:00,,,
2023-02-28 08:05:00,,,
2023-02-28 08:10:00,,,
2023-02-28 08:15:00,,,
2023-02-28 08:20:00,,,
2023-02-28 08:25:00,,,
2023-02-28 08:30:00,,,
2023-02-28 08:35:00,,,
2023-02-28 08:40:00,,,
2023-02-28 08:45:00,9.83,428.0,22.38
2023-02-28 08:50:00,10.21,437.0,22.38
2023-02-28 08:55:00,11.055,419.0,22.38
2023-02-28 09:00:00,9.91,423.0,22.38
2023-02-28 09:05:00,10.02,423.0,22.44
2023-02-28 09:10:00,10.19,423.0,22.44
2023-02-28 09:15:00,9.79,437.0,22.44
2023-02-28 09:20:00,10.69,413.0,22.5
2023-02-28 09:25:00,9.99,418.0,22.44
2023-02-28 09:30:00,,,
2023-02-28 09:35:00,10.97,990.0,22.5
2023-02-28 09:40:00,,,
2023-02-28 09:45:00,,,
2023-02-28 09:50:00,,,
2023-02-28 09:55:00,,,
2023-02-28 10:00:00,,,
2023-02-28 10:05:00,,,
2023-02-28 10:10:00,,,
2023-02-28 10:15:00,,,
2023-02-28 10:20:00,,,
2023-02-28 10:25:00,,,
2023-02-28 10:30:00,,,
2023-02-28 10:35:00,,,
2023-02-28 10:40:00,,,
2023-02-28 10:45:00,,,
2023-02-28 10:50:00,10.705,436.5,22.94
2023-02-28 10:55:00,10.09,431.0,22.94
2023-02-28 11:00:00,9.93,419.0,23.0
2023-02-28 11:05:00,10.02,454.0,23.0
2023-02-28 11:10:00,,,
2023-02-28 11:15:00,,,
2023-02-28 11:20:00,,,
2023-02-28 11:25:00,,,
2023-02-28 11:30:00,,,
2023-02-28 11:35:00,,,
2023-02-28 11:40:00,,,
2023-02-28 11:45:00,,,
2023-02-28 11:50:00,,,
2023-02-28 11:55:00,,,
2023-02-28 12:00:00,,,
2023-02-28 12:05:00,,,
2023-02-28 12:10:00,,,
2023-02-28 12:15:00,,,
2023-02-28 12:20:00,,,
2023-02-28 12:25:00,,,
2023-02-28 12:30:00,,,
2023-02-28 12:35:00,,,
2023-02-28 12:40:00,,,
2023-02-28 12:45:00,,,
2023-02-28 12:50:00,,,
2023-02-28 12:55:00,,,
2023-02-28 13:00:00,,,
2023-02-28 13:05:00,,,
2023-02-28 13:10:00,,,
2023-02-28 13:15:00,,,
2023-02-28 13:20:00,,,
2023-02-28 13:25:00,,,
2023-02-28 13:30:00,,,
2023-02-28 13:35:00,,,
2023-02-28 13:40:00,,,
2023-02-28 13:45:00,,,
2023-02-28 13:50:00,,,
2023-02-28 13:55:00,,,
2023-02-28 14:00:00,,,
2023-02-28 14:05:00,,,
2023-02-28 14:10:00,,,
2023-02-28 14:15:00,,,
2023-02-28 14:20:00,,,
2023-02-28 14:25:00,,,
2023-02-28 14:30:00,,,
2023-02-28 14:35:00,,,
2023-02-28 14:40:00,,,
2023-02-28 14:45:00,,,
2023-02-28 14:50:00,,,
2023-02-28 14:55:00,,,
2023-02-28 15:00:00,,,
2023-02-28 15:05:00,,,
2023-02-28 15:10:00,,,
2023-02-28 15:15:00,,,
2023-02-28 15:20:00,,,
2023-02-28 15:25:00,,,
2023-02-28 15:30:00,,,
2023-02-28 15:35:00,,,
2023-02-28 15:40:00,,,
2023-02-28 15:45:00,,,
2023-02-28 15:50:00,,,
2023-02-28 15:55:00,,,
2023-02-28 16:00:00,,,
2023-02-28 16:05:00,,,
2023-02-28 16:10:00,,,
2023-02-28 16:15:00,,,
2023-02-28 16:20:00,,,
2023-02-28 16:25:00,,,
2023-02-28 16:30:00,,,
2023-02-28 16:35:00,,,
2023-02-28 16:40:00,,,
2023-02-28 16:45:00,,,
2023-02-28 16:50:00,,,
2023-02-28 16:55:00,,,
2023-02-28 17:00:00,,,
2023-02-28 17:05:00,,,
2023-02-28 17:10:00,,,
2023-02-28 17:15:00,,,
2023-02-28 17:20:00,,,
2023-02-28 17:25:00,,,
2023-02-28 17:30:00,,,
2023-02-28 17:35:00,,,
2023-02-28 17:40:00,,,
2023-02-28 17:45:00,,,
2023-02-28 17:50:00,,,
2023-02-28 17:55:00,,,
2023-02-28 18:00:00,,,
2023-02-28 18:05:00,10.09,422.0,23.94
2023-02-28 18:10:00,10.16,447.0,23.94
2023-02-28 18:15:00,10.0,422.0,23.88
2023-02-28 18:20:00,,,
2023-02-28 18:25:00,,,
2023-02-28 18:30:00,,,
2023-02-28 18:35:00,,,
2023-02-28 18:40:00,,,
2023-02-28 18:45:00,,,
2023-02-28 18:50:00,,,
2023-02-28 18:55:00,,,
2023-02-28 19:00:00,,,
2023-02-28 19:05:00,,,
2023-02-28 19:10:00,,,
2023-02-28 19:15:00,,,
2023-02-28 19:20:00,,,
2023-02-28 19:25:00,,,
2023-02-28 19:30:00,,,
2023-02-28 19:35:00,,,
2023-02-28 19:40:00,,,
2023-02-28 19:45:00,,,
2023-02-28 19:50:00,,,
2023-02-28 19:55:00,,,
2023-02-28 20:00:00,,,
2023-02-28 20:05:00,,,
2023-02-28 20:10:00,,,
2023-02-28 20:15:00,,,
2023-02-28 20:20:00,,,
2023-02-28 20:25:00,,,
2023-02-28 20:30:00,,,
2023-02-28 20:35:00,,,
2023-02-28 20:40:00,,,
2023-02-28 20:45:00,,,
2023-02-28 20:50:00,,,
2023-02-28 20:55:00,,,
2023-02-28 21:00:00,,,
2023-02-28 21:05:00,,,
2023-02-28 21:10:00,,,
2023-02-28 21:15:00,,,
2023-02-28 21:20:00,,,
2023-02-28 21:25:00,,,
2023-02-28 21:30:00,,,
2023-02-28 21:35:00,,,
2023-02-28 21:40:00,,,
2023-02-28 21:45:00,,,
2023-02-28 21:50:00,,,
2023-02-28 21:55:00,,,
2023-02-28 22:00:00,,,
2023-02-28 22:05:00,,,
2023-02-28 22:10:00,,,
2023-02-28 22:15:00,,,
2023-02-28 22:20:00,,,
2023-02-28 22:25:00,,,
2023-02-28 22:30:00,,,
2023-02-28 22:35:00,10.79,413.0,23.63
2023-02-28 22:40:00,10.98,420.5,23.63
2023-02-28 22:45:00,11.04,413.0,23.63
2023-02-28 22:50:00,10.195,417.0,23.63
2023-02-28 22:55:00,,,
2023-02-28 23:00:00,,,
2023-02-28 23:05:00,,,
2023-02-28 23:10:00,,,
2023-02-28 23:15:00,10.07,411.0,23.56
2023-02-28 23:20:00,11.22,707.5,23.56
2023-02-28 23:25:00,10.879999999999999,419.5,23.56
2023-02-28 23:30:00,,,
2023-02-28 23:35:00,,,
2023-02-28 23:40:00,,,
2023-02-28 23:45:00,,,
2023-02-28 23:50:00,,,
2023-02-28 23:55:00,,,
2023-03-01 00:00:00,,,
2023-03-01 00:05:00,,,
2023-03-01 00:10:00,,,
2023-03-01 00:15:00,,,
2023-03-01 00:20:00,,,
2023-03-01 00:25:00,,,
2023-03-01 00:30:00,,,
2023-03-01 00:35:00,,,
2023-03-01 00:40:00,,,
2023-03-01 00:45:00,,,
2023-03-01 00:50:00,,,
2023-03-01 00:55:00,,,
2023-03-01 01:00:00,,,
2023-03-01 01:05:00,,,
2023-03-01 01:10:00,,,
2023-03-01 01:15:00,,,
2023-03-01 01:20:00,,,
2023-03-01 01:25:00,,,
2023-03-01 01:30:00,,,
2023-03-01 01:35:00,,,
2023-03-01 01:40:00,,,
2023-03-01 01:45:00,,,
2023-03-01 01:50:00,10.71,417.5,23.25
2023-03-01 01:55:00,10.31,421.0,23.25
2023-03-01 02:00:00,10.03,416.0,23.25
2023-03-01 02:05:00,,,
2023-03-01 02:10:00,,,
2023-03-01 02:15:00,10.760000000000002,413.0,23.25
2023-03-01 02:20:00,10.16,409.0,23.19
2023-03-01 02:25:00,,,
2023-03-01 02:30:00,10.844999999999999,411.0,23.19
2023-03-01 02:35:00,11.39,410.0,23.19
2023-03-01 02:40:00,10.2,433.0,23.19
2023-03-01 02:45:00,,,
2023-03-01 02:50:00,10.54,403.0,23.19
2023-03-01 02:55:00,11.58,403.0,23.13
2023-03-01 03:00:00,10.49,410.0,23.13
2023-03-01 03:05:00,10.440000000000001,412.0,23.13
2023-03-01 03:10:00,10.2,407.0,23.13
2023-03-01 03:15:00,10.25,410.0,23.13
2023-03-01 03:20:00,,,
2023-03-01 03:25:00,11.285,411.0,23.095
2023-03-01 03:30:00,10.690000000000001,411.0,23.06
2023-03-01 03:35:00,10.81,418.0,23.06
2023-03-01 03:40:00,10.27,410.0,23.06
2023-03-01 03:45:00,10.3,412.0,23.06
2023-03-01 03:50:00,10.97,403.0,23.0
2023-03-01 03:55:00,,,
2023-03-01 04:00:00,,,
2023-03-01 04:05:00,11.56,412.0,23.0
2023-03-01 04:10:00,11.49,410.0,23.0
2023-03-01 04:15:00,11.72,975.0,23.0
2023-03-01 04:20:00,10.52,408.0,23.0
2023-03-01 04:25:00,10.445,414.5,22.97
2023-03-01 04:30:00,11.22,413.5,22.94
2023-03-01 04:35:00,10.975,410.0,22.94
2023-03-01 04:40:00,10.6,412.0,22.94
2023-03-01 04:45:00,11.26,412.0,22.94
2023-03-01 04:50:00,,,
2023-03-01 04:55:00,11.78,417.0,22.88
2023-03-01 05:00:00,11.469999999999999,405.0,22.88
2023-03-01 05:05:00,10.77,405.0,22.81
2023-03-01 05:10:00,10.39,405.0,22.845
2023-03-01 05:15:00,11.59,412.0,22.81
2023-03-01 05:20:00,11.309999999999999,408.5,22.78
2023-03-01 05:25:00,11.09,405.0,22.81
2023-03-01 05:30:00,11.07,405.0,22.81
2023-03-01 05:35:00,,,
2023-03-01 05:40:00,,,
2023-03-01 05:45:00,10.38,403.0,22.81
2023-03-01 05:50:00,10.165,415.0,22.78
2023-03-01 05:55:00,10.705,400.5,22.75
2023-03-01 06:00:00,10.58,410.0,22.75
2023-03-01 06:05:00,10.995000000000001,410.5,22.75
2023-03-01 06:10:00,10.25,413.0,22.75
2023-03-01 06:15:00,,,
2023-03-01 06:20:00,,,
2023-03-01 06:25:00,,,
2023-03-01 06:30:00,11.77,403.0,22.75
2023-03-01 06:35:00,10.36,399.0,22.75
2023-03-01 06:40:00,11.27,416.5,22.75
2023-03-01 06:45:00,10.17,403.0,22.75
2023-03-01 06:50:00,,,
2023-03-01 06:55:00,,,
2023-03-01 07:00:00,,,
2023-03-01 07:05:00,10.42,408.0,22.75
2023-03-01 07:10:00,10.41,403.0,22.75
2023-03-01 07:15:00,11.59,399.0,22.75
2023-03-01 07:20:00,,,
2023-03-01 07:25:00,10.59,406.0,22.75
2023-03-01 07:30:00,,,
2023-03-01 07:35:00,,,
2023-03-01 07:40:00,11.065000000000001,409.0,22.81
2023-03-01 07:45:00,11.56,411.0,22.81
2023-03-01 07:50:00,10.1,410.0,22.75
2023-03-01 07:55:00,10.18,403.0,22.81
2023-03-01 08:00:00,,,
2023-03-01 08:05:00,,,
2023-03-01 08:10:00,,,
2023-03-01 08:15:00,,,
2023-03-01 08:20:00,,,
2023-03-01 08:25:00,,,
2023-03-01 08:30:00,,,
2023-03-01 08:35:00,,,
2023-03-01 08:40:00,,,
2023-03-01 08:45:00,,,
2023-03-01 08:50:00,10.62,405.0,23.0
2023-03-01 08:55:00,10.23,407.0,23.0
2023-03-01 09:00:00,11.35,403.0,23.06
2023-03-01 09:05:00,,,
2023-03-01 09:10:00,,,
2023-03-01 09:15:00,,,
2023-03-01 09:20:00,,,
2023-03-01 09:25:00,,,
2023-03-01 09:30:00,,,
2023-03-01 09:35:00,,,
2023-03-01 09:40:00,,,
2023-03-01 09:45:00,,,
2023-03-01 09:50:00,,,
2023-03-01 09:55:00,,,
2023-03-01 10:00:00,,,
2023-03-01 10:05:00,,,
2023-03-01 10:10:00,,,
2023-03-01 10:15:00,,,
2023-03-01 10:20:00,,,
2023-03-01 10:25:00,,,
2023-03-01 10:30:00,,,
2023-03-01 10:35:00,,,
2023-03-01 10:40:00,,,
2023-03-01 10:45:00,,,
2023-03-01 10:50:00,,,
2023-03-01 10:55:00,,,
2023-03-01 11:00:00,,,
2023-03-01 11:05:00,,,
2023-03-01 11:10:00,,,
2023-03-01 11:15:00,,,
2023-03-01 11:20:00,,,
2023-03-01 11:25:00,,,
2023-03-01 11:30:00,,,
2023-03-01 11:35:00,,,
2023-03-01 11:40:00,,,
2023-03-01 11:45:00,,,
2023-03-01 11:50:00,,,
2023-03-01 11:55:00,,,
2023-03-01 12:00:00,,,
2023-03-01 12:05:00,,,
2023-03-01 12:10:00,,,
2023-03-01 12:15:00,,,
2023-03-01 12:20:00,,,
2023-03-01 12:25:00,,,
2023-03-01 12:30:00,,,
2023-03-01 12:35:00,,,
2023-03-01 12:40:00,,,
2023-03-01 12:45:00,,,
2023-03-01 12:50:00,,,
2023-03-01 12:55:00,,,
2023-03-01 13:00:00,,,
2023-03-01 13:05:00,,,
2023-03-01 13:10:00,,,
2023-03-01 13:15:00,,,
2023-03-01 13:20:00,,,
2023-03-01 13:25:00,,,
2023-03-01 13:30:00,,,
2023-03-01 13:35:00,,,
2023-03-01 13:40:00,,,
2023-03-01 13:45:00,,,
2023-03-01 13:50:00,,,
2023-03-01 13:55:00,,,
2023-03-01 14:00:00,,,
2023-03-01 14:05:00,,,
2023-03-01 14:10:00,,,
2023-03-01 14:15:00,,,
2023-03-01 14:20:00,,,
2023-03-01 14:25:00,,,
2023-03-01 14:30:00,,,
2023-03-01 14:35:00,,,
2023-03-01 14:40:00,,,
2023-03-01 14:45:00,,,
2023-03-01 14:50:00,,,
2023-03-01 14:55:00,,,
2023-03-01 15:00:00,,,
2023-03-01 15:05:00,,,
2023-03-01 15:10:00,,,
2023-03-01 15:15:00,,,
2023-03-01 15:20:00,,,
2023-03-01 15:25:00,,,
2023-03-01 15:30:00,,,
2023-03-01 15:35:00,,,
2023-03-01 15:40:00,,,
2023-03-01 15:45:00,,,
2023-03-01 15:50:00,,,
2023-03-01 15:55:00,,,
2023-03-01 16:00:00,,,
2023-03-01 16:05:00,,,
2023-03-01 16:10:00,,,
2023-03-01 16:15:00,,,
2023-03-01 16:20:00,,,
2023-03-01 16:25:00,,,
2023-03-01 16:30:00,,,
2023-03-01 16:35:00,,,
2023-03-01 16:40:00,,,
2023-03-01 16:45:00,,,
2023-03-01 16:50:00,,,
2023-03-01 16:55:00,,,
2023-03-01 17:00:00,,,
2023-03-01 17:05:00,,,
2023-03-01 17:10:00,,,
2023-03-01 17:15:00,,,
2023-03-01 17:20:00,,,
2023-03-01 17:25:00,,,
2023-03-01 17:30:00,9.809999999999999,409.5,23.94
2023-03-01 17:35:00,,,
2023-03-01 17:40:00,8.745000000000001,407.0,23.94
2023-03-01 17:45:00,9.94,418.0,23.88
2023-03-01 17:50:00,,,
2023-03-01 17:55:00,,,
2023-03-01 18:00:00,9.04,408.0,23.88
2023-03-01 18:05:00,8.91,411.0,23.88
2023-03-01 18:10:00,9.665,414.0,23.845
2023-03-01 18:15:00,9.55,420.0,23.88
2023-03-01 18:20:00,,,
2023-03-01 18:25:00,,,
2023-03-01 18:30:00,,,
2023-03-01 18:35:00,9.725,414.5,23.81
2023-03-01 18:40:00,10.16,420.0,23.81
2023-03-01 18:45:00,9.08,435.0,23.81
2023-03-01 18:50:00,9.6,997.0,23.75
2023-03-01 18:55:00,10.11,411.0,23.81
2023-03-01 19:00:00,,,
2023-03-01 19:05:00,,,
2023-03-01 19:10:00,,,
2023-03-01 19:15:00,,,
2023-03-01 19:20:00,,,
2023-03-01 19:25:00,,,
2023-03-01 19:30:00,,,
2023-03-01 19:35:00,,,
2023-03-01 19:40:00,,,
2023-03-01 19:45:00,,,
2023-03-01 19:50:00,,,
2023-03-01 19:55:00,,,
2023-03-01 20:00:00,,,
2023-03-01 20:05:00,,,
2023-03-01 20:10:00,,,
2023-03-01 20:15:00,,,
2023-03-01 20:20:00,,,
2023-03-01 20:25:00,,,
2023-03-01 20:30:00,,,
2023-03-01 20:35:00,,,
2023-03-01 20:40:00,,,
2023-03-01 20:45:00,10.19,409.0,23.63
2023-03-01 20:50:00,9.68,411.0,23.56
2023-03-01 20:55:00,9.14,411.0,23.63
2023-03-01 21:00:00,10.15,416.0,23.595
2023-03-01 21:05:00,,,
2023-03-01 21:10:00,,,
2023-03-01 21:15:00,,,
2023-03-01 21:20:00,,,
2023-03-01 21:25:00,,,
2023-03-01 21:30:00,,,
2023-03-01 21:35:00,,,
2023-03-01 21:40:00,,,
2023-03-01 21:45:00,,,
2023-03-01 21:50:00,,,
2023-03-01 21:55:00,9.280000000000001,415.0,23.5
2023-03-01 22:00:00,10.19,716.0,23.44
2023-03-01 22:05:00,10.61,416.0,23.44
2023-03-01 22:10:00,10.27,414.0,23.44
2023-03-01 22:15:00,9.625,419.0,23.44
2023-03-01 22:20:00,9.52,414.0,23.44
2023-03-01 22:25:00,9.704999999999998,422.0,23.44
2023-03-01 22:30:00,10.72,416.0,23.44
2023-03-01 22:35:00,10.79,423.0,23.44
2023-03-01 22:40:00,10.76,413.5,23.44
2023-03-01 22:45:00,10.49,421.0,23.44
2023-03-01 22:50:00,10.405000000000001,423.0,23.44
2023-03-01 22:55:00,10.31,414.0,23.44
2023-03-01 23:00:00,10.2,416.0,23.44
2023-03-01 23:05:00,10.04,416.0,23.38
2023-03-01 23:10:00,9.510000000000002,416.0,23.38
2023-03-01 23:15:00,10.125,415.0,23.38
2023-03-01 23:20:00,10.26,416.0,23.38
2023-03-01 23:25:00,10.57,419.0,23.38
2023-03-01 23:30:00,9.915,414.0,23.31
2023-03-01 23:35:00,10.27,412.0,23.31
2023-03-01 23:40:00,9.99,414.0,23.31
2023-03-01 23:45:00,10.29,414.0,23.31
2023-03-01 23:50:00,10.05,414.0,23.31
2023-03-01 23:55:00,10.01,416.0,23.25
2023-03-02 00:00:00,10.350000000000001,417.5,23.25
2023-03-02 00:05:00,9.73,421.0,23.25
2023-03-02 00:10:00,10.41,424.0,23.25
2023-03-02 00:15:00,10.76,416.0,23.25
2023-03-02 00:20:00,10.06,416.0,23.19
2023-03-02 00:25:00,10.605,419.0,23.19
2023-03-02 00:30:00,9.92,419.0,23.19
2023-03-02 00:35:00,10.33,419.0,23.19
2023-03-02 00:40:00,10.495000000000001,417.0,23.19
2023-03-02 00:45:00,10.72,417.0,23.13
2023-03-02 00:50:00,11.02,414.0,23.13
2023-03-02 00:55:00,10.355,421.0,23.13
2023-03-02 01:00:00,10.29,421.0,23.13
2023-03-02 01:05:00,10.33,419.0,23.13
2023-03-02 01:10:00,10.69,421.0,23.13
2023-03-02 01:15:00,10.21,421.0,23.06
2023-03-02 01:20:00,10.54,422.0,23.06
2023-03-02 01:25:00,10.43,422.0,23.06
2023-03-02 01:30:00,10.05,423.0,23.06
2023-03-02 01:35:00,10.16,423.0,23.06
2023-03-02 01:40:00,10.98,422.0,23.06
2023-03-02 01:45:00,10.66,422.0,23.06
2023-03-02 01:50:00,11.03,422.0,23.0
2023-03-02 01:55:00,10.26,424.0,23.0
2023-03-02 02:00:00,11.01,421.5,23.0
2023-03-02 02:05:00,10.5,428.5,23.0
2023-03-02 02:10:00,9.89,422.0,23.0
2023-03-02 02:15:00,10.71,424.0,23.0
2023-03-02 02:20:00,11.03,422.0,23.0
2023-03-02 02:25:00,10.455,424.0,23.0
2023-03-02 02:30:00,10.35,424.0,22.94
2023-03-02 02:35:00,10.46,422.0,22.94
2023-03-02 02:40:00,10.6,422.0,22.94
2023-03-02 02:45:00,10.145,422.0,22.94
2023-03-02 02:50:00,10.58,419.0,22.94
2023-03-02 02:55:00,10.335,425.5,22.94
2023-03-02 03:00:00,10.24,419.0,22.88
2023-03-02 03:05:00,10.44,424.0,22.88
2023-03-02 03:10:00,10.07,419.0,22.88
2023-03-02 03:15:00,10.495000000000001,422.0,22.88
2023-03-02 03:20:00,10.785,419.0,22.88
2023-03-02 03:25:00,10.1,422.0,22.88
2023-03-02 03:30:00,10.465,422.0,22.81
2023-03-02 03:35:00,10.28,422.0,22.81
2023-03-02 03:40:00,10.690000000000001,424.0,22.81
2023-03-02 03:45:00,10.73,423.0,22.81
2023-03-02 03:50:00,10.58,420.0,22.81
2023-03-02 03:55:00,10.66,419.5,22.81
2023-03-02 04:00:00,10.66,420.0,22.75
2023-03-02 04:05:00,10.0,420.0,22.75
2023-03-02 04:10:00,9.725,417.0,22.75
2023-03-02 04:15:00,10.04,421.0,22.75
2023-03-02 04:20:00,9.8,420.0,22.75
2023-03-02 04:25:00,9.9,423.0,22.75
2023-03-02 04:30:00,10.16,420.0,22.69
2023-03-02 04:35:00,9.97,422.0,22.69
2023-03-02 04:40:00,10.22,422.0,22.69
2023-03-02 04:45:00,10.51,420.0,22.69
2023-03-02 04:50:00,10.84,420.0,22.69
2023-03-02 04:55:00,10.965,426.0,22.69
2023-03-02 05:00:00,10.495000000000001,423.5,22.69
2023-03-02 05:05:00,11.01,422.0,22.63
2023-03-02 05:10:00,10.97,425.0,22.69
2023-03-02 05:15:00,10.91,422.0,22.63
2023-03-02 05:20:00,10.47,432.0,22.63
2023-03-02 05:25:00,10.51,429.5,22.63
2023-03-02 05:30:00,10.805,423.5,22.63
2023-03-02 05:35:00,9.88,427.0,22.63
2023-03-02 05:40:00,10.3,434.0,22.63
2023-03-02 05:45:00,10.79,425.0,22.63
2023-03-02 05:50:00,10.63,427.0,22.63
2023-03-02 05:55:00,10.71,432.0,22.595
2023-03-02 06:00:00,10.51,433.5,22.56
2023-03-02 06:05:00,10.28,427.0,22.56
2023-03-02 06:10:00,10.66,426.0,22.56
2023-03-02 06:15:00,10.83,427.0,22.56
2023-03-02 06:20:00,9.94,427.0,22.56
2023-03-02 06:25:00,10.69,425.0,22.56
2023-03-02 06:30:00,10.504999999999999,429.5,22.5
2023-03-02 06:35:00,10.364999999999998,431.0,22.5
2023-03-02 06:40:00,10.74,435.0,22.5
2023-03-02 06:45:00,10.04,433.5,22.5
2023-03-02 06:50:00,10.955,442.0,22.44
2023-03-02 06:55:00,10.89,425.0,22.44
2023-03-02 07:00:00,10.399999999999999,427.5,22.44
2023-03-02 07:05:00,,,
2023-03-02 07:10:00,,,
2023-03-02 07:15:00,10.93,423.0,22.44
2023-03-02 07:20:00,9.8,427.5,22.41
2023-03-02 07:25:00,9.870000000000001,421.5,22.38
2023-03-02 07:30:00,11.15,428.0,22.38
2023-03-02 07:35:00,10.605,423.0,22.38
2023-03-02 07:40:00,11.145,423.0,22.38
2023-03-02 07:45:00,10.66,423.0,22.38
2023-03-02 07:50:00,10.01,420.0,22.38
2023-03-02 07:55:00,10.885000000000002,419.0,22.38
2023-03-02 08:00:00,9.72,437.0,22.38
2023-03-02 08:05:00,,,
2023-03-02 08:10:00,,,
2023-03-02 08:15:00,,,
2023-03-02 08:20:00,,,
2023-03-02 08:25:00,,,
2023-03-02 08:30:00,,,
2023-03-02 08:35:00,,,
2023-03-02 08:40:00,11.2,432.0,22.38
2023-03-02 08:45:00,11.36,413.0,22.44
2023-03-02 08:50:00,11.11,427.0,22.44
2023-03-02 08:55:00,,,
2023-03-02 09:00:00,,,
2023-03-02 09:05:00,,,
2023-03-02 09:10:00,,,
2023-03-02 09:15:00,,,
2023-03-02 09:20:00,,,
2023-03-02 09:25:00,,,
2023-03-02 09:30:00,,,
2023-03-02 09:35:00,,,
2023-03-02 09:40:00,,,
2023-03-02 09:45:00,,,
2023-03-02 09:50:00,,,
2023-03-02 09:55:00,,,
2023-03-02 10:00:00,,,
2023-03-02 10:05:00,,,
2023-03-02 10:10:00,,,
2023-03-02 10:15:00,,,
2023-03-02 10:20:00,,,
2023-03-02 10:25:00,,,
2023-03-02 10:30:00,,,
2023-03-02 10:35:00,,,
2023-03-02 10:40:00,,,
2023-03-02 10:45:00,,,
2023-03-02 10:50:00,,,
2023-03-02 10:55:00,,,
2023-03-02 11:00:00,,,
2023-03-02 11:05:00,,,
2023-03-02 11:10:00,,,
2023-03-02 11:15:00,,,
2023-03-02 11:20:00,,,
2023-03-02 11:25:00,,,
2023-03-02 11:30:00,,,
2023-03-02 11:35:00,,,
2023-03-02 11:40:00,,,
2023-03-02 11:45:00,,,
2023-03-02 11:50:00,,,
2023-03-02 11:55:00,,,
2023-03-02 12:00:00,,,
2023-03-02 12:05:00,,,
2023-03-02 12:10:00,,,
2023-03-02 12:15:00,,,
2023-03-02 12:20:00,,,
2023-03-02 12:25:00,,,
2023-03-02 12:30:00,,,
2023-03-02 12:35:00,,,
2023-03-02 12:40:00,,,
2023-03-02 12:45:00,,,
2023-03-02 12:50:00,,,
2023-03-02 12:55:00,,,
2023-03-02 13:00:00,,,
2023-03-02 13:05:00,,,
2023-03-02 13:10:00,,,
2023-03-02 13:15:00,,,
2023-03-02 13:20:00,,,
2023-03-02 13:25:00,,,
2023-03-02 13:30:00,,,
2023-03-02 13:35:00,,,
2023-03-02 13:40:00,,,
2023-03-02 13:45:00,,,
2023-03-02 13:50:00,,,
2023-03-02 13:55:00,,,
2023-03-02 14:00:00,,,
2023-03-02 14:05:00,,,
2023-03-02 14:10:00,,,
2023-03-02 14:15:00,,,
2023-03-02 14:20:00,,,
2023-03-02 14:25:00,,,
2023-03-02 14:30:00,,,
2023-03-02 14:35:00,,,
2023-03-02 14:40:00,,,
2023-03-02 14:45:00,,,
2023-03-02 14:50:00,,,
2023-03-02 14:55:00,,,
2023-03-02 15:00:00,,,
2023-03-02 15:05:00,,,
2023-03-02 15:10:00,,,
2023-03-02 15:15:00,,,
2023-03-02 15:20:00,,,
2023-03-02 15:25:00,,,
2023-03-02 15:30:00,,,
2023-03-02 15:35:00,,,
2023-03-02 15:40:00,,,
2023-03-02 15:45:00,,,
2023-03-02 15:50:00,,,
2023-03-02 15:55:00,,,
2023-03-02 16:00:00,,,
2023-03-02 16:05:00,,,
2023-03-02 16:10:00,,,
2023-03-02 16:15:00,,,
2023-03-02 16:20:00,,,
2023-03-02 16:25:00,,,
2023-03-02 16:30:00,,,
2023-03-02 16:35:00,,,
2023-03-02 16:40:00,,,
2023-03-02 16:45:00,,,
2023-03-02 16:50:00,,,
2023-03-02 16:55:00,,,
2023-03-02 17:00:00,,,
2023-03-02 17:05:00,,,
2023-03-02 17:10:00,,,
2023-03-02 17:15:00,,,
2023-03-02 17:20:00,,,
2023-03-02 17:25:00,,,
2023-03-02 17:30:00,10.87,1013.0,22.56
2023-03-02 17:35:00,,,
2023-03-02 17:40:00,,,
2023-03-02 17:45:00,,,
2023-03-02 17:50:00,,,
2023-03-02 17:55:00,,,
2023-03-02 18:00:00,,,
2023-03-02 18:05:00,,,
2023-03-02 18:10:00,,,
2023-03-02 18:15:00,,,
2023-03-02 18:20:00,,,
2023-03-02 18:25:00,,,
2023-03-02 18:30:00,10.8,427.0,22.5
2023-03-02 18:35:00,10.735,421.0,22.5
2023-03-02 18:40:00,10.19,425.0,22.5
2023-03-02 18:45:00,10.05,425.0,22.5
2023-03-02 18:50:00,10.01,416.5,22.47
2023-03-02 18:55:00,,,
2023-03-02 19:00:00,,,
2023-03-02 19:05:00,,,
2023-03-02 19:10:00,,,
2023-03-02 19:15:00,,,
2023-03-02 19:20:00,,,
2023-03-02 19:25:00,,,
2023-03-02 19:30:00,,,
2023-03-02 19:35:00,,,
2023-03-02 19:40:00,,,
2023-03-02 19:45:00,,,
2023-03-02 19:50:00,,,
2023-03-02 19:55:00,,,
2023-03-02 20:00:00,,,
2023-03-02 20:05:00,,,
2023-03-02 20:10:00,,,
2023-03-02 20:15:00,,,
2023-03-02 20:20:00,,,
2023-03-02 20:25:00,,,
2023-03-02 20:30:00,,,
2023-03-02 20:35:00,,,
2023-03-02 20:40:00,,,
2023-03-02 20:45:00,,,
2023-03-02 20:50:00,,,
2023-03-02 20:55:00,,,
2023-03-02 21:00:00,,,
2023-03-02 21:05:00,,,
2023-03-02 21:10:00,,,
2023-03-02 21:15:00,,,
2023-03-02 21:20:00,,,
2023-03-02 21:25:00,,,
2023-03-02 21:30:00,9.55,418.0,22.25
2023-03-02 21:35:00,10.239999999999998,422.0,22.25
2023-03-02 21:40:00,,,
2023-03-02 21:45:00,9.41,428.0,22.19
2023-03-02 21:50:00,,,
2023-03-02 21:55:00,10.5,425.5,22.19
2023-03-02 22:00:00,,,
2023-03-02 22:05:00,,,
2023-03-02 22:10:00,,,
2023-03-02 22:15:00,,,
2023-03-02 22:20:00,,,
2023-03-02 22:25:00,,,
2023-03-02 22:30:00,,,
2023-03-02 22:35:00,,,
2023-03-02 22:40:00,,,
2023-03-02 22:45:00,10.815,422.0,22.16
2023-03-02 22:50:00,10.045,422.0,22.13
2023-03-02 22:55:00,10.8,421.0,22.13
2023-03-02 23:00:00,9.22,418.0,22.13
2023-03-02 23:05:00,10.725,422.0,22.13
2023-03-02 23:10:00,10.78,421.0,22.13
2023-03-02 23:15:00,,,
2023-03-02 23:20:00,,,
2023-03-02 23:25:00,,,
2023-03-02 23:30:00,,,
2023-03-02 23:35:00,,,
2023-03-02 23:40:00,,,
2023-03-02 23:45:00,,,
2023-03-02 23:50:00,,,
2023-03-02 23:55:00,9.85,426.0,22.06
2023-03-03 00:00:00,,,
2023-03-03 00:05:00,,,
2023-03-03 00:10:00,,,
2023-03-03 00:15:00,,,
2023-03-03 00:20:00,,,
2023-03-03 00:25:00,,,
2023-03-03 00:30:00,,,
2023-03-03 00:35:00,,,
2023-03-03 00:40:00,,,
2023-03-03 00:45:00,9.17,1068.0,22.0
2023-03-03 00:50:00,10.61,423.0,22.0
2023-03-03 00:55:00,10.05,436.0,22.0
2023-03-03 01:00:00,9.41,421.0,22.0
2023-03-03 01:05:00,10.495000000000001,438.0,22.0
2023-03-03 01:10:00,9.7,456.0,22.0
2023-03-03 01:15:00,,,
2023-03-03 01:20:00,,,
2023-03-03 01:25:00,,,
2023-03-03 01:30:00,,,
2023-03-03 01:35:00,9.42,416.0,21.94
2023-03-03 01:40:00,10.08,422.0,21.94
2023-03-03 01:45:00,10.9,426.0,21.94
2023-03-03 01:50:00,,,
2023-03-03 01:55:00,,,
2023-03-03 02:00:00,,,
2023-03-03 02:05:00,9.94,426.0,21.94
2023-03-03 02:10:00,9.42,419.0,21.94
2023-03-03 02:15:00,10.56,433.0,21.94
2023-03-03 02:20:00,9.95,426.0,21.94
2023-03-03 02:25:00,9.715,420.0,21.91
2023-03-03 02:30:00,10.98,428.0,21.88
2023-03-03 02:35:00,,,
2023-03-03 02:40:00,,,
2023-03-03 02:45:00,,,
2023-03-03 02:50:00,,,
2023-03-03 02:55:00,,,
2023-03-03 03:00:00,,,
2023-03-03 03:05:00,,,
2023-03-03 03:10:00,,,
2023-03-03 03:15:00,,,
2023-03-03 03:20:00,,,
2023-03-03 03:25:00,,,
2023-03-03 03:30:00,,,
2023-03-03 03:35:00,,,
2023-03-03 03:40:00,,,
2023-03-03 03:45:00,10.61,428.5,21.81
2023-03-03 03:50:00,10.31,1044.0,21.81
2023-03-03 03:55:00,10.355,427.5,21.81
2023-03-03 04:00:00,9.43,451.0,21.81
2023-03-03 04:05:00,,,
2023-03-03 04:10:00,,,
2023-03-03 04:15:00,,,
2023-03-03 04:20:00,,,
2023-03-03 04:25:00,,,
2023-03-03 04:30:00,,,
2023-03-03 04:35:00,,,
2023-03-03 04:40:00,,,
2023-03-03 04:45:00,,,
2023-03-03 04:50:00,,,
2023-03-03 04:55:00,,,
2023-03-03 05:00:00,,,
2023-03-03 05:05:00,,,
2023-03-03 05:10:00,10.195,430.0,21.72
2023-03-03 05:15:00,9.99,435.0,21.69
2023-03-03 05:20:00,9.3,426.0,21.69
2023-03-03 05:25:00,9.62,436.0,21.69
2023-03-03 05:30:00,9.65,436.0,21.69
2023-03-03 05:35:00,,,
2023-03-03 05:40:00,,,
2023-03-03 05:45:00,10.59,424.0,21.69
2023-03-03 05:50:00,9.66,426.0,21.69
2023-03-03 05:55:00,10.24,424.0,21.69
2023-03-03 06:00:00,11.04,424.0,21.69
2023-03-03 06:05:00,10.21,428.0,21.69
2023-03-03 06:10:00,,,
2023-03-03 06:15:00,,,
2023-03-03 06:20:00,9.66,434.0,21.63
2023-03-03 06:25:00,10.84,424.0,21.63
2023-03-03 06:30:00,10.85,426.0,21.63
2023-03-03 06:35:00,9.93,441.0,21.69
2023-03-03 06:40:00,9.66,424.0,21.69
2023-03-03 06:45:00,9.7,422.0,21.63
2023-03-03 06:50:00,10.785,426.5,21.69
2023-03-03 06:55:00,,,
2023-03-03 07:00:00,11.05,439.0,21.69
2023-03-03 07:05:00,9.67,439.0,21.69
2023-03-03 07:10:00,10.98,422.0,21.69
2023-03-03 07:15:00,,,
2023-03-03 07:20:00,,,
2023-03-03 07:25:00,,,
2023-03-03 07:30:00,,,
2023-03-03 07:35:00,,,
2023-03-03 07:40:00,,,
2023-03-03 07:45:00,,,
2023-03-03 07:50:00,,,
2023-03-03 07:55:00,,,
2023-03-03 08:00:00,,,
2023-03-03 08:05:00,,,
2023-03-03 08:10:00,10.785,433.5,21.75
2023-03-03 08:15:00,9.395,422.5,21.78
2023-03-03 08:20:00,,,
2023-03-03 08:25:00,,,
2023-03-03 08:30:00,,,
2023-03-03 08:35:00,,,
2023-03-03 08:40:00,,,
2023-03-03 08:45:00,,,
2023-03-03 08:50:00,,,
2023-03-03 08:55:00,,,
2023-03-03 09:00:00,,,
2023-03-03 09:05:00,,,
2023-03-03 09:10:00,,,
2023-03-03 09:15:00,,,
2023-03-03 09:20:00,,,
2023-03-03 09:25:00,,,
2023-03-03 09:30:00,,,
2023-03-03 09:35:00,,,
2023-03-03 09:40:00,,,
2023-03-03 09:45:00,,,
2023-03-03 09:50:00,,,
2023-03-03 09:55:00,,,
2023-03-03 10:00:00,,,
2023-03-03 10:05:00,,,
2023-03-03 10:10:00,,,
2023-03-03 10:15:00,,,
2023-03-03 10:20:00,,,
2023-03-03 10:25:00,,,
2023-03-03 10:30:00,,,
2023-03-03 10:35:00,,,
2023-03-03 10:40:00,,,
2023-03-03 10:45:00,,,
2023-03-03 10:50:00,,,
2023-03-03 10:55:00,,,
2023-03-03 11:00:00,,,
2023-03-03 11:05:00,,,
2023-03-03 11:10:00,,,
2023-03-03 11:15:00,,,
2023-03-03 11:20:00,,,
2023-03-03 11:25:00,,,
2023-03-03 11:30:00,,,
2023-03-03 11:35:00,,,
2023-03-03 11:40:00,,,
2023-03-03 11:45:00,,,
2023-03-03 11:50:00,,,
2023-03-03 11:55:00,,,
2023-03-03 12:00:00,,,
2023-03-03 12:05:00,,,
2023-03-03 12:10:00,,,
2023-03-03 12:15:00,,,
2023-03-03 12:20:00,,,
2023-03-03 12:25:00,,,
2023-03-03 12:30:00,,,
2023-03-03 12:35:00,,,
2023-03-03 12:40:00,,,
2023-03-03 12:45:00,,,
2023-03-03 12:50:00,,,
2023-03-03 12:55:00,,,
2023-03-03 13:00:00,,,
2023-03-03 13:05:00,,,
2023-03-03 13:10:00,,,
2023-03-03 13:15:00,,,
2023-03-03 13:20:00,,,
2023-03-03 13:25:00,,,
2023-03-03 13:30:00,,,
2023-03-03 13:35:00,,,
2023-03-03 13:40:00,,,
2023-03-03 13:45:00,,,
2023-03-03 13:50:00,,,
2023-03-03 13:55:00,,,
2023-03-03 14:00:00,,,
2023-03-03 14:05:00,,,
2023-03-03 14:10:00,,,
2023-03-03 14:15:00,,,
2023-03-03 14:20:00,,,
2023-03-03 14:25:00,,,
2023-03-03 14:30:00,,,
2023-03-03 14:35:00,,,
2023-03-03 14:40:00,,,
2023-03-03 14:45:00,,,
2023-03-03 14:50:00,,,
2023-03-03 14:55:00,,,
2023-03-03 15:00:00,,,
2023-03-03 15:05:00,,,
2023-03-03 15:10:00,,,
2023-03-03 15:15:00,,,
2023-03-03 15:20:00,,,
2023-03-03 15:25:00,,,
2023-03-03 15:30:00,,,
2023-03-03 15:35:00,,,
2023-03-03 15:40:00,,,
2023-03-03 15:45:00,9.11,439.0,24.13
2023-03-03 15:50:00,9.42,439.0,24.13
2023-03-03 15:55:00,8.685,434.0,24.13
2023-03-03 16:00:00,8.8,434.0,24.19
2023-03-03 16:05:00,,,
2023-03-03 16:10:00,,,
2023-03-03 16:15:00,,,
2023-03-03 16:20:00,,,
2023-03-03 16:25:00,,,
2023-03-03 16:30:00,8.27,439.0,24.19
2023-03-03 16:35:00,8.62,439.0,24.19
2023-03-03 16:40:00,9.105,772.0,24.22
2023-03-03 16:45:00,8.645,442.5,24.19
2023-03-03 16:50:00,,,
2023-03-03 16:55:00,8.14,441.0,24.19
2023-03-03 17:00:00,8.63,441.0,24.19
2023-03-03 17:05:00,8.635000000000002,441.0,24.25
2023-03-03 17:10:00,8.595,441.0,24.25
2023-03-03 17:15:00,8.555,441.0,24.25
2023-03-03 17:20:00,8.54,441.0,24.25
2023-03-03 17:25:00,8.26,441.0,24.25
2023-03-03 17:30:00,8.855,439.0,24.25
2023-03-03 17:35:00,8.49,441.0,24.25
2023-03-03 17:40:00,8.09,441.0,24.25
2023-03-03 17:45:00,8.06,441.0,24.25
2023-03-03 17:50:00,8.29,441.0,24.25
2023-03-03 17:55:00,8.275,441.0,24.25
2023-03-03 18:00:00,8.07,441.0,24.25
2023-03-03 18:05:00,8.04,441.0,24.25
2023-03-03 18:10:00,8.07,441.0,24.25
2023-03-03 18:15:00,8.19,441.0,24.25
2023-03-03 18:20:00,7.98,444.0,24.25
2023-03-03 18:25:00,7.83,441.0,24.25
2023-03-03 18:30:00,8.015,441.0,24.25
2023-03-03 18:35:00,8.09,444.0,24.25
2023-03-03 18:40:00,7.9,441.0,24.25
2023-03-03 18:45:00,7.93,444.0,24.25
2023-03-03 18:50:00,8.21,441.0,24.25
2023-03-03 18:55:00,8.06,444.0,24.25
2023-03-03 19:00:00,7.74,444.0,24.25
2023-03-03 19:05:00,7.725,442.5,24.25
2023-03-03 19:10:00,7.695,442.5,24.25
2023-03-03 19:15:00,7.78,441.0,24.19
2023-03-03 19:20:00,8.115,444.0,24.19
2023-03-03 19:25:00,7.87,441.0,24.19
2023-03-03 19:30:00,7.57,441.0,24.19
2023-03-03 19:35:00,7.8,441.0,24.19
2023-03-03 19:40:00,7.61,441.0,24.19
2023-03-03 19:45:00,7.64,441.0,24.19
2023-03-03 19:50:00,7.525,441.0,24.19
2023-03-03 19:55:00,7.415,441.0,24.19
2023-03-03 20:00:00,7.17,444.0,24.19
2023-03-03 20:05:00,7.51,441.0,24.19
2023-03-03 20:10:00,7.4350000000000005,444.0,24.19
2023-03-03 20:15:00,7.5600000000000005,441.0,24.19
2023-03-03 20:20:00,7.29,441.0,24.19
2023-03-03 20:25:00,7.46,442.0,24.13
2023-03-03 20:30:00,7.48,442.0,24.13
2023-03-03 20:35:00,7.68,442.0,24.13
2023-03-03 20:40:00,7.68,442.0,24.13
2023-03-03 20:45:00,7.48,442.0,24.13
2023-03-03 20:50:00,7.645,442.0,24.13
2023-03-03 20:55:00,7.65,442.0,24.13
2023-03-03 21:00:00,7.43,442.0,24.13
2023-03-03 21:05:00,7.3,442.0,24.13
2023-03-03 21:10:00,7.36,442.0,24.13
2023-03-03 21:15:00,7.34,442.0,24.13
2023-03-03 21:20:00,7.0,444.0,24.13
2023-03-03 21:25:00,7.34,442.0,24.13
2023-03-03 21:30:00,7.27,442.0,24.13
2023-03-03 21:35:00,7.38,442.0,24.13
2023-03-03 21:40:00,7.07,442.0,24.13
2023-03-03 21:45:00,7.44,442.0,24.13
2023-03-03 21:50:00,7.2,442.0,24.06
2023-03-03 21:55:00,7.17,442.0,24.06
2023-03-03 22:00:00,7.18,442.0,24.06
2023-03-03 22:05:00,7.265,442.0,24.06
2023-03-03 22:10:00,7.0,442.0,24.06
2023-03-03 22:15:00,6.880000000000001,442.0,24.06
2023-03-03 22:20:00,6.9,442.0,24.0
2023-03-03 22:25:00,7.18,444.0,24.0
2023-03-03 22:30:00,6.970000000000001,444.0,24.0
2023-03-03 22:35:00,7.085,444.0,24.0
2023-03-03 22:40:00,7.16,444.0,24.0
2023-03-03 22:45:00,6.89,444.0,24.0
2023-03-03 22:50:00,7.08,444.0,24.0
2023-03-03 22:55:00,7.165,444.0,24.0
2023-03-03 23:00:00,7.225,444.0,23.94
2023-03-03 23:05:00,7.2,444.0,23.94
2023-03-03 23:10:00,7.44,444.0,23.94
2023-03-03 23:15:00,7.33,444.0,23.94
2023-03-03 23:20:00,7.220000000000001,444.0,23.94
2023-03-03 23:25:00,7.03,444.0,23.94
2023-03-03 23:30:00,7.055,447.0,23.88
2023-03-03 23:35:00,7.27,449.0,23.88
2023-03-03 23:40:00,7.28,452.0,23.88
2023-03-03 23:45:00,7.02,452.0,23.88
2023-03-03 23:50:00,7.14,452.0,23.88
2023-03-03 23:55:00,7.4,452.0,23.81
2023-03-04 00:00:00,7.095000000000001,452.0,23.81
2023-03-04 00:05:00,7.21,455.0,23.81
2023-03-04 00:10:00,7.27,452.0,23.81
2023-03-04 00:15:00,7.4,452.0,23.81
2023-03-04 00:20:00,7.31,452.0,23.81
2023-03-04 00:25:00,7.71,452.0,23.75
2023-03-04 00:30:00,7.14,452.0,23.75
2023-03-04 00:35:00,7.255,451.0,23.75
2023-03-04 00:40:00,7.445,450.0,23.75
2023-03-04 00:45:00,7.73,450.0,23.75
2023-03-04 00:50:00,7.66,450.0,23.75
2023-03-04 00:55:00,7.65,450.0,23.69
2023-03-04 01:00:00,7.68,452.0,23.69
2023-03-04 01:05:00,7.805,450.0,23.69
2023-03-04 01:10:00,7.245,451.0,23.69
2023-03-04 01:15:00,7.45,450.0,23.69
2023-03-04 01:20:00,7.525,450.0,23.69
2023-03-04 01:25:00,7.68,450.0,23.69
2023-03-04 01:30:00,7.42,450.0,23.63
2023-03-04 01:35:00,7.32,452.0,23.63
2023-03-04 01:40:00,7.56,450.0,23.63
2023-03-04 01:45:00,7.445,450.0,23.63
2023-03-04 01:50:00,7.35,450.0,23.63
2023-03-04 01:55:00,7.205,452.0,23.63
2023-03-04 02:00:00,7.5,450.0,23.56
2023-03-04 02:05:00,7.93,450.0,23.56
2023-03-04 02:10:00,7.905,448.0,23.56
2023-03-04 02:15:00,8.05,445.0,23.56
2023-03-04 02:20:00,7.83,448.0,23.56
2023-03-04 02:25:00,7.93,448.0,23.5
2023-03-04 02:30:00,7.7,445.0,23.5
2023-03-04 02:35:00,7.515000000000001,445.0,23.5
2023-03-04 02:40:00,7.85,445.0,23.5
2023-03-04 02:45:00,7.57,443.0,23.5
2023-03-04 02:50:00,7.63,443.0,23.5
2023-03-04 02:55:00,7.99,443.0,23.5
2023-03-04 03:00:00,7.6,443.0,23.44
2023-03-04 03:05:00,7.9,443.0,23.44
2023-03-04 03:10:00,7.75,443.0,23.44
2023-03-04 03:15:00,7.55,443.0,23.44
2023-03-04 03:20:00,7.71,443.0,23.44
2023-03-04 03:25:00,7.61,443.0,23.44
2023-03-04 03:30:00,7.52,443.0,23.44
2023-03-04 03:35:00,7.58,443.0,23.38
2023-03-04 03:40:00,7.5,443.0,23.38
2023-03-04 03:45:00,7.6,443.0,23.38
2023-03-04 03:50:00,7.4350000000000005,440.0,23.38
2023-03-04 03:55:00,7.585,440.0,23.38
2023-03-04 04:00:00,7.5600000000000005,443.0,23.38
2023-03-04 04:05:00,7.52,443.0,23.38
2023-03-04 04:10:00,7.5,443.0,23.38
2023-03-04 04:15:00,7.57,441.0,23.31
2023-03-04 04:20:00,7.66,443.0,23.31
2023-03-04 04:25:00,7.805,441.0,23.31
2023-03-04 04:30:00,7.55,441.0,23.31
2023-03-04 04:35:00,7.73,443.0,23.31
2023-03-04 04:40:00,7.79,441.0,23.31
2023-03-04 04:45:00,7.34,441.0,23.31
2023-03-04 04:50:00,7.5649999999999995,441.0,23.31
2023-03-04 04:55:00,7.41,441.0,23.25
2023-03-04 05:00:00,7.55,441.0,23.25
2023-03-04 05:05:00,7.38,441.0,23.25
2023-03-04 05:10:00,7.25,441.0,23.25
2023-03-04 05:15:00,7.16,441.0,23.25
2023-03-04 05:20:00,7.29,441.0,23.25
2023-03-04 05:25:00,7.32,441.0,23.25
2023-03-04 05:30:00,7.45,441.0,23.19
2023-03-04 05:35:00,7.49,441.0,23.19
2023-03-04 05:40:00,7.54,441.0,23.19
2023-03-04 05:45:00,7.745,441.0,23.19
2023-03-04 05:50:00,7.9,438.0,23.19
2023-03-04 05:55:00,7.5,438.0,23.19
2023-03-04 06:00:00,7.58,438.0,23.19
2023-03-04 06:05:00,7.47,436.0,23.19
2023-03-04 06:10:00,7.425000000000001,434.0,23.13
2023-03-04 06:15:00,7.625,434.0,23.13
2023-03-04 06:20:00,7.64,434.0,23.13
2023-03-04 06:25:00,7.64,434.0,23.13
2023-03-04 06:30:00,7.135,434.0,23.13
2023-03-04 06:35:00,7.63,434.0,23.13
2023-03-04 06:40:00,7.55,434.0,23.06
2023-03-04 06:45:00,7.655,434.0,23.06
2023-03-04 06:50:00,7.77,434.0,23.06
2023-03-04 06:55:00,7.615,434.0,23.06
2023-03-04 07:00:00,7.75,434.0,23.06
2023-03-04 07:05:00,7.23,434.0,23.06
2023-03-04 07:10:00,7.37,434.0,23.06
2023-03-04 07:15:00,7.25,434.0,23.06
2023-03-04 07:20:00,7.3,434.0,23.06
2023-03-04 07:25:00,7.44,434.0,23.06
2023-03-04 07:30:00,7.305,434.0,23.06
2023-03-04 07:35:00,7.49,431.0,23.06
2023-03-04 07:40:00,7.59,434.0,23.06
2023-03-04 07:45:00,7.3149999999999995,434.0,23.13
2023-03-04 07:50:00,7.46,434.0,23.13
2023-03-04 07:55:00,7.37,434.0,23.13
2023-03-04 08:00:00,7.42,434.0,23.13
2023-03-04 08:05:00,7.595000000000001,431.0,23.13
2023-03-04 08:10:00,7.2,434.0,23.13
2023-03-04 08:15:00,7.175,432.5,23.13
2023-03-04 08:20:00,7.43,434.0,23.13
2023-03-04 08:25:00,7.245,431.0,23.13
2023-03-04 08:30:00,7.6,434.0,23.13
2023-03-04 08:35:00,7.47,431.0,23.13
2023-03-04 08:40:00,7.24,433.0,23.13
2023-03-04 08:45:00,7.34,433.0,23.13
2023-03-04 08:50:00,7.52,431.0,23.19
2023-03-04 08:55:00,7.18,431.0,23.13
2023-03-04 09:00:00,7.34,433.0,23.19
2023-03-04 09:05:00,7.12,433.0,23.19
2023-03-04 09:10:00,7.42,433.0,23.19
2023-03-04 09:15:00,7.11,433.0,23.19
2023-03-04 09:20:00,7.08,433.0,23.19
2023-03-04 09:25:00,7.26,433.0,23.25
2023-03-04 09:30:00,7.025,433.0,23.25
2023-03-04 09:35:00,7.03,433.0,23.25
2023-03-04 09:40:00,7.1,433.0,23.25
2023-03-04 09:45:00,7.455,433.0,23.25
2023-03-04 09:50:00,7.3149999999999995,433.0,23.25
2023-03-04 09:55:00,7.06,433.0,23.31
2023-03-04 10:00:00,7.05,433.0,23.31
2023-03-04 10:05:00,7.165,433.0,23.31
2023-03-04 10:10:00,6.84,433.0,23.31
2023-03-04 10:15:00,6.835,433.0,23.31
2023-03-04 10:20:00,7.265000000000001,433.0,23.31
2023-03-04 10:25:00,7.135,433.0,23.38
2023-03-04 10:30:00,6.885,433.0,23.31
2023-03-04 10:35:00,6.805,433.0,23.38
2023-03-04 10:40:00,6.75,433.0,23.38
2023-03-04 10:45:00,6.95,431.0,23.38
2023-03-04 10:50:00,7.005,433.0,23.38
2023-03-04 10:55:00,7.15,433.0,23.38
2023-03-04 11:00:00,6.915,433.0,23.38
2023-03-04 11:05:00,6.925000000000001,433.0,23.44
2023-03-04 11:10:00,7.195,433.0,23.38
2023-03-04 11:15:00,6.82,433.0,23.44
2023-03-04 11:20:00,6.79,433.0,23.44
2023-03-04 11:25:00,6.77,433.0,23.44
2023-03-04 11:30:00,6.89,433.0,23.44
2023-03-04 11:35:00,6.87,433.0,23.44
2023-03-04 11:40:00,6.83,433.0,23.5
2023-03-04 11:45:00,7.06,435.0,23.5
2023-03-04 11:50:00,6.91,433.0,23.5
2023-03-04 11:55:00,7.15,433.0,23.5
2023-03-04 12:00:00,6.62,433.0,23.56
2023-03-04 12:05:00,7.06,433.0,23.56
2023-03-04 12:10:00,6.805,433.0,23.56
2023-03-04 12:15:00,6.775,433.0,23.56
2023-03-04 12:20:00,6.69,433.0,23.56
2023-03-04 12:25:00,6.325,435.0,23.56
2023-03-04 12:30:00,6.66,433.0,23.63
2023-03-04 12:35:00,6.56,433.0,23.63
2023-03-04 12:40:00,6.609999999999999,433.0,23.63
2023-03-04 12:45:00,6.77,432.0,23.69
2023-03-04 12:50:00,6.28,432.0,23.69
2023-03-04 12:55:00,6.470000000000001,432.0,23.69
2023-03-04 13:00:00,6.65,432.0,23.69
2023-03-04 13:05:00,6.55,432.0,23.69
2023-03-04 13:10:00,6.275,432.0,23.75
2023-03-04 13:15:00,6.485,432.0,23.75
2023-03-04 13:20:00,6.3100000000000005,432.0,23.75
2023-03-04 13:25:00,6.43,432.0,23.75
2023-03-04 13:30:00,6.38,432.0,23.75
2023-03-04 13:35:00,6.1899999999999995,432.0,23.75
2023-03-04 13:40:00,6.34,432.0,23.81
2023-03-04 13:45:00,6.495,432.0,23.81
2023-03-04 13:50:00,6.135,432.0,23.81
2023-03-04 13:55:00,6.28,435.0,23.81
2023-03-04 14:00:00,6.28,435.0,23.81
2023-03-04 14:05:00,6.58,435.0,23.81
2023-03-04 14:10:00,6.28,435.0,23.81
2023-03-04 14:15:00,6.49,435.0,23.845
2023-03-04 14:20:00,6.36,435.0,23.88
2023-03-04 14:25:00,6.275,432.0,23.88
2023-03-04 14:30:00,6.32,435.0,23.88
2023-03-04 14:35:00,6.39,435.0,23.88
2023-03-04 14:40:00,6.22,435.0,23.88
2023-03-04 14:45:00,6.615,435.0,23.88
2023-03-04 14:50:00,6.79,435.0,23.88
2023-03-04 14:55:00,6.355,434.0,23.91
2023-03-04 15:00:00,6.535,435.0,23.94
2023-03-04 15:05:00,6.29,437.0,23.94
2023-03-04 15:10:00,6.52,434.0,23.94
2023-03-04 15:15:00,6.44,437.0,23.94
2023-03-04 15:20:00,6.43,437.0,23.94
2023-03-04 15:25:00,6.5,437.0,23.94
2023-03-04 15:30:00,6.355,434.0,23.94
2023-03-04 15:35:00,6.095,437.0,24.0
2023-03-04 15:40:00,5.9350000000000005,437.0,24.0
2023-03-04 15:45:00,6.43,437.0,24.0
2023-03-04 15:50:00,6.115,437.0,24.0
2023-03-04 15:55:00,6.47,437.0,24.0
2023-03-04 16:00:00,6.27,437.0,24.0
2023-03-04 16:05:00,6.25,437.0,24.0
2023-03-04 16:10:00,6.485,437.0,24.0
2023-03-04 16:15:00,6.45,437.0,24.06
2023-03-04 16:20:00,6.55,437.0,24.06
2023-03-04 16:25:00,6.48,437.0,24.06
2023-03-04 16:30:00,6.46,437.0,24.06
2023-03-04 16:35:00,6.385,437.0,24.06
2023-03-04 16:40:00,6.154999999999999,437.0,24.06
2023-03-04 16:45:00,6.220000000000001,437.0,24.06
2023-03-04 16:50:00,6.28,437.0,24.06
2023-03-04 16:55:00,6.51,437.0,24.06
2023-03-04 17:00:00,6.5,437.0,24.06
2023-03-04 17:05:00,6.345000000000001,437.0,24.06
2023-03-04 17:10:00,6.41,437.0,24.06
2023-03-04 17:15:00,6.37,437.0,24.13
2023-03-04 17:20:00,6.27,439.0,24.13
2023-03-04 17:25:00,6.32,437.0,24.13
2023-03-04 17:30:00,6.33,439.0,24.13
2023-03-04 17:35:00,6.21,439.0,24.13
2023-03-04 17:40:00,6.4350000000000005,439.0,24.13
2023-03-04 17:45:00,6.45,439.0,24.13
2023-03-04 17:50:00,6.18,439.0,24.13
2023-03-04 17:55:00,6.395,439.0,24.13
2023-03-04 18:00:00,6.300000000000001,438.0,24.13
2023-03-04 18:05:00,6.36,439.0,24.13
2023-03-04 18:10:00,6.13,439.0,24.13
2023-03-04 18:15:00,6.41,439.0,24.13
2023-03-04 18:20:00,6.23,439.0,24.13
2023-03-04 18:25:00,6.41,439.0,24.13
2023-03-04 18:30:00,6.35,439.0,24.13
2023-03-04 18:35:00,6.34,439.0,24.13
2023-03-04 18:40:00,6.355,439.0,24.13
2023-03-04 18:45:00,6.4,439.0,24.13
2023-03-04 18:50:00,6.42,439.0,24.13
2023-03-04 18:55:00,6.26,439.0,24.13
2023-03-04 19:00:00,6.27,439.0,24.13
2023-03-04 19:05:00,6.39,439.0,24.13
2023-03-04 19:10:00,6.36,441.0,24.13
2023-03-04 19:15:00,6.08,440.0,24.13
2023-03-04 19:20:00,6.16,439.0,24.13
2023-03-04 19:25:00,6.31,439.0,24.13
2023-03-04 19:30:00,6.31,439.0,24.13
2023-03-04 19:35:00,6.39,441.0,24.13
2023-03-04 19:40:00,6.3149999999999995,439.0,24.13
2023-03-04 19:45:00,6.3,439.0,24.13
2023-03-04 19:50:00,6.13,439.0,24.13
2023-03-04 19:55:00,6.32,439.0,24.13
2023-03-04 20:00:00,6.32,439.0,24.13
2023-03-04 20:05:00,6.06,440.0,24.13
2023-03-04 20:10:00,6.26,440.0,24.13
2023-03-04 20:15:00,6.2,441.0,24.13
2023-03-04 20:20:00,6.279999999999999,442.0,24.13
2023-03-04 20:25:00,6.279999999999999,441.5,24.13
2023-03-04 20:30:00,6.27,441.0,24.13
2023-03-04 20:35:00,6.11,442.0,24.13
2023-03-04 20:40:00,6.28,439.0,24.13
2023-03-04 20:45:00,6.21,442.0,24.13
2023-03-04 20:50:00,6.235,442.0,24.13
2023-03-04 20:55:00,6.22,439.0,24.13
2023-03-04 21:00:00,6.105,442.0,24.13
2023-03-04 21:05:00,6.24,442.0,24.13
2023-03-04 21:10:00,6.28,442.0,24.13
2023-03-04 21:15:00,6.09,442.0,24.13
2023-03-04 21:20:00,6.15,442.0,24.13
2023-03-04 21:25:00,6.21,442.0,24.13
2023-03-04 21:30:00,6.24,442.0,24.13
2023-03-04 21:35:00,6.18,442.0,24.13
2023-03-04 21:40:00,6.140000000000001,442.0,24.13
2023-03-04 21:45:00,6.07,442.0,24.13
2023-03-04 21:50:00,6.22,439.0,24.13
2023-03-04 21:55:00,6.095000000000001,442.0,24.13
2023-03-04 22:00:00,6.175000000000001,442.0,24.095
2023-03-04 22:05:00,6.29,439.0,24.06
2023-03-04 22:10:00,6.05,442.0,24.06
2023-03-04 22:15:00,6.23,439.0,24.06
2023-03-04 22:20:00,6.19,442.0,24.06
2023-03-04 22:25:00,6.28,439.0,24.06
2023-03-04 22:30:00,6.24,442.0,24.06
2023-03-04 22:35:00,6.21,442.0,24.06
2023-03-04 22:40:00,6.21,442.0,24.06
2023-03-04 22:45:00,6.23,442.0,24.06
2023-03-04 22:50:00,6.245,439.0,24.06
2023-03-04 22:55:00,6.175000000000001,440.5,24.06
2023-03-04 23:00:00,6.265,439.0,24.0
2023-03-04 23:05:00,6.18,439.0,24.0
2023-03-04 23:10:00,6.23,439.0,24.0
2023-03-04 23:15:00,6.21,439.0,24.0
2023-03-04 23:20:00,6.21,439.0,24.0
2023-03-04 23:25:00,6.21,439.0,24.0
2023-03-04 23:30:00,6.19,439.0,24.0
2023-03-04 23:35:00,6.205,439.0,24.0
2023-03-04 23:40:00,6.245,439.0,24.0
2023-03-04 23:45:00,6.26,439.0,24.0
2023-03-04 23:50:00,6.18,439.0,23.94
2023-03-04 23:55:00,6.15,439.0,23.94
2023-03-05 00:00:00,6.145,439.0,23.94
2023-03-05 00:05:00,6.18,439.0,23.94
2023-03-05 00:10:00,6.17,439.0,23.94
2023-03-05 00:15:00,6.26,439.0,23.94
2023-03-05 00:20:00,6.175,439.0,23.94
2023-03-05 00:25:00,6.25,439.0,23.94
2023-03-05 00:30:00,6.24,439.0,23.94
2023-03-05 00:35:00,6.14,440.0,23.88
2023-03-05 00:40:00,6.21,442.0,23.88
2023-03-05 00:45:00,6.17,440.0,23.88
2023-03-05 00:50:00,6.22,440.0,23.88
2023-03-05 00:55:00,6.24,440.0,23.88
2023-03-05 01:00:00,6.165,440.0,23.88
2023-03-05 01:05:00,6.17,440.0,23.88
2023-03-05 01:10:00,6.26,440.0,23.88
2023-03-05 01:15:00,6.19,440.0,23.81
2023-03-05 01:20:00,6.2,440.0,23.88
2023-03-05 01:25:00,6.225,440.0,23.81
2023-03-05 01:30:00,6.25,440.0,23.81
2023-03-05 01:35:00,6.175,440.0,23.81
2023-03-05 01:40:00,6.27,440.0,23.81
2023-03-05 01:45:00,6.235,440.0,23.81
2023-03-05 01:50:00,6.14,440.0,23.81
2023-03-05 01:55:00,6.16,440.0,23.75
2023-03-05 02:00:00,6.18,440.0,23.75
2023-03-05 02:05:00,6.154999999999999,438.5,23.75
2023-03-05 02:10:00,6.12,440.0,23.75
2023-03-05 02:15:00,6.215,437.0,23.75
2023-03-05 02:20:00,6.195,437.0,23.75
2023-03-05 02:25:00,6.220000000000001,437.0,23.75
2023-03-05 02:30:00,6.1899999999999995,437.0,23.75
2023-03-05 02:35:00,6.24,440.0,23.75
2023-03-05 02:40:00,6.1850000000000005,437.0,23.75
2023-03-05 02:45:00,6.11,440.0,23.75
2023-03-05 02:50:00,6.2,437.0,23.69
2023-03-05 02:55:00,6.25,437.0,23.69
2023-03-05 03:00:00,6.215,437.0,23.69
2023-03-05 03:05:00,6.195,437.0,23.69
2023-03-05 03:10:00,6.23,437.0,23.69
2023-03-05 03:15:00,6.22,437.0,23.69
2023-03-05 03:20:00,6.16,437.0,23.69
2023-03-05 03:25:00,6.27,437.0,23.69
2023-03-05 03:30:00,6.23,437.0,23.63
2023-03-05 03:35:00,6.09,438.0,23.63
2023-03-05 03:40:00,6.25,438.0,23.63
2023-03-05 03:45:00,6.23,438.0,23.63
2023-03-05 03:50:00,6.22,438.0,23.63
2023-03-05 03:55:00,6.165,438.0,23.63
2023-03-05 04:00:00,6.24,438.0,23.63
2023-03-05 04:05:00,6.145,438.0,23.63
2023-03-05 04:10:00,6.16,438.0,23.63
2023-03-05 04:15:00,6.18,438.0,23.63
2023-03-05 04:20:00,6.19,438.0,23.63
2023-03-05 04:25:00,6.24,438.0,23.56
2023-03-05 04:30:00,6.3,438.0,23.56
2023-03-05 04:35:00,6.23,438.0,23.56
2023-03-05 04:40:00,6.29,438.0,23.56
2023-03-05 04:45:00,6.3100000000000005,438.0,23.56
2023-03-05 04:50:00,6.35,438.0,23.56
2023-03-05 04:55:00,6.37,438.0,23.56
2023-03-05 05:00:00,6.41,438.0,23.56
2023-03-05 05:05:00,6.38,438.0,23.5
2023-03-05 05:10:00,6.335,438.0,23.5
2023-03-05 05:15:00,6.26,438.0,23.5
2023-03-05 05:20:00,6.45,438.0,23.5
2023-03-05 05:25:00,6.45,438.0,23.5
2023-03-05 05:30:00,6.395,438.0,23.5
2023-03-05 05:35:00,6.51,436.5,23.5
2023-03-05 05:40:00,6.4,435.0,23.5
2023-03-05 05:45:00,6.36,438.0,23.5
2023-03-05 05:50:00,6.325,435.0,23.5
2023-03-05 05:55:00,6.32,435.0,23.5
2023-03-05 06:00:00,6.26,419.0,23.44
2023-03-05 06:05:00,6.4350000000000005,423.0,23.44
2023-03-05 06:10:00,6.46,426.0,23.44
2023-03-05 06:15:00,6.51,423.0,23.38
2023-03-05 06:20:00,6.49,423.0,23.38
2023-03-05 06:25:00,6.61,423.0,23.38
2023-03-05 06:30:00,6.45,423.0,23.38
2023-03-05 06:35:00,6.26,423.0,23.38
2023-03-05 06:40:00,6.18,426.0,23.38
2023-03-05 06:45:00,6.5,426.0,23.38
2023-03-05 06:50:00,6.43,426.0,23.38
2023-03-05 06:55:00,6.76,426.0,23.38
2023-03-05 07:00:00,6.945,423.0,23.38
2023-03-05 07:05:00,7.48,423.0,23.38
2023-03-05 07:10:00,7.405,426.0,23.38
2023-03-05 07:15:00,7.77,426.0,23.38
2023-03-05 07:20:00,7.91,426.0,23.38
2023-03-05 07:25:00,7.99,431.0,23.38
2023-03-05 07:30:00,8.21,431.0,23.38
2023-03-05 07:35:00,8.31,431.0,23.38
2023-03-05 07:40:00,8.135,395.0,23.38
2023-03-05 07:45:00,7.76,395.0,23.38
2023-03-05 07:50:00,8.18,405.0,23.38
2023-03-05 07:55:00,8.54,409.0,23.38
2023-03-05 08:00:00,8.53,409.0,23.38
2023-03-05 08:05:00,8.489999999999998,412.0,23.38
2023-03-05 08:10:00,8.635000000000002,414.0,23.38
2023-03-05 08:15:00,9.155000000000001,414.0,23.38
2023-03-05 08:20:00,8.79,416.0,23.38
2023-03-05 08:25:00,8.92,416.0,23.44
2023-03-05 08:30:00,8.81,416.0,23.44
2023-03-05 08:35:00,8.92,416.0,23.44
2023-03-05 08:40:00,8.93,419.0,23.44
2023-03-05 08:45:00,8.905000000000001,422.0,23.44
2023-03-05 08:50:00,9.165,423.0,23.44
2023-03-05 08:55:00,9.19,433.0,23.5
2023-03-05 09:00:00,9.23,433.0,23.5
2023-03-05 09:05:00,9.25,426.0,23.5
2023-03-05 09:10:00,9.315000000000001,416.0,23.5
2023-03-05 09:15:00,9.399999999999999,414.0,23.5
2023-03-05 09:20:00,9.645,402.0,23.56
2023-03-05 09:25:00,9.585,404.0,23.56
2023-03-05 09:30:00,9.77,397.0,23.56
2023-03-05 09:35:00,9.13,440.0,23.63
2023-03-05 09:40:00,9.485,442.0,23.63
2023-03-05 09:45:00,9.575,440.0,23.63
2023-03-05 09:50:00,9.61,442.0,23.63
2023-03-05 09:55:00,9.57,442.0,23.69
2023-03-05 10:00:00,9.86,418.0,23.69
2023-03-05 10:05:00,9.7,416.0,23.69
2023-03-05 10:10:00,9.96,395.0,23.75
2023-03-05 10:15:00,9.62,395.0,23.75
2023-03-05 10:20:00,9.795,393.0,23.75
2023-03-05 10:25:00,9.78,402.0,23.75
2023-03-05 10:30:00,9.33,404.0,23.81
2023-03-05 10:35:00,9.73,408.0,23.81
2023-03-05 10:40:00,9.83,418.0,23.81
2023-03-05 10:45:00,9.68,408.0,23.81
2023-03-05 10:50:00,9.655000000000001,409.5,23.81
2023-03-05 10:55:00,10.17,411.0,23.88
2023-03-05 11:00:00,9.690000000000001,411.0,23.88
2023-03-05 11:05:00,9.93,406.0,23.94
2023-03-05 11:10:00,9.425,406.0,23.94
2023-03-05 11:15:00,9.98,408.0,23.94
2023-03-05 11:20:00,9.85,408.0,23.94
2023-03-05 11:25:00,9.71,410.0,24.0
2023-03-05 11:30:00,9.69,408.0,24.0
2023-03-05 11:35:00,9.48,408.0,24.0
2023-03-05 11:40:00,9.725000000000001,408.0,24.06
2023-03-05 11:45:00,9.785,410.0,24.06
2023-03-05 11:50:00,10.11,408.0,24.06
2023-03-05 11:55:00,9.84,408.0,24.13
2023-03-05 12:00:00,9.68,408.0,24.13
2023-03-05 12:05:00,9.485,408.0,24.19
2023-03-05 12:10:00,9.76,411.0,24.19
2023-03-05 12:15:00,9.74,410.0,24.19
2023-03-05 12:20:00,9.31,410.0,24.25
2023-03-05 12:25:00,9.344999999999999,410.0,24.25
2023-03-05 12:30:00,9.35,412.0,24.31
2023-03-05 12:35:00,9.655000000000001,412.0,24.31
2023-03-05 12:40:00,10.08,412.0,24.38
2023-03-05 12:45:00,9.67,412.0,24.38
2023-03-05 12:50:00,9.94,412.0,24.44
2023-03-05 12:55:00,9.57,412.0,24.44
2023-03-05 13:00:00,9.67,412.0,24.5
2023-03-05 13:05:00,9.75,412.0,24.5
2023-03-05 13:10:00,10.03,405.0,24.56
2023-03-05 13:15:00,9.83,407.0,24.56
2023-03-05 13:20:00,9.77,407.0,24.56
2023-03-05 13:25:00,9.67,407.0,24.63
2023-03-05 13:30:00,9.55,409.0,24.63
2023-03-05 13:35:00,9.565,409.0,24.69
2023-03-05 13:40:00,9.78,409.0,24.69
2023-03-05 13:45:00,9.63,412.0,24.69
2023-03-05 13:50:00,9.43,412.0,24.69
2023-03-05 13:55:00,9.36,414.0,24.69
2023-03-05 14:00:00,9.75,414.0,24.75
2023-03-05 14:05:00,9.15,414.0,24.75
2023-03-05 14:10:00,9.38,414.0,24.75
2023-03-05 14:15:00,9.34,416.0,24.75
2023-03-05 14:20:00,9.8,419.0,24.81
2023-03-05 14:25:00,9.45,419.0,24.81
2023-03-05 14:30:00,9.219999999999999,419.0,24.81
2023-03-05 14:35:00,9.27,419.0,24.81
2023-03-05 14:40:00,9.63,419.0,24.81
2023-03-05 14:45:00,10.05,418.0,24.81
2023-03-05 14:50:00,9.46,421.0,24.88
2023-03-05 14:55:00,9.185,421.0,24.88
2023-03-05 15:00:00,9.66,418.0,24.88
2023-03-05 15:05:00,9.45,418.0,24.88
2023-03-05 15:10:00,9.45,418.0,24.88
2023-03-05 15:15:00,9.59,418.0,24.88
2023-03-05 15:20:00,9.94,416.0,24.88
2023-03-05 15:25:00,9.655000000000001,421.0,24.88
2023-03-05 15:30:00,9.22,421.0,24.88
2023-03-05 15:35:00,9.34,423.0,24.88
2023-03-05 15:40:00,9.725,421.0,24.94
2023-03-05 15:45:00,9.645,425.5,24.91
2023-03-05 15:50:00,9.385000000000002,430.0,24.94
2023-03-05 15:55:00,9.92,423.0,24.94
2023-03-05 16:00:00,9.46,423.0,24.94
2023-03-05 16:05:00,9.59,416.0,24.94
2023-03-05 16:10:00,9.4,421.0,24.94
2023-03-05 16:15:00,9.61,421.0,24.94
2023-03-05 16:20:00,9.64,421.0,24.94
2023-03-05 16:25:00,9.315000000000001,421.0,24.94
2023-03-05 16:30:00,9.495000000000001,421.0,24.94
2023-03-05 16:35:00,9.3,421.0,24.94
2023-03-05 16:40:00,9.42,421.0,24.94
2023-03-05 16:45:00,9.56,421.0,24.94
2023-03-05 16:50:00,9.185,421.0,24.94
2023-03-05 16:55:00,9.3,421.0,24.88
2023-03-05 17:00:00,9.239999999999998,421.0,24.88
2023-03-05 17:05:00,9.18,423.0,24.88
2023-03-05 17:10:00,9.33,421.0,24.88
2023-03-05 17:15:00,9.44,423.0,24.88
2023-03-05 17:20:00,9.64,423.0,24.88
2023-03-05 17:25:00,9.32,423.0,24.88
2023-03-05 17:30:00,9.4,423.0,24.88
2023-03-05 17:35:00,9.024999999999999,423.0,24.88
2023-03-05 17:40:00,9.64,423.0,24.88
2023-03-05 17:45:00,9.25,423.0,24.88
2023-03-05 17:50:00,9.23,423.0,24.88
2023-03-05 17:55:00,9.48,423.0,24.88
2023-03-05 18:00:00,9.6,423.0,24.88
2023-03-05 18:05:00,9.32,423.0,24.81
2023-03-05 18:10:00,9.78,423.0,24.81
2023-03-05 18:15:00,9.33,423.0,24.81
2023-03-05 18:20:00,9.5,423.0,24.81
2023-03-05 18:25:00,9.31,423.0,24.81
2023-03-05 18:30:00,9.52,423.0,24.81
2023-03-05 18:35:00,9.1,423.0,24.81
2023-03-05 18:40:00,9.45,423.0,24.81
2023-03-05 18:45:00,9.305,423.0,24.81
2023-03-05 18:50:00,9.205,423.0,24.81
2023-03-05 18:55:00,9.37,423.0,24.81
2023-03-05 19:00:00,9.33,423.0,24.75
2023-03-05 19:05:00,9.2,423.0,24.75
2023-03-05 19:10:00,9.47,423.0,24.75
2023-03-05 19:15:00,8.725000000000001,423.0,24.75
2023-03-05 19:20:00,9.41,423.0,24.75
2023-03-05 19:25:00,9.56,423.0,24.75
2023-03-05 19:30:00,9.445,423.0,24.75
2023-03-05 19:35:00,8.92,423.0,24.75
2023-03-05 19:40:00,9.06,423.0,24.75
2023-03-05 19:45:00,8.92,423.0,24.69
2023-03-05 19:50:00,9.18,423.0,24.69
2023-03-05 19:55:00,9.2,423.0,24.69
2023-03-05 20:00:00,8.97,423.0,24.69
2023-03-05 20:05:00,9.375,423.0,24.69
2023-03-05 20:10:00,9.12,423.0,24.69
2023-03-05 20:15:00,9.34,423.0,24.69
2023-03-05 20:20:00,9.125,423.0,24.69
2023-03-05 20:25:00,9.035,423.0,24.63
2023-03-05 20:30:00,8.754999999999999,423.0,24.63
2023-03-05 20:35:00,8.935,424.0,24.63
2023-03-05 20:40:00,9.43,424.0,24.63
2023-03-05 20:45:00,9.03,424.0,24.63
2023-03-05 20:50:00,8.97,421.0,24.63
2023-03-05 20:55:00,9.015,424.0,24.63
2023-03-05 21:00:00,8.705,424.0,24.63
2023-03-05 21:05:00,8.74,424.0,24.56
2023-03-05 21:10:00,8.74,421.0,24.56
2023-03-05 21:15:00,9.08,424.0,24.56
2023-03-05 21:20:00,8.785,424.0,24.56
2023-03-05 21:25:00,9.11,424.0,24.5
2023-03-05 21:30:00,8.64,424.0,24.5
2023-03-05 21:35:00,8.995000000000001,424.0,24.5
2023-03-05 21:40:00,9.344999999999999,429.0,24.5
2023-03-05 21:45:00,8.295,429.0,24.5
2023-03-05 21:50:00,8.78,424.0,24.5
2023-03-05 21:55:00,8.7,429.0,24.44
2023-03-05 22:00:00,8.555,424.0,24.44
2023-03-05 22:05:00,8.6,424.0,24.44
2023-03-05 22:10:00,8.81,424.0,24.44
2023-03-05 22:15:00,8.76,424.0,24.44
2023-03-05 22:20:00,8.59,429.0,24.44
2023-03-05 22:25:00,8.77,424.0,24.44
2023-03-05 22:30:00,8.655000000000001,424.0,24.44
2023-03-05 22:35:00,8.51,429.0,24.38
2023-03-05 22:40:00,8.575,424.0,24.38
2023-03-05 22:45:00,8.51,424.0,24.38
2023-03-05 22:50:00,8.41,424.0,24.38
2023-03-05 22:55:00,8.37,424.0,24.31
2023-03-05 23:00:00,8.42,424.0,24.31
2023-03-05 23:05:00,8.504999999999999,424.0,24.31
2023-03-05 23:10:00,8.13,424.0,24.31
2023-03-05 23:15:00,8.365,424.0,24.31
2023-03-05 23:20:00,8.49,424.0,24.31
2023-03-05 23:25:00,8.335,405.0,24.25
2023-03-05 23:30:00,8.735,408.0,24.25
2023-03-05 23:35:00,8.51,412.0,24.25
2023-03-05 23:40:00,8.405000000000001,415.0,24.25
2023-03-05 23:45:00,8.175,415.0,24.25
2023-03-05 23:50:00,8.08,415.0,24.25
2023-03-05 23:55:00,8.184999999999999,413.0,24.19
2023-03-06 00:00:00,8.13,415.0,24.19
2023-03-06 00:05:00,7.97,415.0,24.19
2023-03-06 00:10:00,8.625,413.0,24.19
2023-03-06 00:15:00,8.035,415.0,24.19
2023-03-06 00:20:00,8.11,415.0,24.19
2023-03-06 00:25:00,8.21,413.0,24.13
2023-03-06 00:30:00,8.52,413.0,24.13
2023-03-06 00:35:00,8.01,413.0,24.13
2023-03-06 00:40:00,7.9,415.0,24.13
2023-03-06 00:45:00,8.344999999999999,415.0,24.13
2023-03-06 00:50:00,8.274999999999999,415.0,24.13
2023-03-06 00:55:00,7.77,415.0,24.13
2023-03-06 01:00:00,8.06,415.0,24.13
2023-03-06 01:05:00,8.364999999999998,415.0,24.06
2023-03-06 01:10:00,8.14,415.0,24.06
2023-03-06 01:15:00,8.265,415.0,24.06
2023-03-06 01:20:00,8.145,415.0,24.06
2023-03-06 01:25:00,7.995,415.0,24.06
2023-03-06 01:30:00,7.994999999999999,415.0,24.06
2023-03-06 01:35:00,8.11,415.0,24.0
2023-03-06 01:40:00,8.05,415.0,24.0
2023-03-06 01:45:00,8.2,415.0,24.0
2023-03-06 01:50:00,8.07,415.0,24.0
2023-03-06 01:55:00,8.265,418.0,24.0
2023-03-06 02:00:00,7.84,415.0,24.0
2023-03-06 02:05:00,8.04,415.0,23.94
2023-03-06 02:10:00,7.97,418.0,23.94
2023-03-06 02:15:00,8.145,418.0,23.94
2023-03-06 02:20:00,8.16,415.0,23.94
2023-03-06 02:25:00,7.73,418.0,23.94
2023-03-06 02:30:00,8.06,415.0,23.94
2023-03-06 02:35:00,7.98,415.0,23.94
2023-03-06 02:40:00,7.86,415.0,23.88
2023-03-06 02:45:00,7.65,418.0,23.88
2023-03-06 02:50:00,7.69,418.0,23.88
2023-03-06 02:55:00,7.91,415.0,23.88
2023-03-06 03:00:00,7.46,418.0,23.88
2023-03-06 03:05:00,7.735,415.0,23.88
2023-03-06 03:10:00,8.0,415.0,23.88
2023-03-06 03:15:00,7.85,415.0,23.81
2023-03-06 03:20:00,8.17,415.0,23.81
2023-03-06 03:25:00,8.0,418.0,23.81
2023-03-06 03:30:00,7.91,418.0,23.81
2023-03-06 03:35:00,8.05,418.0,23.81
2023-03-06 03:40:00,7.98,418.0,23.81
2023-03-06 03:45:00,8.03,418.0,23.75
2023-03-06 03:50:00,7.984999999999999,418.0,23.75
2023-03-06 03:55:00,8.075,418.0,23.75
2023-03-06 04:00:00,8.4,418.0,23.75
2023-03-06 04:05:00,8.41,418.0,23.75
2023-03-06 04:10:00,8.44,418.0,23.69
2023-03-06 04:15:00,8.16,418.0,23.69
2023-03-06 04:20:00,8.28,418.0,23.69
2023-03-06 04:25:00,8.205,418.0,23.69
2023-03-06 04:30:00,8.145,418.0,23.69
2023-03-06 04:35:00,8.245000000000001,418.0,23.69
2023-03-06 04:40:00,8.015,416.0,23.69
2023-03-06 04:45:00,8.14,416.0,23.69
2023-03-06 04:50:00,7.99,416.0,23.63
2023-03-06 04:55:00,7.890000000000001,416.0,23.63
2023-03-06 05:00:00,7.91,418.0,23.63
2023-03-06 05:05:00,7.9,418.0,23.63
2023-03-06 05:10:00,7.875,418.0,23.63
2023-03-06 05:15:00,7.52,418.0,23.63
2023-03-06 05:20:00,7.945,418.0,23.56
2023-03-06 05:25:00,8.01,418.0,23.56
2023-03-06 05:30:00,8.11,418.0,23.56
2023-03-06 05:35:00,8.030000000000001,418.0,23.56
2023-03-06 05:40:00,7.85,418.0,23.56
2023-03-06 05:45:00,7.85,418.0,23.56
2023-03-06 05:50:00,7.65,418.0,23.56
2023-03-06 05:55:00,8.015,418.0,23.56
2023-03-06 06:00:00,8.01,418.0,23.5
2023-03-06 06:05:00,7.855,418.0,23.5
2023-03-06 06:10:00,7.8,418.0,23.5
2023-03-06 06:15:00,7.8,418.0,23.5
2023-03-06 06:20:00,7.97,418.0,23.5
2023-03-06 06:25:00,8.01,421.0,23.5
2023-03-06 06:30:00,7.71,421.0,23.5
2023-03-06 06:35:00,7.84,418.0,23.5
2023-03-06 06:40:00,7.71,418.0,23.5
2023-03-06 06:45:00,7.890000000000001,416.0,23.5
2023-03-06 06:50:00,7.71,418.0,23.5
2023-03-06 06:55:00,7.575,421.0,23.5
2023-03-06 07:00:00,7.74,418.0,23.5
2023-03-06 07:05:00,7.845,421.0,23.5
2023-03-06 07:10:00,7.41,421.0,23.5
2023-03-06 07:15:00,7.56,438.0,23.5
2023-03-06 07:20:00,7.59,438.0,23.5
2023-03-06 07:25:00,7.59,438.0,23.5
2023-03-06 07:30:00,7.49,438.0,23.5
2023-03-06 07:35:00,7.87,440.0,23.5
2023-03-06 07:40:00,7.91,438.0,23.5
2023-03-06 07:45:00,7.91,435.0,23.5
2023-03-06 07:50:00,7.605,438.0,23.56
2023-03-06 07:55:00,7.59,438.0,23.56
2023-03-06 08:00:00,7.4,438.0,23.56
2023-03-06 08:05:00,8.01,440.0,23.56
2023-03-06 08:10:00,8.07,440.0,23.56
2023-03-06 08:15:00,7.47,438.0,23.63
2023-03-06 08:20:00,7.49,440.0,23.63
2023-03-06 08:25:00,7.525,439.0,23.63
2023-03-06 08:30:00,7.675000000000001,438.0,23.63
2023-03-06 08:35:00,7.42,437.0,23.69
2023-03-06 08:40:00,7.44,445.0,23.69
2023-03-06 08:45:00,7.18,492.0,23.69
2023-03-06 08:50:00,6.96,492.0,23.69
2023-03-06 08:55:00,6.72,492.0,23.69
2023-03-06 09:00:00,6.73,491.0,23.75
2023-03-06 09:05:00,6.74,486.0,23.75
2023-03-06 09:10:00,7.0,491.0,23.81
2023-03-06 09:15:00,6.835,483.0,23.81
2023-03-06 09:20:00,6.74,483.0,23.88
2023-03-06 09:25:00,6.895,480.0,23.88
2023-03-06 09:30:00,6.88,480.0,23.88
2023-03-06 09:35:00,6.78,480.0,23.94
2023-03-06 09:40:00,6.465,480.0,23.94
2023-03-06 09:45:00,6.38,478.0,23.94
2023-03-06 09:50:00,6.675,480.0,23.94
2023-03-06 09:55:00,6.81,478.0,24.0
2023-03-06 10:00:00,6.25,478.0,24.0
2023-03-06 10:05:00,6.9399999999999995,481.5,24.0
2023-03-06 10:10:00,6.49,480.0,24.0
2023-03-06 10:15:00,6.73,485.5,24.06
2023-03-06 10:20:00,6.56,485.0,24.06
2023-03-06 10:25:00,6.39,480.0,24.06
2023-03-06 10:30:00,6.02,483.0,24.06
2023-03-06 10:35:00,6.51,483.0,24.13
2023-03-06 10:40:00,6.81,482.0,24.13
2023-03-06 10:45:00,5.68,482.0,24.13
2023-03-06 10:50:00,6.61,475.0,24.19
2023-03-06 10:55:00,6.46,477.0,24.19
2023-03-06 11:00:00,6.09,477.0,24.25
2023-03-06 11:05:00,6.6850000000000005,475.5,24.25
2023-03-06 11:10:00,6.485,474.0,24.28
2023-03-06 11:15:00,6.62,474.0,24.31
2023-03-06 11:20:00,6.56,477.0,24.31
2023-03-06 11:25:00,6.385,474.0,24.31
2023-03-06 11:30:00,6.345000000000001,472.0,24.38
2023-03-06 11:35:00,6.595,473.0,24.38
2023-03-06 11:40:00,6.535,474.0,24.38
2023-03-06 11:45:00,6.225,469.0,24.44
2023-03-06 11:50:00,6.29,469.0,24.44
2023-03-06 11:55:00,6.3,469.0,24.44
2023-03-06 12:00:00,6.04,467.5,24.5
2023-03-06 12:05:00,6.18,831.5,24.5
2023-03-06 12:10:00,6.21,469.0,24.56
2023-03-06 12:15:00,6.2,466.0,24.63
2023-03-06 12:20:00,6.21,466.0,24.63
2023-03-06 12:25:00,6.12,468.0,24.63
2023-03-06 12:30:00,6.2,469.5,24.66
2023-03-06 12:35:00,6.125,839.0,24.69
2023-03-06 12:40:00,6.130000000000001,467.0,24.69
2023-03-06 12:45:00,5.77,467.0,24.69
2023-03-06 12:50:00,5.960000000000001,468.0,24.75
2023-03-06 12:55:00,5.93,471.0,24.75
2023-03-06 13:00:00,6.025,471.0,24.81
2023-03-06 13:05:00,6.045,478.5,24.81
2023-03-06 13:10:00,5.7,471.0,24.845
2023-03-06 13:15:00,5.875,472.0,24.88
2023-03-06 13:20:00,5.92,473.0,24.94
2023-03-06 13:25:00,5.81,489.0,24.94
2023-03-06 13:30:00,5.9,484.0,24.94
2023-03-06 13:35:00,5.885,478.0,25.0
2023-03-06 13:40:00,5.805,478.0,25.0
2023-03-06 13:45:00,5.84,483.0,25.0
2023-03-06 13:50:00,5.859999999999999,491.5,25.06
2023-03-06 13:55:00,5.74,483.0,25.06
2023-03-06 14:00:00,5.7,483.0,25.13
2023-03-06 14:05:00,5.8,478.0,25.13
2023-03-06 14:10:00,5.74,478.0,25.13
2023-03-06 14:15:00,5.785,483.0,25.19
2023-03-06 14:20:00,5.745,485.5,25.19
2023-03-06 14:25:00,5.78,488.0,25.19
2023-03-06 14:30:00,5.76,483.0,25.25
2023-03-06 14:35:00,5.8,483.0,25.25
2023-03-06 14:40:00,5.76,488.0,25.25
2023-03-06 14:45:00,5.665,865.5,25.25
2023-03-06 14:50:00,5.72,483.0,25.25
2023-03-06 14:55:00,5.635,485.5,25.28
2023-03-06 15:00:00,5.61,496.0,25.31
2023-03-06 15:05:00,5.695,488.0,25.31
2023-03-06 15:10:00,5.705,488.0,25.31
2023-03-06 15:15:00,5.5600000000000005,492.0,25.345
2023-03-06 15:20:00,5.66,1276.0,25.31
2023-03-06 15:25:00,5.69,488.0,25.31
2023-03-06 15:30:00,5.68,493.0,25.38
2023-03-06 15:35:00,5.71,493.0,25.38
2023-03-06 15:40:00,5.6,491.0,25.38
2023-03-06 15:45:00,5.645,488.0,25.38
2023-03-06 15:50:00,5.62,491.0,25.38
2023-03-06 15:55:00,5.64,491.0,25.38
2023-03-06 16:00:00,5.67,491.0,25.38
2023-03-06 16:05:00,5.65,493.0,25.38
2023-03-06 16:10:00,5.65,493.0,25.38
2023-03-06 16:15:00,5.63,496.0,25.38
2023-03-06 16:20:00,5.62,493.0,25.38
2023-03-06 16:25:00,5.65,493.0,25.38
2023-03-06 16:30:00,5.64,493.0,25.38
2023-03-06 16:35:00,5.63,496.0,25.38
2023-03-06 16:40:00,5.62,496.0,25.38
2023-03-06 16:45:00,5.645,493.0,25.44
2023-03-06 16:50:00,5.62,496.0,25.44
2023-03-06 16:55:00,5.63,496.0,25.44
2023-03-06 17:00:00,5.605,496.0,25.44
2023-03-06 17:05:00,5.59,501.0,25.44
2023-03-06 17:10:00,5.59,496.0,25.44
2023-03-06 17:15:00,5.59,499.0,25.44
2023-03-06 17:20:00,5.595,496.0,25.44
2023-03-06 17:25:00,5.605,499.0,25.44
2023-03-06 17:30:00,5.56,499.0,25.44
2023-03-06 17:35:00,5.58,499.0,25.44
2023-03-06 17:40:00,5.59,499.0,25.44
2023-03-06 17:45:00,5.55,496.0,25.44
2023-03-06 17:50:00,5.58,499.0,25.44
2023-03-06 17:55:00,5.57,499.0,25.44
2023-03-06 18:00:00,5.58,499.0,25.44
2023-03-06 18:05:00,5.61,499.0,25.44
2023-03-06 18:10:00,5.58,501.0,25.44
2023-03-06 18:15:00,5.585,499.0,25.44
2023-03-06 18:20:00,5.57,499.0,25.44
2023-03-06 18:25:00,5.555,499.0,25.44
2023-03-06 18:30:00,5.535,499.0,25.44
2023-03-06 18:35:00,5.575,499.0,25.44
2023-03-06 18:40:00,5.57,499.0,25.44
2023-03-06 18:45:00,5.55,501.0,25.44
2023-03-06 18:50:00,5.5649999999999995,499.0,25.44
2023-03-06 18:55:00,5.57,499.0,25.44
2023-03-06 19:00:00,5.605,499.0,25.41
2023-03-06 19:05:00,5.5649999999999995,497.5,25.38
2023-03-06 19:10:00,5.555,499.0,25.44
2023-03-06 19:15:00,5.55,501.0,25.44
2023-03-06 19:20:00,5.55,502.0,25.44
2023-03-06 19:25:00,5.56,504.0,25.38
2023-03-06 19:30:00,5.54,505.5,25.38
2023-03-06 19:35:00,5.545,504.0,25.38
2023-03-06 19:40:00,5.57,911.5,25.38
2023-03-06 19:45:00,5.54,504.0,25.38
2023-03-06 19:50:00,5.56,504.0,25.38
2023-03-06 19:55:00,5.53,507.0,25.38
2023-03-06 20:00:00,5.58,507.0,25.38
2023-03-06 20:05:00,5.52,504.0,25.38
2023-03-06 20:10:00,5.545,503.0,25.38
2023-03-06 20:15:00,5.55,504.0,25.38
2023-03-06 20:20:00,5.55,1352.0,25.38
2023-03-06 20:25:00,5.54,499.0,25.31
2023-03-06 20:30:00,5.59,502.0,25.31
2023-03-06 20:35:00,5.56,499.0,25.31
2023-03-06 20:40:00,5.56,499.0,25.31
2023-03-06 20:45:00,5.545,496.0,25.31
2023-03-06 20:50:00,5.555,496.0,25.31
2023-03-06 20:55:00,5.58,496.0,25.31
2023-03-06 21:00:00,5.57,494.0,25.31
2023-03-06 21:05:00,5.57,491.0,25.31
2023-03-06 21:10:00,5.58,494.0,25.25
2023-03-06 21:15:00,5.56,491.0,25.25
2023-03-06 21:20:00,5.55,491.0,25.25
2023-03-06 21:25:00,5.57,491.0,25.25
2023-03-06 21:30:00,5.59,491.0,25.25
2023-03-06 21:35:00,5.62,491.0,25.25
2023-03-06 21:40:00,5.57,491.0,25.25
2023-03-06 21:45:00,5.54,491.0,25.25
2023-03-06 21:50:00,5.54,491.0,25.25
2023-03-06 21:55:00,5.5649999999999995,488.0,25.25
2023-03-06 22:00:00,5.58,491.0,25.25
2023-03-06 22:05:00,5.55,488.0,25.25
2023-03-06 22:10:00,5.5649999999999995,488.0,25.25
2023-03-06 22:15:00,5.58,488.0,25.25
2023-03-06 22:20:00,5.55,491.0,25.25
2023-03-06 22:25:00,5.56,488.0,25.25
2023-03-06 22:30:00,5.55,491.0,25.25
2023-03-06 22:35:00,5.555,488.0,25.19
2023-03-06 22:40:00,5.58,491.0,25.19
2023-03-06 22:45:00,5.545,489.5,25.19
2023-03-06 22:50:00,5.535,488.0,25.19
2023-03-06 22:55:00,5.53,488.0,25.19
2023-03-06 23:00:00,5.574999999999999,488.0,25.19
2023-03-06 23:05:00,5.555,489.5,25.19
2023-03-06 23:10:00,5.54,485.5,25.19
2023-03-06 23:15:00,5.55,488.0,25.19
2023-03-06 23:20:00,5.55,483.0,25.19
2023-03-06 23:25:00,5.58,488.0,25.13
2023-03-06 23:30:00,5.535,489.0,25.13
2023-03-06 23:35:00,5.56,489.0,25.13
2023-03-06 23:40:00,5.545,483.0,25.13
2023-03-06 23:45:00,5.57,489.0,25.13
2023-03-06 23:50:00,5.545,489.0,25.13
2023-03-06 23:55:00,5.55,489.0,25.13
2023-03-07 00:00:00,5.57,491.0,25.06
2023-03-07 00:05:00,5.53,491.0,25.06
2023-03-07 00:10:00,5.555,490.0,25.06
2023-03-07 00:15:00,5.53,489.0,25.06
2023-03-07 00:20:00,5.52,489.0,25.06
2023-03-07 00:25:00,5.56,491.0,25.06
2023-03-07 00:30:00,5.55,489.0,25.06
2023-03-07 00:35:00,5.56,489.0,25.0
2023-03-07 00:40:00,5.52,490.0,25.0
2023-03-07 00:45:00,5.56,492.0,25.0
2023-03-07 00:50:00,5.545,489.0,25.0
2023-03-07 00:55:00,5.58,490.5,25.0
2023-03-07 01:00:00,5.55,492.0,25.0
2023-03-07 01:05:00,5.56,492.0,25.0
2023-03-07 01:10:00,5.545,492.0,24.94
2023-03-07 01:15:00,5.57,492.0,24.94
2023-03-07 01:20:00,5.54,494.0,24.94
2023-03-07 01:25:00,5.54,494.0,24.94
2023-03-07 01:30:00,5.53,492.0,24.94
2023-03-07 01:35:00,5.52,494.0,24.94
2023-03-07 01:40:00,5.54,492.0,24.94
2023-03-07 01:45:00,5.535,494.0,24.94
2023-03-07 01:50:00,5.545,495.5,24.94
2023-03-07 01:55:00,5.52,494.0,24.88
2023-03-07 02:00:00,5.535,493.0,24.88
2023-03-07 02:05:00,5.55,495.5,24.88
2023-03-07 02:10:00,5.55,492.0,24.88
2023-03-07 02:15:00,5.53,497.0,24.88
2023-03-07 02:20:00,5.52,500.0,24.88
2023-03-07 02:25:00,5.529999999999999,497.0,24.81
2023-03-07 02:30:00,5.53,497.0,24.81
2023-03-07 02:35:00,5.555,496.0,24.81
2023-03-07 02:40:00,5.52,497.0,24.81
2023-03-07 02:45:00,5.52,495.0,24.81
2023-03-07 02:50:00,5.545,496.0,24.81
2023-03-07 02:55:00,5.52,500.0,24.75
2023-03-07 03:00:00,5.52,498.5,24.75
2023-03-07 03:05:00,5.53,500.0,24.75
2023-03-07 03:10:00,5.59,495.0,24.75
2023-03-07 03:15:00,5.56,495.0,24.75
2023-03-07 03:20:00,5.529999999999999,496.0,24.75
2023-03-07 03:25:00,5.52,500.0,24.69
2023-03-07 03:30:00,,,
2023-03-07 03:35:00,5.51,498.0,24.69
2023-03-07 03:40:00,5.59,500.0,24.69
2023-03-07 03:45:00,,,
2023-03-07 03:50:00,5.52,500.0,24.69
2023-03-07 03:55:00,5.515,495.0,24.66
2023-03-07 04:00:00,5.51,499.0,24.63
2023-03-07 04:05:00,5.54,498.0,24.63
2023-03-07 04:10:00,5.51,500.0,24.63
2023-03-07 04:15:00,,,
2023-03-07 04:20:00,5.53,500.0,24.63
2023-03-07 04:25:00,5.51,495.0,24.56
2023-03-07 04:30:00,5.54,497.5,24.56
2023-03-07 04:35:00,,,
2023-03-07 04:40:00,5.539999999999999,501.0,24.56
2023-03-07 04:45:00,5.535,499.5,24.56
2023-03-07 04:50:00,5.52,498.0,24.56
2023-03-07 04:55:00,,,
2023-03-07 05:00:00,5.535,503.0,24.53
2023-03-07 05:05:00,,,
2023-03-07 05:10:00,,,
2023-03-07 05:15:00,,,
2023-03-07 05:20:00,,,
2023-03-07 05:25:00,,,
2023-03-07 05:30:00,,,
2023-03-07 05:35:00,5.56,515.0,24.44
2023-03-07 05:40:00,,,
2023-03-07 05:45:00,,,
2023-03-07 05:50:00,,,
2023-03-07 05:55:00,,,
2023-03-07 06:00:00,,,
2023-03-07 06:05:00,,,
2023-03-07 06:10:00,,,
2023-03-07 06:15:00,,,
2023-03-07 06:20:00,,,
2023-03-07 06:25:00,,,
2023-03-07 06:30:00,,,
2023-03-07 06:35:00,5.55,518.0,24.38
2023-03-07 06:40:00,,,
2023-03-07 06:45:00,,,
2023-03-07 06:50:00,,,
2023-03-07 06:55:00,5.51,524.0,24.38
2023-03-07 07:00:00,,,
2023-03-07 07:05:00,,,
2023-03-07 07:10:00,,,
2023-03-07 07:15:00,5.55,529.0,24.31
2023-03-07 07:20:00,5.52,532.0,24.31
2023-03-07 07:25:00,,,
2023-03-07 07:30:00,,,
2023-03-07 07:35:00,5.52,526.0,24.38
2023-03-07 07:40:00,5.555,527.5,24.44
2023-03-07 07:45:00,5.57,518.0,24.44
2023-03-07 07:50:00,5.59,516.5,24.44
2023-03-07 07:55:00,5.625,523.0,24.44
2023-03-07 08:00:00,5.66,523.0,24.44
2023-03-07 08:05:00,5.645,520.5,24.44
2023-03-07 08:10:00,5.64,518.0,24.44
2023-03-07 08:15:00,5.64,523.0,24.44
2023-03-07 08:20:00,5.67,517.0,24.44
2023-03-07 08:25:00,5.66,523.0,24.5
2023-03-07 08:30:00,5.65,517.0,24.5
2023-03-07 08:35:00,5.705,517.0,24.5
2023-03-07 08:40:00,5.72,523.0,24.53
2023-03-07 08:45:00,5.73,523.0,24.56
2023-03-07 08:50:00,5.74,523.0,24.56
2023-03-07 08:55:00,5.7,523.0,24.56
2023-03-07 09:00:00,5.73,523.0,24.56
2023-03-07 09:05:00,5.725,520.0,24.63
2023-03-07 09:10:00,5.73,515.5,24.63
2023-03-07 09:15:00,5.74,517.0,24.69
2023-03-07 09:20:00,5.6850000000000005,515.5,24.72
2023-03-07 09:25:00,5.72,514.0,24.75
2023-03-07 09:30:00,5.72,511.0,24.75
2023-03-07 09:35:00,5.72,511.0,24.81
2023-03-07 09:40:00,5.74,511.0,24.81
2023-03-07 09:45:00,5.69,514.0,24.81
2023-03-07 09:50:00,5.74,511.0,24.88
2023-03-07 09:55:00,5.675,508.0,24.94
2023-03-07 10:00:00,5.755,508.0,24.94
2023-03-07 10:05:00,5.83,508.0,24.94
2023-03-07 10:10:00,5.82,514.0,25.0
2023-03-07 10:15:00,5.92,508.0,25.0
2023-03-07 10:20:00,5.970000000000001,511.0,25.06
2023-03-07 10:25:00,6.1,510.5,25.06
2023-03-07 10:30:00,6.16,510.0,25.13
2023-03-07 10:35:00,6.03,512.0,25.13
2023-03-07 10:40:00,6.07,510.0,25.13
2023-03-07 10:45:00,6.025,510.0,25.19
2023-03-07 10:50:00,6.13,510.0,25.19
2023-03-07 10:55:00,6.03,510.0,25.25
2023-03-07 11:00:00,6.05,510.0,25.25
2023-03-07 11:05:00,5.95,513.0,25.31
2023-03-07 11:10:00,6.0,510.0,25.31
2023-03-07 11:15:00,5.965,513.0,25.31
2023-03-07 11:20:00,5.76,507.0,25.38
2023-03-07 11:25:00,5.85,510.0,25.38
2023-03-07 11:30:00,6.03,513.0,25.44
2023-03-07 11:35:00,5.77,510.0,25.5
2023-03-07 11:40:00,5.84,513.0,25.5
2023-03-07 11:45:00,5.89,509.5,25.5
2023-03-07 11:50:00,5.85,509.0,25.56
2023-03-07 11:55:00,5.890000000000001,509.0,25.63
2023-03-07 12:00:00,5.89,512.0,25.63
2023-03-07 12:05:00,6.01,512.0,25.63
2023-03-07 12:10:00,5.970000000000001,508.0,25.66
2023-03-07 12:15:00,5.88,509.0,25.69
2023-03-07 12:20:00,5.86,509.0,25.75
2023-03-07 12:25:00,6.05,510.5,25.75
2023-03-07 12:30:00,5.865,509.0,25.81
2023-03-07 12:35:00,5.915,509.0,25.845
2023-03-07 12:40:00,6.01,512.0,25.88
2023-03-07 12:45:00,6.05,512.0,25.88
2023-03-07 12:50:00,5.994999999999999,509.0,25.94
2023-03-07 12:55:00,6.05,508.5,25.97
2023-03-07 13:00:00,5.965,507.0,26.0
2023-03-07 13:05:00,6.06,506.0,26.06
2023-03-07 13:10:00,6.055,511.0,26.06
2023-03-07 13:15:00,6.04,511.0,26.06
2023-03-07 13:20:00,6.05,511.0,26.13
2023-03-07 13:25:00,6.02,514.0,26.13
2023-03-07 13:30:00,5.98,501.5,26.16
2023-03-07 13:35:00,6.13,505.0,26.19
2023-03-07 13:40:00,6.045,509.5,26.19
2023-03-07 13:45:00,5.79,505.0,26.19
2023-03-07 13:50:00,,,
2023-03-07 13:55:00,6.13,1323.0,26.25
2023-03-07 14:00:00,,,
2023-03-07 14:05:00,,,
2023-03-07 14:10:00,6.045,506.5,26.31
2023-03-07 14:15:00,6.16,511.0,26.31
2023-03-07 14:20:00,5.78,508.0,26.31
2023-03-07 14:25:00,5.82,519.0,26.31
2023-03-07 14:30:00,6.17,516.0,26.31
2023-03-07 14:35:00,6.1,508.0,26.31
2023-03-07 14:40:00,6.125,504.5,26.38
2023-03-07 14:45:00,5.984999999999999,510.0,26.38
2023-03-07 14:50:00,6.1850000000000005,508.0,26.38
2023-03-07 14:55:00,6.18,510.0,26.38
2023-03-07 15:00:00,6.11,510.0,26.38
2023-03-07 15:05:00,5.97,513.0,26.38
2023-03-07 15:10:00,6.125,510.0,26.38
2023-03-07 15:15:00,6.175,510.0,26.44
2023-03-07 15:20:00,6.02,507.0,26.44
2023-03-07 15:25:00,6.16,508.5,26.44
2023-03-07 15:30:00,6.09,510.0,26.44
2023-03-07 15:35:00,6.1,510.0,26.44
2023-03-07 15:40:00,6.17,510.0,26.5
2023-03-07 15:45:00,6.195,510.0,26.5
2023-03-07 15:50:00,6.205,510.0,26.5
2023-03-07 15:55:00,6.055,513.0,26.5
2023-03-07 16:00:00,6.21,510.0,26.5
2023-03-07 16:05:00,6.23,513.0,26.5
2023-03-07 16:10:00,6.21,513.0,26.5
2023-03-07 16:15:00,6.1850000000000005,513.0,26.5
2023-03-07 16:20:00,6.24,518.0,26.5
2023-03-07 16:25:00,6.2,518.0,26.56
2023-03-07 16:30:00,6.1899999999999995,518.5,26.56
2023-03-07 16:35:00,6.15,518.0,26.56
2023-03-07 16:40:00,6.17,518.0,26.56
2023-03-07 16:45:00,6.25,521.0,26.56
2023-03-07 16:50:00,6.15,521.0,26.56
2023-03-07 16:55:00,6.23,521.0,26.56
2023-03-07 17:00:00,6.2,521.0,26.56
2023-03-07 17:05:00,6.125,524.0,26.56
2023-03-07 17:10:00,5.985,524.0,26.56
2023-03-07 17:15:00,6.18,527.0,26.56
2023-03-07 17:20:00,6.0600000000000005,532.0,26.56
2023-03-07 17:25:00,6.15,535.0,26.56
2023-03-07 17:30:00,6.0649999999999995,535.0,26.56
2023-03-07 17:35:00,6.0649999999999995,538.0,26.63
2023-03-07 17:40:00,6.03,538.0,26.63
2023-03-07 17:45:00,6.07,547.0,26.63
2023-03-07 17:50:00,6.135,562.0,26.63
2023-03-07 17:55:00,6.125,553.0,26.63
2023-03-07 18:00:00,6.17,541.0,26.63
2023-03-07 18:05:00,6.19,538.0,26.63
2023-03-07 18:10:00,6.12,535.0,26.63
2023-03-07 18:15:00,6.2,538.0,26.63
2023-03-07 18:20:00,6.11,538.0,26.63
2023-03-07 18:25:00,6.16,538.0,26.63
2023-03-07 18:30:00,6.16,538.0,26.63
2023-03-07 18:35:00,6.075,541.0,26.63
2023-03-07 18:40:00,6.06,542.5,26.63
2023-03-07 18:45:00,5.92,544.0,26.63
2023-03-07 18:50:00,6.03,544.0,26.63
2023-03-07 18:55:00,5.99,544.0,26.63
2023-03-07 19:00:00,5.9350000000000005,544.0,26.63
2023-03-07 19:05:00,5.9,544.0,26.63
2023-03-07 19:10:00,5.97,547.0,26.63
2023-03-07 19:15:00,5.94,544.0,26.63
2023-03-07 19:20:00,5.92,553.0,26.63
2023-03-07 19:25:00,5.93,547.0,26.63
2023-03-07 19:30:00,5.945,553.0,26.63
2023-03-07 19:35:00,5.8,571.0,26.63
2023-03-07 19:40:00,5.88,563.5,26.63
2023-03-07 19:45:00,5.9,559.0,26.63
2023-03-07 19:50:00,5.94,556.0,26.63
2023-03-07 19:55:00,5.81,577.0,26.56
2023-03-07 20:00:00,5.87,565.0,26.56
2023-03-07 20:05:00,5.91,562.0,26.56
2023-03-07 20:10:00,5.92,547.0,26.56
2023-03-07 20:15:00,5.92,547.0,26.56
2023-03-07 20:20:00,5.9,553.0,26.56
2023-03-07 20:25:00,5.91,553.0,26.56
2023-03-07 20:30:00,5.94,553.0,26.56
2023-03-07 20:35:00,5.92,547.0,26.5
2023-03-07 20:40:00,5.93,545.5,26.5
2023-03-07 20:45:00,6.0,547.0,26.5
2023-03-07 20:50:00,5.925,547.0,26.5
2023-03-07 20:55:00,6.035,541.0,26.5
2023-03-07 21:00:00,6.06,544.0,26.5
2023-03-07 21:05:00,6.045,544.0,26.5
2023-03-07 21:10:00,6.12,547.0,26.44
2023-03-07 21:15:00,6.02,547.0,26.44
2023-03-07 21:20:00,6.1,547.0,26.44
2023-03-07 21:25:00,6.15,547.0,26.44
2023-03-07 21:30:00,6.18,547.0,26.44
2023-03-07 21:35:00,6.14,553.0,26.44
2023-03-07 21:40:00,6.28,545.0,26.38
2023-03-07 21:45:00,6.19,545.0,26.38
2023-03-07 21:50:00,6.3,545.0,26.38
2023-03-07 21:55:00,6.36,548.0,26.38
2023-03-07 22:00:00,6.359999999999999,546.5,26.38
2023-03-07 22:05:00,6.23,542.0,26.38
2023-03-07 22:10:00,6.18,542.0,26.31
2023-03-07 22:15:00,6.235,542.0,26.31
2023-03-07 22:20:00,6.45,539.0,26.31
2023-03-07 22:25:00,6.45,539.0,26.31
2023-03-07 22:30:00,6.345,539.0,26.31
2023-03-07 22:35:00,6.545,542.0,26.31
2023-03-07 22:40:00,6.45,542.0,26.31
2023-03-07 22:45:00,6.02,539.0,26.31
2023-03-07 22:50:00,6.300000000000001,539.0,26.25
2023-03-07 22:55:00,6.5,539.0,26.25
2023-03-07 23:00:00,6.655,539.0,26.25
2023-03-07 23:05:00,6.324999999999999,539.0,26.25
2023-03-07 23:10:00,6.5,539.0,26.25
2023-03-07 23:15:00,6.615,539.0,26.25
2023-03-07 23:20:00,6.43,539.0,26.19
2023-03-07 23:25:00,6.41,542.0,26.19
2023-03-07 23:30:00,6.02,545.0,26.19
2023-03-07 23:35:00,6.58,545.0,26.19
2023-03-07 23:40:00,6.485,531.0,26.19
2023-03-07 23:45:00,6.49,528.0,26.19
2023-03-07 23:50:00,6.53,528.0,26.19
2023-03-07 23:55:00,6.37,528.0,26.13
2023-03-08 00:00:00,6.465,532.0,26.13
2023-03-08 00:05:00,6.6,531.0,26.13
2023-03-08 00:10:00,6.5,534.0,26.13
2023-03-08 00:15:00,6.5600000000000005,531.0,26.13
2023-03-08 00:20:00,6.405,534.0,26.13
2023-03-08 00:25:00,6.29,537.0,26.06
2023-03-08 00:30:00,6.66,540.0,26.06
2023-03-08 00:35:00,6.85,548.0,26.06
2023-03-08 00:40:00,6.630000000000001,545.0,26.06
2023-03-08 00:45:00,6.715,548.0,26.06
2023-03-08 00:50:00,6.66,545.0,26.06
2023-03-08 00:55:00,6.855,545.0,26.0
2023-03-08 01:00:00,6.59,543.0,26.0
2023-03-08 01:05:00,6.775,540.0,26.0
2023-03-08 01:10:00,6.85,540.0,26.0
2023-03-08 01:15:00,7.105,540.0,26.0
2023-03-08 01:20:00,6.41,540.0,26.0
2023-03-08 01:25:00,6.8,543.0,25.94
2023-03-08 01:30:00,6.79,543.0,25.94
2023-03-08 01:35:00,6.66,546.0,25.94
2023-03-08 01:40:00,6.9399999999999995,543.0,25.94
2023-03-08 01:45:00,6.54,543.0,25.94
2023-03-08 01:50:00,6.67,549.0,25.94
2023-03-08 01:55:00,6.985,543.0,25.88
2023-03-08 02:00:00,6.8100000000000005,543.0,25.88
2023-03-08 02:05:00,6.835,540.0,25.88
2023-03-08 02:10:00,6.62,540.0,25.88
2023-03-08 02:15:00,6.6,543.0,25.88
2023-03-08 02:20:00,6.56,555.0,25.88
2023-03-08 02:25:00,6.9,549.0,25.88
2023-03-08 02:30:00,6.8,546.0,25.81
2023-03-08 02:35:00,6.755,546.0,25.81
2023-03-08 02:40:00,6.68,546.0,25.81
2023-03-08 02:45:00,7.13,543.0,25.81
2023-03-08 02:50:00,6.83,549.0,25.81
2023-03-08 02:55:00,6.61,549.0,25.75
2023-03-08 03:00:00,6.745,555.0,25.75
2023-03-08 03:05:00,7.04,546.0,25.75
2023-03-08 03:10:00,6.85,543.0,25.75
2023-03-08 03:15:00,7.095,549.0,25.75
2023-03-08 03:20:00,6.77,549.0,25.75
2023-03-08 03:25:00,7.05,555.0,25.75
2023-03-08 03:30:00,6.75,564.0,25.69
2023-03-08 03:35:00,6.595000000000001,567.0,25.69
2023-03-08 03:40:00,7.005,570.0,25.69
2023-03-08 03:45:00,7.09,567.0,25.69
2023-03-08 03:50:00,6.945,549.0,25.69
2023-03-08 03:55:00,7.115,549.0,25.63
2023-03-08 04:00:00,6.44,549.0,25.63
2023-03-08 04:05:00,6.135,538.0,25.63
2023-03-08 04:10:00,5.94,535.0,25.63
2023-03-08 04:15:00,5.9,535.0,25.63
2023-03-08 04:20:00,6.175,535.0,25.63
2023-03-08 04:25:00,6.4,532.0,25.56
2023-03-08 04:30:00,6.38,529.0,25.56
2023-03-08 04:35:00,6.295,529.0,25.56
2023-03-08 04:40:00,6.5,535.0,25.56
2023-03-08 04:45:00,6.33,535.0,25.56
2023-03-08 04:50:00,6.6,535.0,25.56
2023-03-08 04:55:00,6.765,532.0,25.5
2023-03-08 05:00:00,6.859999999999999,535.0,25.5
2023-03-08 05:05:00,6.68,535.0,25.5
2023-03-08 05:10:00,6.95,532.0,25.5
2023-03-08 05:15:00,6.86,532.0,25.5
2023-03-08 05:20:00,6.96,529.0,25.5
2023-03-08 05:25:00,7.15,529.0,25.5
2023-03-08 05:30:00,6.99,530.0,25.44
2023-03-08 05:35:00,7.175,530.0,25.44
2023-03-08 05:40:00,7.32,532.0,25.44
2023-03-08 05:45:00,7.14,530.0,25.44
2023-03-08 05:50:00,7.35,530.0,25.44
2023-03-08 05:55:00,7.074999999999999,530.0,25.44
2023-03-08 06:00:00,7.295,530.0,25.38
2023-03-08 06:05:00,7.48,530.0,25.38
2023-03-08 06:10:00,7.08,530.0,25.38
2023-03-08 06:15:00,7.4399999999999995,530.0,25.38
2023-03-08 06:20:00,7.77,530.0,25.38
2023-03-08 06:25:00,7.31,530.0,25.38
2023-03-08 06:30:00,7.109999999999999,530.0,25.31
2023-03-08 06:35:00,6.975,530.0,25.31
2023-03-08 06:40:00,6.529999999999999,530.0,25.31
2023-03-08 06:45:00,6.890000000000001,530.0,25.31
2023-03-08 06:50:00,7.13,530.0,25.31
2023-03-08 06:55:00,7.335,533.0,25.31
2023-03-08 07:00:00,7.4,530.0,25.31
2023-03-08 07:05:00,7.52,531.5,25.31
2023-03-08 07:10:00,7.48,533.0,25.31
2023-03-08 07:15:00,7.33,533.0,25.31
2023-03-08 07:20:00,7.42,533.0,25.31
2023-03-08 07:25:00,7.305,536.0,25.31
2023-03-08 07:30:00,7.5,530.0,25.31
2023-03-08 07:35:00,7.31,530.0,25.31
2023-03-08 07:40:00,7.41,533.0,25.31
2023-03-08 07:45:00,7.205,533.0,25.31
2023-03-08 07:50:00,7.4,533.0,25.31
2023-03-08 07:55:00,7.1,533.0,25.31
2023-03-08 08:00:00,7.18,533.0,25.31
2023-03-08 08:05:00,7.4,533.0,25.31
2023-03-08 08:10:00,6.88,536.0,25.31
2023-03-08 08:15:00,7.05,533.0,25.31
2023-03-08 08:20:00,7.0,536.0,25.31
2023-03-08 08:25:00,6.995,538.0,25.31
2023-03-08 08:30:00,7.02,538.0,25.38
2023-03-08 08:35:00,7.115,535.0,25.38
2023-03-08 08:40:00,7.0600000000000005,538.0,25.38
2023-03-08 08:45:00,6.94,541.0,25.44
2023-03-08 08:50:00,7.07,538.0,25.44
2023-03-08 08:55:00,6.9350000000000005,538.0,25.44
2023-03-08 09:00:00,7.1,538.0,25.44
2023-03-08 09:05:00,7.02,535.0,25.44
2023-03-08 09:10:00,7.13,532.0,25.5
2023-03-08 09:15:00,7.08,535.0,25.5
2023-03-08 09:20:00,6.92,538.0,25.56
2023-03-08 09:25:00,7.265,538.0,25.56
2023-03-08 09:30:00,6.925,541.0,25.56
2023-03-08 09:35:00,7.11,535.0,25.56
2023-03-08 09:40:00,6.945,535.0,25.63
2023-03-08 09:45:00,7.17,535.0,25.63
2023-03-08 09:50:00,6.835,535.0,25.69
2023-03-08 09:55:00,7.09,535.0,25.69
2023-03-08 10:00:00,7.13,538.0,25.69
2023-03-08 10:05:00,7.22,537.0,25.75
2023-03-08 10:10:00,6.91,535.0,25.75
2023-03-08 10:15:00,7.1850000000000005,535.0,25.75
2023-03-08 10:20:00,6.9,537.0,25.81
2023-03-08 10:25:00,7.24,537.0,25.81
2023-03-08 10:30:00,6.915,537.0,25.81
2023-03-08 10:35:00,6.775,537.0,25.81
2023-03-08 10:40:00,6.58,537.0,25.88
2023-03-08 10:45:00,6.665,537.0,25.88
2023-03-08 10:50:00,6.86,540.0,25.88
2023-03-08 10:55:00,6.68,540.0,25.88
2023-03-08 11:00:00,6.8149999999999995,540.0,25.88
2023-03-08 11:05:00,6.7,543.0,25.94
2023-03-08 11:10:00,6.62,540.0,25.94
2023-03-08 11:15:00,6.61,540.0,26.0
2023-03-08 11:20:00,6.85,522.0,26.0
2023-03-08 11:25:00,6.83,525.0,26.0
2023-03-08 11:30:00,6.45,531.0,26.0
2023-03-08 11:35:00,6.56,531.0,26.06
2023-03-08 11:40:00,6.275,531.0,26.06
2023-03-08 11:45:00,6.609999999999999,528.0,26.06
2023-03-08 11:50:00,6.62,528.0,26.13
2023-03-08 11:55:00,6.800000000000001,529.5,26.13
2023-03-08 12:00:00,6.54,528.0,26.13
2023-03-08 12:05:00,6.695,528.0,26.13
2023-03-08 12:10:00,6.36,531.0,26.19
2023-03-08 12:15:00,6.4,530.0,26.19
2023-03-08 12:20:00,6.51,528.0,26.25
2023-03-08 12:25:00,6.465,530.0,26.25
2023-03-08 12:30:00,6.225,530.0,26.25
2023-03-08 12:35:00,6.51,530.0,26.31
2023-03-08 12:40:00,6.62,530.0,26.31
2023-03-08 12:45:00,6.72,531.5,26.31
2023-03-08 12:50:00,6.71,530.0,26.38
2023-03-08 12:55:00,6.51,530.0,26.38
2023-03-08 13:00:00,6.78,533.0,26.38
2023-03-08 13:05:00,6.61,530.0,26.44
2023-03-08 13:10:00,6.675000000000001,534.5,26.44
2023-03-08 13:15:00,6.96,530.0,26.44
2023-03-08 13:20:00,6.66,536.0,26.5
2023-03-08 13:25:00,6.9,536.0,26.5
2023-03-08 13:30:00,6.85,538.0,26.56
2023-03-08 13:35:00,6.89,538.0,26.56
2023-03-08 13:40:00,6.665,538.0,26.56
2023-03-08 13:45:00,6.775,532.5,26.56
2023-03-08 13:50:00,6.24,535.0,26.63
2023-03-08 13:55:00,6.78,530.0,26.63
2023-03-08 14:00:00,6.32,535.0,26.63
2023-03-08 14:05:00,6.24,532.0,26.69
2023-03-08 14:10:00,6.45,532.0,26.69
2023-03-08 14:15:00,6.42,532.0,26.69
2023-03-08 14:20:00,6.305,529.0,26.69
2023-03-08 14:25:00,6.3,529.0,26.75
2023-03-08 14:30:00,6.25,532.0,26.75
2023-03-08 14:35:00,6.04,532.0,26.75
2023-03-08 14:40:00,6.27,532.0,26.81
2023-03-08 14:45:00,6.08,532.0,26.81
2023-03-08 14:50:00,6.359999999999999,532.0,26.81
2023-03-08 14:55:00,6.255,532.0,26.81
2023-03-08 15:00:00,6.28,532.0,26.81
2023-03-08 15:05:00,6.19,532.0,26.88
2023-03-08 15:10:00,6.125,535.0,26.88
2023-03-08 15:15:00,6.32,535.0,26.88
2023-03-08 15:20:00,6.23,532.0,26.88
2023-03-08 15:25:00,6.16,535.0,26.88
2023-03-08 15:30:00,6.22,535.0,26.88
2023-03-08 15:35:00,6.28,532.0,26.88
2023-03-08 15:40:00,6.37,535.0,26.88
2023-03-08 15:45:00,6.23,535.0,26.88
2023-03-08 15:50:00,6.28,535.0,26.88
2023-03-08 15:55:00,6.325,535.0,26.94
2023-03-08 16:00:00,6.11,535.0,26.94
2023-03-08 16:05:00,6.19,535.0,26.94
2023-03-08 16:10:00,6.2,537.0,26.94
2023-03-08 16:15:00,6.17,537.0,26.94
2023-03-08 16:20:00,6.1850000000000005,537.0,26.94
2023-03-08 16:25:00,6.16,537.0,26.94
2023-03-08 16:30:00,6.17,537.0,26.94
2023-03-08 16:35:00,6.125,537.0,26.94
2023-03-08 16:40:00,6.24,537.0,26.94
2023-03-08 16:45:00,6.3,537.0,26.94
2023-03-08 16:50:00,6.165,538.5,26.94
2023-03-08 16:55:00,6.17,537.0,26.94
2023-03-08 17:00:00,6.19,537.0,26.94
2023-03-08 17:05:00,6.11,540.0,26.94
2023-03-08 17:10:00,6.18,540.0,26.94
2023-03-08 17:15:00,6.05,537.0,26.94
2023-03-08 17:20:00,6.17,540.0,26.94
2023-03-08 17:25:00,6.16,540.0,26.94
2023-03-08 17:30:00,6.0600000000000005,543.0,26.94
2023-03-08 17:35:00,6.09,546.0,26.94
2023-03-08 17:40:00,6.03,546.0,26.94
2023-03-08 17:45:00,6.13,546.0,26.94
2023-03-08 17:50:00,6.04,562.5,26.94
2023-03-08 17:55:00,6.0,570.0,26.94
2023-03-08 18:00:00,6.01,570.0,26.94
2023-03-08 18:05:00,5.98,570.0,26.94
2023-03-08 18:10:00,5.97,568.5,26.94
2023-03-08 18:15:00,5.955,562.5,26.88
2023-03-08 18:20:00,6.0,564.0,26.88
2023-03-08 18:25:00,5.975,561.0,26.88
2023-03-08 18:30:00,6.01,564.0,26.88
2023-03-08 18:35:00,5.95,567.0,26.88
2023-03-08 18:40:00,5.995,561.0,26.88
2023-03-08 18:45:00,5.96,558.0,26.88
2023-03-08 18:50:00,5.915,555.0,26.88
2023-03-08 18:55:00,6.01,552.0,26.81
2023-03-08 19:00:00,6.02,547.0,26.81
2023-03-08 19:05:00,5.97,552.0,26.81
2023-03-08 19:10:00,5.98,552.0,26.81
2023-03-08 19:15:00,5.93,555.0,26.81
2023-03-08 19:20:00,6.02,553.5,26.81
2023-03-08 19:25:00,5.91,555.0,26.81
2023-03-08 19:30:00,5.98,552.0,26.81
2023-03-08 19:35:00,5.9399999999999995,547.0,26.81
2023-03-08 19:40:00,5.99,547.0,26.75
2023-03-08 19:45:00,5.96,547.0,26.75
2023-03-08 19:50:00,5.94,547.0,26.75
2023-03-08 19:55:00,5.88,553.0,26.75
2023-03-08 20:00:00,5.92,547.0,26.75
2023-03-08 20:05:00,5.91,553.0,26.75
2023-03-08 20:10:00,5.94,550.0,26.75
2023-03-08 20:15:00,5.89,547.0,26.75
2023-03-08 20:20:00,5.91,553.0,26.69
2023-03-08 20:25:00,5.91,553.0,26.69
2023-03-08 20:30:00,5.86,553.0,26.69
2023-03-08 20:35:00,5.84,553.0,26.69
2023-03-08 20:40:00,5.87,556.0,26.69
2023-03-08 20:45:00,5.895,557.5,26.69
2023-03-08 20:50:00,5.87,556.0,26.69
2023-03-08 20:55:00,5.845,554.5,26.69
2023-03-08 21:00:00,5.89,559.0,26.69
2023-03-08 21:05:00,5.83,556.0,26.63
2023-03-08 21:10:00,5.855,556.0,26.63
2023-03-08 21:15:00,5.88,559.0,26.63
2023-03-08 21:20:00,5.87,559.0,26.63
2023-03-08 21:25:00,5.86,559.0,26.63
2023-03-08 21:30:00,5.87,559.0,26.63
2023-03-08 21:35:00,5.88,559.0,26.63
2023-03-08 21:40:00,5.86,559.0,26.63
2023-03-08 21:45:00,5.85,559.0,26.63
2023-03-08 21:50:00,5.84,559.0,26.63
2023-03-08 21:55:00,5.795,559.0,26.56
2023-03-08 22:00:00,5.83,562.0,26.56
2023-03-08 22:05:00,5.85,562.0,26.56
2023-03-08 22:10:00,5.84,562.0,26.56
2023-03-08 22:15:00,5.77,562.0,26.56
2023-03-08 22:20:00,5.805,562.0,26.56
2023-03-08 22:25:00,5.81,562.0,26.56
2023-03-08 22:30:00,5.83,562.0,26.56
2023-03-08 22:35:00,5.85,565.0,26.56
2023-03-08 22:40:00,5.805,566.5,26.56
2023-03-08 22:45:00,5.8,568.0,26.5
2023-03-08 22:50:00,5.83,568.0,26.5
2023-03-08 22:55:00,5.83,565.0,26.5
2023-03-08 23:00:00,5.82,568.0,26.5
2023-03-08 23:05:00,5.79,571.0,26.5
2023-03-08 23:10:00,5.8,568.0,26.5
2023-03-08 23:15:00,5.82,565.0,26.5
2023-03-08 23:20:00,5.8100000000000005,565.0,26.44
2023-03-08 23:25:00,5.81,565.0,26.44
2023-03-08 23:30:00,5.82,565.0,26.44
2023-03-08 23:35:00,5.835,562.0,26.44
2023-03-08 23:40:00,5.84,562.0,26.44
2023-03-08 23:45:00,5.755,562.0,26.41
2023-03-08 23:50:00,5.84,563.0,26.38
2023-03-08 23:55:00,5.84,566.0,26.38
2023-03-09 00:00:00,5.87,566.0,26.38
2023-03-09 00:05:00,5.82,569.0,26.38
2023-03-09 00:10:00,5.87,566.0,26.38
2023-03-09 00:15:00,5.87,566.0,26.31
2023-03-09 00:20:00,5.82,566.0,26.31
2023-03-09 00:25:00,5.855,566.0,26.31
2023-03-09 00:30:00,5.94,542.0,26.31
2023-03-09 00:35:00,5.97,536.0,26.31
2023-03-09 00:40:00,5.98,536.0,26.31
2023-03-09 00:45:00,5.95,533.0,26.25
2023-03-09 00:50:00,5.96,536.0,26.25
2023-03-09 00:55:00,5.94,530.0,26.25
2023-03-09 01:00:00,5.96,530.0,26.25
2023-03-09 01:05:00,6.025,530.0,26.25
2023-03-09 01:10:00,5.97,525.0,26.19
2023-03-09 01:15:00,6.0,522.0,26.19
2023-03-09 01:20:00,6.01,522.0,26.19
2023-03-09 01:25:00,6.0,522.0,26.19
2023-03-09 01:30:00,6.0,522.0,26.13
2023-03-09 01:35:00,6.04,519.0,26.13
2023-03-09 01:40:00,6.05,522.0,26.13
2023-03-09 01:45:00,5.94,519.0,26.13
2023-03-09 01:50:00,5.99,520.0,26.06
2023-03-09 01:55:00,5.98,520.0,26.06
2023-03-09 02:00:00,5.98,520.0,26.06
2023-03-09 02:05:00,5.99,520.0,26.06
2023-03-09 02:10:00,6.01,520.0,26.0
2023-03-09 02:15:00,6.0,520.0,26.0
2023-03-09 02:20:00,5.96,520.0,26.0
2023-03-09 02:25:00,5.925,520.0,26.0
2023-03-09 02:30:00,6.0,520.0,26.0
2023-03-09 02:35:00,5.97,520.0,26.0
2023-03-09 02:40:00,5.93,520.0,25.94
2023-03-09 02:45:00,5.98,520.0,25.94
2023-03-09 02:50:00,5.95,520.0,25.94
2023-03-09 02:55:00,5.97,520.0,25.94
2023-03-09 03:00:00,5.955,520.0,25.88
2023-03-09 03:05:00,5.98,520.0,25.88
2023-03-09 03:10:00,5.91,514.0,25.88
2023-03-09 03:15:00,6.03,520.0,25.88
2023-03-09 03:20:00,5.93,514.0,25.81
2023-03-09 03:25:00,5.98,514.0,25.81
2023-03-09 03:30:00,5.98,520.0,25.81
2023-03-09 03:35:00,5.98,520.0,25.81
2023-03-09 03:40:00,5.97,514.0,25.81
2023-03-09 03:45:00,5.905,514.0,25.81
2023-03-09 03:50:00,5.905,520.0,25.81
2023-03-09 03:55:00,5.95,514.0,25.81
2023-03-09 04:00:00,5.96,514.0,25.75
2023-03-09 04:05:00,5.93,515.0,25.75
2023-03-09 04:10:00,5.93,514.5,25.75
2023-03-09 04:15:00,5.94,515.0,25.75
2023-03-09 04:20:00,5.915,515.0,25.75
2023-03-09 04:25:00,5.9,515.0,25.75
2023-03-09 04:30:00,5.915,515.0,25.75
2023-03-09 04:35:00,5.95,515.0,25.75
2023-03-09 04:40:00,5.86,515.0,25.75
2023-03-09 04:45:00,5.86,515.0,25.69
2023-03-09 04:50:00,5.93,515.0,25.69
2023-03-09 04:55:00,5.865,515.0,25.69
2023-03-09 05:00:00,5.91,515.0,25.69
2023-03-09 05:05:00,5.85,515.0,25.69
2023-03-09 05:10:00,5.87,515.0,25.63
2023-03-09 05:15:00,5.92,515.0,25.63
2023-03-09 05:20:00,5.84,512.0,25.63
2023-03-09 05:25:00,5.86,515.0,25.63
2023-03-09 05:30:00,5.855,515.0,25.63
2023-03-09 05:35:00,5.785,515.0,25.63
2023-03-09 05:40:00,5.875,515.0,25.63
2023-03-09 05:45:00,5.89,515.0,25.56
2023-03-09 05:50:00,5.91,515.0,25.56
2023-03-09 05:55:00,5.89,515.0,25.56
2023-03-09 06:00:00,5.88,515.0,25.56
2023-03-09 06:05:00,5.88,515.0,25.56
2023-03-09 06:10:00,5.825,515.0,25.56
2023-03-09 06:15:00,5.84,515.0,25.56
2023-03-09 06:20:00,5.91,515.0,25.56
2023-03-09 06:25:00,5.875,515.0,25.5
2023-03-09 06:30:00,5.87,515.0,25.5
2023-03-09 06:35:00,5.8149999999999995,515.0,25.5
2023-03-09 06:40:00,5.85,512.0,25.5
2023-03-09 06:45:00,5.845000000000001,515.0,25.5
2023-03-09 06:50:00,5.88,515.0,25.5
2023-03-09 06:55:00,5.85,515.0,25.5
2023-03-09 07:00:00,5.89,515.0,25.5
2023-03-09 07:05:00,5.845,515.0,25.44
2023-03-09 07:10:00,5.83,518.0,25.44
2023-03-09 07:15:00,5.855,515.0,25.44
2023-03-09 07:20:00,5.835,513.0,25.44
2023-03-09 07:25:00,5.88,515.0,25.44
2023-03-09 07:30:00,5.85,513.0,25.44
2023-03-09 07:35:00,5.82,513.0,25.44
2023-03-09 07:40:00,5.85,513.0,25.44
2023-03-09 07:45:00,5.84,513.0,25.44
2023-03-09 07:50:00,5.825,513.0,25.44
2023-03-09 07:55:00,5.83,515.0,25.44
2023-03-09 08:00:00,5.81,513.0,25.38
2023-03-09 08:05:00,5.81,515.0,25.38
2023-03-09 08:10:00,5.83,513.0,25.38
2023-03-09 08:15:00,5.78,513.0,25.38
2023-03-09 08:20:00,5.85,513.0,25.38
2023-03-09 08:25:00,5.84,515.0,25.38
2023-03-09 08:30:00,5.775,515.0,25.38
2023-03-09 08:35:00,5.84,513.0,25.44
2023-03-09 08:40:00,5.825,515.0,25.44
2023-03-09 08:45:00,5.82,515.0,25.44
2023-03-09 08:50:00,5.779999999999999,515.0,25.44
2023-03-09 08:55:00,5.82,515.0,25.44
2023-03-09 09:00:00,5.83,515.0,25.44
2023-03-09 09:05:00,5.8,515.0,25.44
2023-03-09 09:10:00,5.79,515.0,25.44
2023-03-09 09:15:00,5.84,515.0,25.44
2023-03-09 09:20:00,5.87,513.0,25.44
2023-03-09 09:25:00,5.825,513.0,25.44
2023-03-09 09:30:00,5.89,513.0,25.44
2023-03-09 09:35:00,5.875,513.0,25.44
2023-03-09 09:40:00,5.86,510.0,25.44
2023-03-09 09:45:00,5.87,510.0,25.44
2023-03-09 09:50:00,5.805,510.0,25.44
2023-03-09 09:55:00,5.855,513.0,25.44
2023-03-09 10:00:00,5.84,510.0,25.44
2023-03-09 10:05:00,5.84,510.0,25.44
2023-03-09 10:10:00,5.8100000000000005,510.0,25.44
2023-03-09 10:15:00,5.85,510.0,25.44
2023-03-09 10:20:00,5.8,510.0,25.44
2023-03-09 10:25:00,5.86,512.0,25.5
2023-03-09 10:30:00,5.855,510.0,25.5
2023-03-09 10:35:00,5.81,507.0,25.5
2023-03-09 10:40:00,5.795,509.5,25.5
2023-03-09 10:45:00,5.8149999999999995,510.0,25.5
2023-03-09 10:50:00,5.77,510.0,25.5
2023-03-09 10:55:00,5.805,512.0,25.5
2023-03-09 11:00:00,5.81,512.0,25.5
2023-03-09 11:05:00,5.845,512.0,25.56
2023-03-09 11:10:00,5.83,512.0,25.56
2023-03-09 11:15:00,5.82,512.0,25.63
2023-03-09 11:20:00,5.75,510.5,25.63
2023-03-09 11:25:00,5.795,513.5,25.63
2023-03-09 11:30:00,5.825,506.5,25.63
2023-03-09 11:35:00,5.8,510.5,25.69
2023-03-09 11:40:00,5.785,502.5,25.69
2023-03-09 11:45:00,5.84,506.0,25.75
2023-03-09 11:50:00,5.795,924.0,25.75
2023-03-09 11:55:00,,,
2023-03-09 12:00:00,5.85,503.0,25.81
2023-03-09 12:05:00,5.715,514.0,25.81
2023-03-09 12:10:00,5.720000000000001,507.5,25.88
2023-03-09 12:15:00,5.720000000000001,507.5,25.88
2023-03-09 12:20:00,5.755,501.5,25.88
2023-03-09 12:25:00,5.685,506.0,25.88
2023-03-09 12:30:00,5.68,506.0,25.88
2023-03-09 12:35:00,5.73,507.5,25.88
2023-03-09 12:40:00,5.715,514.0,25.94
2023-03-09 12:45:00,5.67,509.0,25.94
2023-03-09 12:50:00,5.68,508.5,25.94
2023-03-09 12:55:00,5.69,506.0,25.94
2023-03-09 13:00:00,5.69,509.0,25.94
2023-03-09 13:05:00,5.72,509.0,25.94
2023-03-09 13:10:00,5.7,503.0,25.97
2023-03-09 13:15:00,5.71,509.5,26.0
2023-03-09 13:20:00,5.745,506.0,26.0
2023-03-09 13:25:00,5.705,509.5,26.0
2023-03-09 13:30:00,5.715,504.0,26.0
2023-03-09 13:35:00,5.655,507.0,26.06
2023-03-09 13:40:00,5.67,506.0,26.06
2023-03-09 13:45:00,5.695,508.0,26.06
2023-03-09 13:50:00,5.59,504.5,26.06
2023-03-09 13:55:00,5.65,508.0,26.095
2023-03-09 14:00:00,5.73,508.0,26.13
2023-03-09 14:05:00,5.6850000000000005,507.0,26.13
2023-03-09 14:10:00,5.625,509.5,26.13
2023-03-09 14:15:00,5.6,945.0,26.13
2023-03-09 14:20:00,5.67,511.0,26.13
2023-03-09 14:25:00,5.65,505.0,26.13
2023-03-09 14:30:00,5.6,511.0,26.19
2023-03-09 14:35:00,5.57,508.0,26.19
2023-03-09 14:40:00,5.59,508.0,26.19
2023-03-09 14:45:00,5.58,511.0,26.19
2023-03-09 14:50:00,,,
2023-03-09 14:55:00,5.609999999999999,512.0,26.25
2023-03-09 15:00:00,5.6,511.0,26.25
2023-03-09 15:05:00,,,
2023-03-09 15:10:00,5.57,511.0,26.25
2023-03-09 15:15:00,5.59,511.0,26.25
2023-03-09 15:20:00,5.5649999999999995,511.0,26.25
2023-03-09 15:25:00,5.62,519.0,26.31
2023-03-09 15:30:00,5.57,513.0,26.31
2023-03-09 15:35:00,5.5649999999999995,509.5,26.31
2023-03-09 15:40:00,5.555,509.5,26.31
2023-03-09 15:45:00,5.58,1352.0,26.31
2023-03-09 15:50:00,5.58,506.5,26.345
2023-03-09 15:55:00,5.55,513.0,26.38
2023-03-09 16:00:00,5.59,506.5,26.38
2023-03-09 16:05:00,5.57,510.0,26.38
2023-03-09 16:10:00,5.545,937.0,26.38
2023-03-09 16:15:00,5.57,511.5,26.38
2023-03-09 16:20:00,5.5649999999999995,955.0,26.38
2023-03-09 16:25:00,5.62,519.0,26.38
2023-03-09 16:30:00,5.57,522.0,26.38
2023-03-09 16:35:00,5.585,520.5,26.38
2023-03-09 16:40:00,5.625,947.5,26.38
2023-03-09 16:45:00,5.5649999999999995,520.5,26.38
2023-03-09 16:50:00,,,
2023-03-09 16:55:00,,,
2023-03-09 17:00:00,5.53,521.0,26.44
2023-03-09 17:05:00,5.605,517.0,26.44
2023-03-09 17:10:00,5.59,520.0,26.44
2023-03-09 17:15:00,5.585,517.0,26.44
2023-03-09 17:20:00,5.56,524.0,26.44
2023-03-09 17:25:00,5.555,516.0,26.44
2023-03-09 17:30:00,5.5600000000000005,524.0,26.44
2023-03-09 17:35:00,5.5649999999999995,521.0,26.44
2023-03-09 17:40:00,5.615,522.5,26.44
2023-03-09 17:45:00,5.59,524.0,26.44
2023-03-09 17:50:00,5.55,524.0,26.44
2023-03-09 17:55:00,5.56,524.0,26.44
2023-03-09 18:00:00,5.555,521.0,26.44
2023-03-09 18:05:00,5.55,524.0,26.44
2023-03-09 18:10:00,5.57,524.0,26.44
2023-03-09 18:15:00,5.56,524.0,26.44
2023-03-09 18:20:00,5.55,524.0,26.44
2023-03-09 18:25:00,5.55,527.0,26.38
2023-03-09 18:30:00,5.56,527.0,26.38
2023-03-09 18:35:00,5.57,525.5,26.38
2023-03-09 18:40:00,5.535,524.0,26.38
2023-03-09 18:45:00,5.55,527.0,26.38
2023-03-09 18:50:00,5.57,530.0,26.38
2023-03-09 18:55:00,5.55,536.0,26.38
2023-03-09 19:00:00,5.54,539.0,26.38
2023-03-09 19:05:00,5.54,533.0,26.38
2023-03-09 19:10:00,5.54,527.0,26.38
2023-03-09 19:15:00,5.55,536.0,26.38
2023-03-09 19:20:00,5.525,531.5,26.38
2023-03-09 19:25:00,5.53,539.0,26.38
2023-03-09 19:30:00,5.53,533.0,26.38
2023-03-09 19:35:00,5.58,533.0,26.31
2023-03-09 19:40:00,5.54,545.0,26.31
2023-03-09 19:45:00,5.53,536.0,26.31
2023-03-09 19:50:00,5.52,536.0,26.31
2023-03-09 19:55:00,5.58,542.0,26.31
2023-03-09 20:00:00,5.525,540.5,26.31
2023-03-09 20:05:00,5.56,545.0,26.31
2023-03-09 20:10:00,5.6,540.5,26.31
2023-03-09 20:15:00,5.57,542.0,26.31
2023-03-09 20:20:00,5.56,545.0,26.31
2023-03-09 20:25:00,5.53,542.0,26.25
2023-03-09 20:30:00,5.535,540.5,26.28
2023-03-09 20:35:00,5.535,539.0,26.28
2023-03-09 20:40:00,5.5600000000000005,537.5,26.25
2023-03-09 20:45:00,5.52,542.0,26.25
2023-03-09 20:50:00,5.529999999999999,534.5,26.25
2023-03-09 20:55:00,5.535,537.5,26.25
2023-03-09 21:00:00,5.54,536.0,26.25
2023-03-09 21:05:00,5.56,539.0,26.25
2023-03-09 21:10:00,5.525,539.0,26.25
2023-03-09 21:15:00,5.53,536.0,26.25
2023-03-09 21:20:00,5.55,536.0,26.25
2023-03-09 21:25:00,5.54,536.0,26.19
2023-03-09 21:30:00,5.59,532.0,26.19
2023-03-09 21:35:00,5.53,539.0,26.19
2023-03-09 21:40:00,5.5600000000000005,537.5,26.19
2023-03-09 21:45:00,5.55,537.5,26.19
2023-03-09 21:50:00,5.55,542.0,26.19
2023-03-09 21:55:00,5.55,536.0,26.19
2023-03-09 22:00:00,5.55,539.0,26.19
2023-03-09 22:05:00,5.54,536.0,26.19
2023-03-09 22:10:00,5.53,540.5,26.19
2023-03-09 22:15:00,5.55,536.0,26.19
2023-03-09 22:20:00,5.53,536.0,26.19
2023-03-09 22:25:00,5.54,536.0,26.19
2023-03-09 22:30:00,5.545,539.0,26.19
2023-03-09 22:35:00,5.55,536.0,26.13
2023-03-09 22:40:00,5.56,539.0,26.13
2023-03-09 22:45:00,5.535,537.0,26.13
2023-03-09 22:50:00,5.61,537.0,26.13
2023-03-09 22:55:00,5.58,539.0,26.13
2023-03-09 23:00:00,5.535,539.0,26.13
2023-03-09 23:05:00,5.535,538.0,26.13
2023-03-09 23:10:00,5.53,539.0,26.06
2023-03-09 23:15:00,5.58,537.0,26.06
2023-03-09 23:20:00,,,
2023-03-09 23:25:00,5.515,538.5,26.06
2023-03-09 23:30:00,5.529999999999999,535.5,26.06
2023-03-09 23:35:00,5.55,544.0,26.06
2023-03-09 23:40:00,5.55,540.0,26.06
2023-03-09 23:45:00,5.53,537.0,26.06
2023-03-09 23:50:00,5.53,541.5,26.0
2023-03-09 23:55:00,5.52,538.5,26.0
2023-03-10 00:00:00,5.53,537.0,26.0
2023-03-10 00:05:00,5.545,535.5,25.97
2023-03-10 00:10:00,5.525,540.0,25.94
2023-03-10 00:15:00,5.54,540.0,25.94
2023-03-10 00:20:00,5.51,546.0,25.94
2023-03-10 00:25:00,5.515,541.5,25.91
2023-03-10 00:30:00,5.55,543.0,25.88
2023-03-10 00:35:00,5.59,543.0,25.88
2023-03-10 00:40:00,,,
2023-03-10 00:45:00,,,
2023-03-10 00:50:00,,,
2023-03-10 00:55:00,,,
2023-03-10 01:00:00,,,
2023-03-10 01:05:00,,,
2023-03-10 01:10:00,,,
2023-03-10 01:15:00,,,
2023-03-10 01:20:00,,,
2023-03-10 01:25:00,,,
2023-03-10 01:30:00,,,
2023-03-10 01:35:00,,,
2023-03-10 01:40:00,,,
2023-03-10 01:45:00,,,
2023-03-10 01:50:00,,,
2023-03-10 01:55:00,5.52,541.0,25.63
2023-03-10 02:00:00,,,
2023-03-10 02:05:00,,,
2023-03-10 02:10:00,,,
2023-03-10 02:15:00,5.52,532.0,25.63
2023-03-10 02:20:00,,,
2023-03-10 02:25:00,5.54,532.0,25.63
2023-03-10 02:30:00,5.52,532.0,25.56
2023-03-10 02:35:00,5.55,532.0,25.56
2023-03-10 02:40:00,,,
2023-03-10 02:45:00,,,
2023-03-10 02:50:00,5.53,532.0,25.5
2023-03-10 02:55:00,5.52,530.5,25.5
2023-03-10 03:00:00,,,
2023-03-10 03:05:00,5.52,1422.0,25.5
2023-03-10 03:10:00,,,
2023-03-10 03:15:00,5.53,530.5,25.5
2023-03-10 03:20:00,5.52,535.0,25.5
2023-03-10 03:25:00,5.585,529.5,25.47
2023-03-10 03:30:00,,,
2023-03-10 03:35:00,5.51,532.0,25.44
2023-03-10 03:40:00,5.53,527.0,25.44
2023-03-10 03:45:00,5.545,531.0,25.44
2023-03-10 03:50:00,5.53,530.0,25.38
2023-03-10 03:55:00,5.55,529.5,25.38
2023-03-10 04:00:00,5.53,533.0,25.38
2023-03-10 04:05:00,5.535,530.0,25.38
2023-03-10 04:10:00,5.525,530.0,25.38
2023-03-10 04:15:00,5.52,527.0,25.38
2023-03-10 04:20:00,,,
2023-03-10 04:25:00,5.5600000000000005,530.0,25.31
2023-03-10 04:30:00,5.53,527.0,25.31
2023-03-10 04:35:00,5.55,530.0,25.31
2023-03-10 04:40:00,5.54,530.0,25.31
2023-03-10 04:45:00,5.52,530.0,25.31
2023-03-10 04:50:00,5.545,530.0,25.25
2023-03-10 04:55:00,5.535,533.0,25.25
2023-03-10 05:00:00,5.535,533.0,25.25
2023-03-10 05:05:00,5.54,530.0,25.25
2023-03-10 05:10:00,5.545,533.0,25.25
2023-03-10 05:15:00,5.56,533.0,25.19
2023-03-10 05:20:00,5.58,530.0,25.19
2023-03-10 05:25:00,5.52,530.0,25.19
2023-03-10 05:30:00,5.54,530.0,25.19
2023-03-10 05:35:00,5.555,533.0,25.19
2023-03-10 05:40:00,5.545,530.0,25.19
2023-03-10 05:45:00,5.54,530.0,25.13
2023-03-10 05:50:00,5.54,533.0,25.13
2023-03-10 05:55:00,5.53,533.0,25.13
2023-03-10 06:00:00,5.5649999999999995,533.0,25.13
2023-03-10 06:05:00,5.54,533.0,25.13
2023-03-10 06:10:00,5.54,533.0,25.13
2023-03-10 06:15:00,5.545,530.0,25.095
2023-03-10 06:20:00,5.53,530.0,25.06
2023-03-10 06:25:00,5.55,533.0,25.06
2023-03-10 06:30:00,5.55,533.0,25.06
2023-03-10 06:35:00,5.575,531.5,25.06
2023-03-10 06:40:00,5.55,530.0,25.06
2023-03-10 06:45:00,5.57,533.0,25.06
2023-03-10 06:50:00,5.55,536.0,25.06
2023-03-10 06:55:00,5.555,533.0,25.0
2023-03-10 07:00:00,5.52,528.0,25.0
2023-03-10 07:05:00,5.52,542.0,25.0
2023-03-10 07:10:00,5.53,533.0,25.0
2023-03-10 07:15:00,5.56,533.0,25.0
2023-03-10 07:20:00,5.54,528.0,25.0
2023-03-10 07:25:00,5.54,533.0,25.0
2023-03-10 07:30:00,5.56,531.0,25.0
2023-03-10 07:35:00,5.53,528.0,25.0
2023-03-10 07:40:00,5.53,531.0,24.94
2023-03-10 07:45:00,5.56,533.0,24.94
2023-03-10 07:50:00,5.55,531.0,24.94
2023-03-10 07:55:00,5.545,529.5,24.94
2023-03-10 08:00:00,5.53,531.0,24.94
2023-03-10 08:05:00,5.535,531.0,24.94
2023-03-10 08:10:00,5.54,531.0,24.94
2023-03-10 08:15:00,5.54,531.0,24.94
2023-03-10 08:20:00,5.52,528.0,24.94
2023-03-10 08:25:00,5.53,528.0,24.94
2023-03-10 08:30:00,5.555,528.0,24.94
2023-03-10 08:35:00,5.54,528.0,24.94
2023-03-10 08:40:00,5.54,534.0,24.94
2023-03-10 08:45:00,5.59,534.0,24.94
2023-03-10 08:50:00,5.54,539.0,24.94
2023-03-10 08:55:00,5.67,528.0,25.0
2023-03-10 09:00:00,5.5600000000000005,1062.0,25.0
2023-03-10 09:05:00,,,
2023-03-10 09:10:00,,,
2023-03-10 09:15:00,,,
2023-03-10 09:20:00,,,
2023-03-10 09:25:00,,,
2023-03-10 09:30:00,,,
2023-03-10 09:35:00,,,
2023-03-10 09:40:00,,,
2023-03-10 09:45:00,,,
2023-03-10 09:50:00,,,
2023-03-10 09:55:00,,,
2023-03-10 10:00:00,,,
2023-03-10 10:05:00,,,
2023-03-10 10:10:00,,,
2023-03-10 10:15:00,,,
2023-03-10 10:20:00,5.52,533.0,25.19
2023-03-10 10:25:00,,,
2023-03-10 10:30:00,,,
2023-03-10 10:35:00,,,
2023-03-10 10:40:00,,,
2023-03-10 10:45:00,,,
2023-03-10 10:50:00,,,
2023-03-10 10:55:00,,,
2023-03-10 11:00:00,,,
2023-03-10 11:05:00,,,
2023-03-10 11:10:00,,,
2023-03-10 11:15:00,,,
2023-03-10 11:20:00,,,
2023-03-10 11:25:00,,,
2023-03-10 11:30:00,,,
2023-03-10 11:35:00,,,
2023-03-10 11:40:00,,,
2023-03-10 11:45:00,,,
2023-03-10 11:50:00,,,
2023-03-10 11:55:00,,,
2023-03-10 12:00:00,,,
2023-03-10 12:05:00,,,
2023-03-10 12:10:00,,,
2023-03-10 12:15:00,,,
2023-03-10 12:20:00,,,
2023-03-10 12:25:00,,,
2023-03-10 12:30:00,,,
2023-03-10 12:35:00,,,
2023-03-10 12:40:00,,,
2023-03-10 12:45:00,,,
2023-03-10 12:50:00,,,
2023-03-10 12:55:00,,,
2023-03-10 13:00:00,,,
2023-03-10 13:05:00,,,
2023-03-10 13:10:00,,,
2023-03-10 13:15:00,,,
2023-03-10 13:20:00,,,
2023-03-10 13:25:00,,,
2023-03-10 13:30:00,,,
2023-03-10 13:35:00,,,
2023-03-10 13:40:00,,,
2023-03-10 13:45:00,,,
2023-03-10 13:50:00,,,
2023-03-10 13:55:00,,,
2023-03-10 14:00:00,,,
2023-03-10 14:05:00,,,
2023-03-10 14:10:00,,,
2023-03-10 14:15:00,,,
2023-03-10 14:20:00,,,
2023-03-10 14:25:00,,,
2023-03-10 14:30:00,,,
2023-03-10 14:35:00,,,
2023-03-10 14:40:00,,,
2023-03-10 14:45:00,,,
2023-03-10 14:50:00,,,
2023-03-10 14:55:00,,,
2023-03-10 15:00:00,,,
2023-03-10 15:05:00,,,
2023-03-10 15:10:00,,,
2023-03-10 15:15:00,,,
2023-03-10 15:20:00,,,
2023-03-10 15:25:00,,,
2023-03-10 15:30:00,,,
2023-03-10 15:35:00,,,
2023-03-10 15:40:00,,,
2023-03-10 15:45:00,,,
2023-03-10 15:50:00,,,
2023-03-10 15:55:00,5.54,543.0,25.75
2023-03-10 16:00:00,,,
2023-03-10 16:05:00,,,
2023-03-10 16:10:00,,,
2023-03-10 16:15:00,,,
2023-03-10 16:20:00,,,
2023-03-10 16:25:00,,,
2023-03-10 16:30:00,,,
2023-03-10 16:35:00,,,
2023-03-10 16:40:00,,,
2023-03-10 16:45:00,,,
2023-03-10 16:50:00,,,
2023-03-10 16:55:00,,,
2023-03-10 17:00:00,,,
2023-03-10 17:05:00,,,
2023-03-10 17:10:00,,,
2023-03-10 17:15:00,,,
2023-03-10 17:20:00,,,
2023-03-10 17:25:00,,,
2023-03-10 17:30:00,,,
2023-03-10 17:35:00,,,
2023-03-10 17:40:00,,,
2023-03-10 17:45:00,,,
2023-03-10 17:50:00,,,
2023-03-10 17:55:00,5.8,465.0,25.19
2023-03-10 18:00:00,5.58,459.0,25.19
2023-03-10 18:05:00,5.53,465.0,25.19
2023-03-10 18:10:00,5.7,452.0,25.19
2023-03-10 18:15:00,5.61,460.0,25.19
2023-03-10 18:20:00,5.57,465.0,25.19
2023-03-10 18:25:00,5.62,465.0,25.19
2023-03-10 18:30:00,5.555,463.5,25.19
2023-03-10 18:35:00,5.67,463.5,25.19
2023-03-10 18:40:00,5.574999999999999,463.5,25.19
2023-03-10 18:45:00,5.68,1194.0,25.13
2023-03-10 18:50:00,5.605,470.0,25.13
2023-03-10 18:55:00,5.59,819.5,25.13
2023-03-10 19:00:00,5.62,465.0,25.13
2023-03-10 19:05:00,5.58,467.0,25.13
2023-03-10 19:10:00,5.58,462.0,25.13
2023-03-10 19:15:00,5.54,470.0,25.13
2023-03-10 19:20:00,5.615,467.5,25.13
2023-03-10 19:25:00,5.5649999999999995,466.5,25.13
2023-03-10 19:30:00,5.57,467.0,25.13
2023-03-10 19:35:00,,,
2023-03-10 19:40:00,5.525,470.5,25.095
2023-03-10 19:45:00,,,
2023-03-10 19:50:00,5.53,465.0,25.06
2023-03-10 19:55:00,5.69,473.0,25.06
2023-03-10 20:00:00,5.58,465.0,25.06
2023-03-10 20:05:00,5.51,473.0,25.06
2023-03-10 20:10:00,5.54,465.0,25.06
2023-03-10 20:15:00,,,
2023-03-10 20:20:00,5.59,465.0,25.06
2023-03-10 20:25:00,,,
2023-03-10 20:30:00,,,
2023-03-10 20:35:00,5.53,468.0,25.0
2023-03-10 20:40:00,5.62,1194.0,25.0
2023-03-10 20:45:00,,,
2023-03-10 20:50:00,5.59,483.0,25.0
2023-03-10 20:55:00,5.55,473.0,25.0
2023-03-10 21:00:00,,,
2023-03-10 21:05:00,5.55,481.0,24.94
2023-03-10 21:10:00,,,
2023-03-10 21:15:00,,,
2023-03-10 21:20:00,5.53,1295.0,24.94
2023-03-10 21:25:00,,,
2023-03-10 21:30:00,,,
2023-03-10 21:35:00,5.54,478.0,24.94
2023-03-10 21:40:00,,,
2023-03-10 21:45:00,,,
2023-03-10 21:50:00,,,
2023-03-10 21:55:00,5.515,473.0,24.88
2023-03-10 22:00:00,5.64,1230.0,24.88
2023-03-10 22:05:00,5.52,1221.0,24.88
2023-03-10 22:10:00,5.56,473.0,24.88
2023-03-10 22:15:00,5.53,473.0,24.81
2023-03-10 22:20:00,5.55,473.0,24.81
2023-03-10 22:25:00,5.52,860.5,24.81
2023-03-10 22:30:00,5.57,471.0,24.81
2023-03-10 22:35:00,5.55,471.0,24.81
2023-03-10 22:40:00,5.605,469.5,24.81
2023-03-10 22:45:00,5.595000000000001,471.0,24.81
2023-03-10 22:50:00,5.6,468.0,24.75
2023-03-10 22:55:00,5.605,463.0,24.75
2023-03-10 23:00:00,5.58,463.0,24.75
2023-03-10 23:05:00,5.6,466.0,24.75
2023-03-10 23:10:00,5.58,463.0,24.75
2023-03-10 23:15:00,5.58,463.0,24.75
2023-03-10 23:20:00,5.6,468.0,24.75
2023-03-10 23:25:00,5.59,466.0,24.69
2023-03-10 23:30:00,5.56,469.5,24.69
2023-03-10 23:35:00,5.59,475.0,24.69
2023-03-10 23:40:00,,,
2023-03-10 23:45:00,5.52,484.0,24.69
2023-03-10 23:50:00,5.51,498.0,24.69
2023-03-10 23:55:00,5.55,492.0,24.69
2023-03-11 00:00:00,5.525,510.5,24.63
2023-03-11 00:05:00,5.56,479.0,24.63
2023-03-11 00:10:00,5.55,479.0,24.63
2023-03-11 00:15:00,5.55,490.0,24.63
2023-03-11 00:20:00,5.55,482.0,24.63
2023-03-11 00:25:00,5.55,482.0,24.63
2023-03-11 00:30:00,5.5649999999999995,482.0,24.63
2023-03-11 00:35:00,5.57,480.5,24.63
2023-03-11 00:40:00,5.57,476.0,24.63
2023-03-11 00:45:00,5.59,474.0,24.63
2023-03-11 00:50:00,5.55,479.0,24.56
2023-03-11 00:55:00,5.55,479.0,24.56
2023-03-11 01:00:00,5.55,483.0,24.56
2023-03-11 01:05:00,5.555,479.0,24.56
2023-03-11 01:10:00,5.555,476.0,24.56
2023-03-11 01:15:00,5.61,512.0,24.56
2023-03-11 01:20:00,5.54,479.0,24.56
2023-03-11 01:25:00,5.555,474.0,24.5
2023-03-11 01:30:00,5.55,474.0,24.5
2023-03-11 01:35:00,5.6,471.0,24.5
2023-03-11 01:40:00,5.57,475.5,24.5
2023-03-11 01:45:00,5.609999999999999,477.0,24.5
2023-03-11 01:50:00,5.57,476.5,24.5
2023-03-11 01:55:00,5.53,474.0,24.5
2023-03-11 02:00:00,5.55,475.5,24.44
2023-03-11 02:05:00,5.6,475.5,24.44
2023-03-11 02:10:00,5.625,474.0,24.44
2023-03-11 02:15:00,5.57,474.0,24.44
2023-03-11 02:20:00,5.61,471.0,24.44
2023-03-11 02:25:00,5.56,471.0,24.38
2023-03-11 02:30:00,5.640000000000001,477.0,24.38
2023-03-11 02:35:00,5.56,477.0,24.38
2023-03-11 02:40:00,5.6,474.0,24.38
2023-03-11 02:45:00,5.6,473.0,24.38
2023-03-11 02:50:00,5.635,473.0,24.38
2023-03-11 02:55:00,5.59,466.0,24.38
2023-03-11 03:00:00,5.57,473.0,24.38
2023-03-11 03:05:00,5.57,472.0,24.38
2023-03-11 03:10:00,5.63,461.0,24.38
2023-03-11 03:15:00,5.65,459.0,24.31
2023-03-11 03:20:00,5.63,461.0,24.31
2023-03-11 03:25:00,5.62,461.0,24.31
2023-03-11 03:30:00,5.615,460.0,24.31
2023-03-11 03:35:00,5.62,466.0,24.31
2023-03-11 03:40:00,5.574999999999999,466.0,24.31
2023-03-11 03:45:00,5.6,464.0,24.25
2023-03-11 03:50:00,5.59,472.0,24.25
2023-03-11 03:55:00,5.56,469.0,24.25
2023-03-11 04:00:00,5.6,477.0,24.25
2023-03-11 04:05:00,5.605,465.5,24.25
2023-03-11 04:10:00,5.66,461.0,24.25
2023-03-11 04:15:00,5.654999999999999,454.0,24.19
2023-03-11 04:20:00,5.71,454.0,24.19
2023-03-11 04:25:00,5.68,451.0,24.19
2023-03-11 04:30:00,5.64,451.0,24.19
2023-03-11 04:35:00,5.65,451.0,24.19
2023-03-11 04:40:00,5.66,451.0,24.19
2023-03-11 04:45:00,5.75,449.0,24.19
2023-03-11 04:50:00,5.65,451.0,24.19
2023-03-11 04:55:00,5.675,450.0,24.13
2023-03-11 05:00:00,5.72,446.0,24.13
2023-03-11 05:05:00,5.67,449.0,24.13
2023-03-11 05:10:00,5.58,449.0,24.13
2023-03-11 05:15:00,5.640000000000001,452.0,24.06
2023-03-11 05:20:00,5.74,447.0,24.06
2023-03-11 05:25:00,5.68,450.5,24.06
2023-03-11 05:30:00,5.654999999999999,449.0,24.06
2023-03-11 05:35:00,5.65,454.0,24.06
2023-03-11 05:40:00,5.69,454.0,24.06
2023-03-11 05:45:00,5.63,456.5,24.0
2023-03-11 05:50:00,5.645,456.5,24.0
2023-03-11 05:55:00,5.72,454.0,24.0
2023-03-11 06:00:00,5.65,452.0,24.0
2023-03-11 06:05:00,5.66,454.0,24.0
2023-03-11 06:10:00,5.73,452.0,24.0
2023-03-11 06:15:00,5.66,452.0,23.94
2023-03-11 06:20:00,5.62,459.0,23.94
2023-03-11 06:25:00,5.73,453.0,23.94
2023-03-11 06:30:00,5.62,447.0,23.94
2023-03-11 06:35:00,5.69,447.0,23.94
2023-03-11 06:40:00,5.65,444.0,23.94
2023-03-11 06:45:00,5.77,449.0,23.94
2023-03-11 06:50:00,5.58,449.0,23.94
2023-03-11 06:55:00,5.61,449.0,23.88
2023-03-11 07:00:00,5.64,447.0,23.88
2023-03-11 07:05:00,5.675,447.0,23.88
2023-03-11 07:10:00,5.7,449.0,23.88
2023-03-11 07:15:00,5.665,793.0,23.88
2023-03-11 07:20:00,5.6,449.0,23.88
2023-03-11 07:25:00,5.61,452.0,23.88
2023-03-11 07:30:00,5.73,449.5,23.88
2023-03-11 07:35:00,5.68,449.0,23.88
2023-03-11 07:40:00,5.515,791.5,23.88
2023-03-11 07:45:00,,,
2023-03-11 07:50:00,,,
2023-03-11 07:55:00,,,
2023-03-11 08:00:00,5.715,436.0,23.88
2023-03-11 08:05:00,5.85,435.0,23.88
2023-03-11 08:10:00,5.76,424.0,23.88
2023-03-11 08:15:00,5.95,432.0,23.88
2023-03-11 08:20:00,5.8149999999999995,434.5,23.88
2023-03-11 08:25:00,5.83,440.0,23.88
2023-03-11 08:30:00,,,
2023-03-11 08:35:00,,,
2023-03-11 08:40:00,,,
2023-03-11 08:45:00,,,
2023-03-11 08:50:00,,,
2023-03-11 08:55:00,,,
2023-03-11 09:00:00,5.83,434.0,24.0
2023-03-11 09:05:00,5.76,434.0,24.0
2023-03-11 09:10:00,5.74,433.0,24.0
2023-03-11 09:15:00,6.0,430.0,24.0
2023-03-11 09:20:00,5.755,434.5,24.03
2023-03-11 09:25:00,5.76,434.0,24.06
2023-03-11 09:30:00,5.65,437.0,24.06
2023-03-11 09:35:00,5.615,435.5,24.06
2023-03-11 09:40:00,5.77,439.0,24.06
2023-03-11 09:45:00,5.74,436.5,24.06
2023-03-11 09:50:00,5.59,434.0,24.095
2023-03-11 09:55:00,,,
2023-03-11 10:00:00,,,
2023-03-11 10:05:00,,,
2023-03-11 10:10:00,,,
2023-03-11 10:15:00,,,
2023-03-11 10:20:00,,,
2023-03-11 10:25:00,,,
2023-03-11 10:30:00,,,
2023-03-11 10:35:00,,,
2023-03-11 10:40:00,,,
2023-03-11 10:45:00,,,
2023-03-11 10:50:00,,,
2023-03-11 10:55:00,12.89,609.0,24.25
2023-03-11 11:00:00,13.06,559.0,24.25
2023-03-11 11:05:00,13.129999999999999,556.0,24.25
2023-03-11 11:10:00,13.594999999999999,574.0,24.25
2023-03-11 11:15:00,,559.0,24.25
2023-03-11 11:20:00,,,
2023-03-11 11:25:00,,,
2023-03-11 11:30:00,,,
2023-03-11 11:35:00,,,
2023-03-11 11:40:00,,,
2023-03-11 11:45:00,,,
2023-03-11 11:50:00,,,
2023-03-11 11:55:00,,,
2023-03-11 12:00:00,,,
2023-03-11 12:05:00,,,
2023-03-11 12:10:00,,,
2023-03-11 12:15:00,,,
2023-03-11 12:20:00,,,
2023-03-11 12:25:00,,,
2023-03-11 12:30:00,,,
2023-03-11 12:35:00,,,
2023-03-11 12:40:00,,,
2023-03-11 12:45:00,,,
2023-03-11 12:50:00,,,
2023-03-11 12:55:00,5.93,540.0,24.44
2023-03-11 13:00:00,5.96,501.0,24.5
2023-03-11 13:05:00,5.9,498.0,24.5
2023-03-11 13:10:00,5.7,523.0,24.5
2023-03-11 13:15:00,,,
2023-03-11 13:20:00,,,
2023-03-11 13:25:00,,,
2023-03-11 13:30:00,,,
2023-03-11 13:35:00,,,
2023-03-11 13:40:00,,,
2023-03-11 13:45:00,,,
2023-03-11 13:50:00,,,
2023-03-11 13:55:00,,,
2023-03-11 14:00:00,,,
2023-03-11 14:05:00,,,
2023-03-11 14:10:00,,,
2023-03-11 14:15:00,,,
2023-03-11 14:20:00,,,
2023-03-11 14:25:00,,,
2023-03-11 14:30:00,5.585,416.0,24.69
2023-03-11 14:35:00,,,
2023-03-11 14:40:00,,,
2023-03-11 14:45:00,5.64,419.0,24.75
2023-03-11 14:50:00,5.745,415.5,24.72
2023-03-11 14:55:00,,,
2023-03-11 15:00:00,,,
2023-03-11 15:05:00,,,
2023-03-11 15:10:00,,,
2023-03-11 15:15:00,,,
2023-03-11 15:20:00,,,
2023-03-11 15:25:00,,,
2023-03-11 15:30:00,,,
2023-03-11 15:35:00,,,
2023-03-11 15:40:00,,,
2023-03-11 15:45:00,,,
2023-03-11 15:50:00,,,
2023-03-11 15:55:00,5.72,438.0,24.88
2023-03-11 16:00:00,,,
2023-03-11 16:05:00,,,
2023-03-11 16:10:00,5.52,443.0,24.88
2023-03-11 16:15:00,5.59,438.0,24.88
2023-03-11 16:20:00,,,
2023-03-11 16:25:00,,,
2023-03-11 16:30:00,,,
2023-03-11 16:35:00,,,
2023-03-11 16:40:00,,,
2023-03-11 16:45:00,,,
2023-03-11 16:50:00,,,
2023-03-11 16:55:00,,,
2023-03-11 17:00:00,,,
2023-03-11 17:05:00,,,
2023-03-11 17:10:00,,,
2023-03-11 17:15:00,,,
2023-03-11 17:20:00,,,
2023-03-11 17:25:00,,,
2023-03-11 17:30:00,,,
2023-03-11 17:35:00,,,
2023-03-11 17:40:00,,,
2023-03-11 17:45:00,,,
2023-03-11 17:50:00,,,
2023-03-11 17:55:00,,,
2023-03-11 18:00:00,,,
2023-03-11 18:05:00,,,
2023-03-11 18:10:00,,,
2023-03-11 18:15:00,,,
2023-03-11 18:20:00,,,
2023-03-11 18:25:00,,,
2023-03-11 18:30:00,,,
2023-03-11 18:35:00,,,
2023-03-11 18:40:00,,,
2023-03-11 18:45:00,,,
2023-03-11 18:50:00,,,
2023-03-11 18:55:00,,,
2023-03-11 19:00:00,,,
2023-03-11 19:05:00,,,
2023-03-11 19:10:00,,,
2023-03-11 19:15:00,,,
2023-03-11 19:20:00,,,
2023-03-11 19:25:00,,,
2023-03-11 19:30:00,,,
2023-03-11 19:35:00,,,
2023-03-11 19:40:00,,,
2023-03-11 19:45:00,,,
2023-03-11 19:50:00,,,
2023-03-11 19:55:00,,,
2023-03-11 20:00:00,,,
2023-03-11 20:05:00,,,
2023-03-11 20:10:00,,,
2023-03-11 20:15:00,,,
2023-03-11 20:20:00,,,
2023-03-11 20:25:00,,,
2023-03-11 20:30:00,,,
2023-03-11 20:35:00,,,
2023-03-11 20:40:00,,,
2023-03-11 20:45:00,,,
2023-03-11 20:50:00,,,
2023-03-11 20:55:00,,,
2023-03-11 21:00:00,,,
2023-03-11 21:05:00,,,
2023-03-11 21:10:00,,,
2023-03-11 21:15:00,,,
2023-03-11 21:20:00,,,
2023-03-11 21:25:00,,,
2023-03-11 21:30:00,,,
2023-03-11 21:35:00,,,
2023-03-11 21:40:00,,,
2023-03-11 21:45:00,,,
2023-03-11 21:50:00,,,
2023-03-11 21:55:00,,,
2023-03-11 22:00:00,,,
2023-03-11 22:05:00,,,
2023-03-11 22:10:00,,,
2023-03-11 22:15:00,,,
2023-03-11 22:20:00,,,
2023-03-11 22:25:00,,,
2023-03-11 22:30:00,,,
2023-03-11 22:35:00,,,
2023-03-11 22:40:00,,,
2023-03-11 22:45:00,,,
2023-03-11 22:50:00,,,
2023-03-11 22:55:00,,,
2023-03-11 23:00:00,,,
2023-03-11 23:05:00,,,
2023-03-11 23:10:00,,,
2023-03-11 23:15:00,,,
2023-03-11 23:20:00,,,
2023-03-11 23:25:00,,,
2023-03-11 23:30:00,,,
2023-03-11 23:35:00,,,
2023-03-11 23:40:00,,,
2023-03-11 23:45:00,,,
2023-03-11 23:50:00,,,
2023-03-11 23:55:00,,,
2023-03-12 00:00:00,,,
2023-03-12 00:05:00,,,
2023-03-12 00:10:00,,,
2023-03-12 00:15:00,,,
2023-03-12 00:20:00,,,
2023-03-12 00:25:00,,,
2023-03-12 00:30:00,,,
2023-03-12 00:35:00,,,
2023-03-12 00:40:00,,,
2023-03-12 00:45:00,,,
2023-03-12 00:50:00,,,
2023-03-12 00:55:00,,,
2023-03-12 01:00:00,,,
2023-03-12 01:05:00,,,
2023-03-12 01:10:00,,,
2023-03-12 01:15:00,,,
2023-03-12 01:20:00,,,
2023-03-12 01:25:00,,,
2023-03-12 01:30:00,,,
2023-03-12 01:35:00,,,
2023-03-12 01:40:00,,,
2023-03-12 01:45:00,,,
2023-03-12 01:50:00,,,
2023-03-12 01:55:00,,,
2023-03-12 02:00:00,,,
2023-03-12 02:05:00,,,
2023-03-12 02:10:00,,,
2023-03-12 02:15:00,,,
2023-03-12 02:20:00,,,
2023-03-12 02:25:00,,,
2023-03-12 02:30:00,,,
2023-03-12 02:35:00,,,
2023-03-12 02:40:00,,,
2023-03-12 02:45:00,,,
2023-03-12 02:50:00,,,
2023-03-12 02:55:00,,,
2023-03-12 03:00:00,,,
2023-03-12 03:05:00,,,
2023-03-12 03:10:00,,,
2023-03-12 03:15:00,,,
2023-03-12 03:20:00,,,
2023-03-12 03:25:00,,,
2023-03-12 03:30:00,,,
2023-03-12 03:35:00,,,
2023-03-12 03:40:00,,,
2023-03-12 03:45:00,,,
2023-03-12 03:50:00,,,
2023-03-12 03:55:00,,,
2023-03-12 04:00:00,,,
2023-03-12 04:05:00,,,
2023-03-12 04:10:00,,,
2023-03-12 04:15:00,,,
2023-03-12 04:20:00,,,
2023-03-12 04:25:00,,,
2023-03-12 04:30:00,,,
2023-03-12 04:35:00,,,
2023-03-12 04:40:00,,,
2023-03-12 04:45:00,,,
2023-03-12 04:50:00,,,
2023-03-12 04:55:00,,,
2023-03-12 05:00:00,,,
2023-03-12 05:05:00,,,
2023-03-12 05:10:00,,,
2023-03-12 05:15:00,,,
2023-03-12 05:20:00,,,
2023-03-12 05:25:00,,,
2023-03-12 05:30:00,,,
2023-03-12 05:35:00,,,
2023-03-12 05:40:00,,,
2023-03-12 05:45:00,,,
2023-03-12 05:50:00,,,
2023-03-12 05:55:00,,,
2023-03-12 06:00:00,,,
2023-03-12 06:05:00,,,
2023-03-12 06:10:00,,,
2023-03-12 06:15:00,,,
2023-03-12 06:20:00,,,
2023-03-12 06:25:00,,,
2023-03-12 06:30:00,,,
2023-03-12 06:35:00,,,
2023-03-12 06:40:00,,,
2023-03-12 06:45:00,,,
2023-03-12 06:50:00,,,
2023-03-12 06:55:00,,,
2023-03-12 07:00:00,,,
2023-03-12 07:05:00,,,
2023-03-12 07:10:00,,,
2023-03-12 07:15:00,,,
2023-03-12 07:20:00,,,
2023-03-12 07:25:00,,,
2023-03-12 07:30:00,,,
2023-03-12 07:35:00,,,
2023-03-12 07:40:00,,,
2023-03-12 07:45:00,,,
2023-03-12 07:50:00,,,
2023-03-12 07:55:00,,,
2023-03-12 08:00:00,,,
2023-03-12 08:05:00,,,
2023-03-12 08:10:00,,,
2023-03-12 08:15:00,,,
2023-03-12 08:20:00,,,
2023-03-12 08:25:00,,,
2023-03-12 08:30:00,,,
2023-03-12 08:35:00,,,
2023-03-12 08:40:00,,,
2023-03-12 08:45:00,,,
2023-03-12 08:50:00,,,
2023-03-12 08:55:00,,,
2023-03-12 09:00:00,,,
2023-03-12 09:05:00,,,
2023-03-12 09:10:00,,,
2023-03-12 09:15:00,,,
2023-03-12 09:20:00,5.56,429.0,24.5
2023-03-12 09:25:00,,,
2023-03-12 09:30:00,,,
2023-03-12 09:35:00,,,
2023-03-12 09:40:00,5.57,419.0,24.56
2023-03-12 09:45:00,,,
2023-03-12 09:50:00,,,
2023-03-12 09:55:00,,,
2023-03-12 10:00:00,,,
2023-03-12 10:05:00,,,
2023-03-12 10:10:00,,,
2023-03-12 10:15:00,,,
2023-03-12 10:20:00,,,
2023-03-12 10:25:00,5.66,419.0,24.63
2023-03-12 10:30:00,5.51,419.0,24.69
2023-03-12 10:35:00,,,
2023-03-12 10:40:00,,,
2023-03-12 10:45:00,,,
2023-03-12 10:50:00,,,
2023-03-12 10:55:00,,,
2023-03-12 11:00:00,,,
2023-03-12 11:05:00,,,
2023-03-12 11:10:00,,,
2023-03-12 11:15:00,,,
2023-03-12 11:20:00,,,
2023-03-12 11:25:00,,,
2023-03-12 11:30:00,,,
2023-03-12 11:35:00,,,
2023-03-12 11:40:00,,,
2023-03-12 11:45:00,,,
2023-03-12 11:50:00,,,
2023-03-12 11:55:00,,,
2023-03-12 12:00:00,,,
2023-03-12 12:05:00,,,
2023-03-12 12:10:00,,,
2023-03-12 12:15:00,,,
2023-03-12 12:20:00,,,
2023-03-12 12:25:00,,,
2023-03-12 12:30:00,,,
2023-03-12 12:35:00,,,
2023-03-12 12:40:00,,,
2023-03-12 12:45:00,,,
2023-03-12 12:50:00,,,
2023-03-12 12:55:00,,,
2023-03-12 13:00:00,,,
2023-03-12 13:05:00,,,
2023-03-12 13:10:00,,,
2023-03-12 13:15:00,,,
2023-03-12 13:20:00,,,
2023-03-12 13:25:00,,,
2023-03-12 13:30:00,,,
2023-03-12 13:35:00,,,
2023-03-12 13:40:00,,,
2023-03-12 13:45:00,,,
2023-03-12 13:50:00,,,
2023-03-12 13:55:00,,,
2023-03-12 14:00:00,,,
2023-03-12 14:05:00,,,
2023-03-12 14:10:00,,,
2023-03-12 14:15:00,,,
2023-03-12 14:20:00,,,
2023-03-12 14:25:00,,,
2023-03-12 14:30:00,,,
2023-03-12 14:35:00,,,
2023-03-12 14:40:00,,,
2023-03-12 14:45:00,,,
2023-03-12 14:50:00,,,
2023-03-12 14:55:00,,,
2023-03-12 15:00:00,,,
2023-03-12 15:05:00,,,
2023-03-12 15:10:00,,,
2023-03-12 15:15:00,,,
2023-03-12 15:20:00,,,
2023-03-12 15:25:00,,,
2023-03-12 15:30:00,,,
2023-03-12 15:35:00,,,
2023-03-12 15:40:00,,,
2023-03-12 15:45:00,,,
2023-03-12 15:50:00,,,
2023-03-12 15:55:00,,,
2023-03-12 16:00:00,,,
2023-03-12 16:05:00,,,
2023-03-12 16:10:00,,,
2023-03-12 16:15:00,,,
2023-03-12 16:20:00,,,
2023-03-12 16:25:00,,,
2023-03-12 16:30:00,,,
2023-03-12 16:35:00,,,
2023-03-12 16:40:00,,,
2023-03-12 16:45:00,,,
2023-03-12 16:50:00,,,
2023-03-12 16:55:00,,,
2023-03-12 17:00:00,,,
2023-03-12 17:05:00,,,
2023-03-12 17:10:00,,,
2023-03-12 17:15:00,,,
2023-03-12 17:20:00,,,
2023-03-12 17:25:00,,,
2023-03-12 17:30:00,,,
2023-03-12 17:35:00,,,
2023-03-12 17:40:00,,,
2023-03-12 17:45:00,,,
2023-03-12 17:50:00,,,
2023-03-12 17:55:00,,,
2023-03-12 18:00:00,,,
2023-03-12 18:05:00,,,
2023-03-12 18:10:00,,,
2023-03-12 18:15:00,,,
2023-03-12 18:20:00,,,
2023-03-12 18:25:00,,,
2023-03-12 18:30:00,,,
2023-03-12 18:35:00,,,
2023-03-12 18:40:00,,,
2023-03-12 18:45:00,,,
2023-03-12 18:50:00,,,
2023-03-12 18:55:00,,,
2023-03-12 19:00:00,,,
2023-03-12 19:05:00,,,
2023-03-12 19:10:00,,,
2023-03-12 19:15:00,,,
2023-03-12 19:20:00,,,
2023-03-12 19:25:00,,,
2023-03-12 19:30:00,,,
2023-03-12 19:35:00,,,
2023-03-12 19:40:00,,,
2023-03-12 19:45:00,,,
2023-03-12 19:50:00,,,
2023-03-12 19:55:00,,,
2023-03-12 20:00:00,,,
2023-03-12 20:05:00,,,
2023-03-12 20:10:00,,,
2023-03-12 20:15:00,,,
2023-03-12 20:20:00,,,
2023-03-12 20:25:00,,,
2023-03-12 20:30:00,,,
2023-03-12 20:35:00,,,
2023-03-12 20:40:00,,,
2023-03-12 20:45:00,,,
2023-03-12 20:50:00,,,
2023-03-12 20:55:00,,,
2023-03-12 21:00:00,,,
2023-03-12 21:05:00,,,
2023-03-12 21:10:00,,,
2023-03-12 21:15:00,,,
2023-03-12 21:20:00,,,
2023-03-12 21:25:00,,,
2023-03-12 21:30:00,,,
2023-03-12 21:35:00,,,
2023-03-12 21:40:00,,,
2023-03-12 21:45:00,,,
2023-03-12 21:50:00,,,
2023-03-12 21:55:00,,,
2023-03-12 22:00:00,,,
2023-03-12 22:05:00,,,
2023-03-12 22:10:00,,,
2023-03-12 22:15:00,,,
2023-03-12 22:20:00,,,
2023-03-12 22:25:00,,,
2023-03-12 22:30:00,,,
2023-03-12 22:35:00,,,
2023-03-12 22:40:00,,,
2023-03-12 22:45:00,,,
2023-03-12 22:50:00,,,
2023-03-12 22:55:00,,,
2023-03-12 23:00:00,,,
2023-03-12 23:05:00,,,
2023-03-12 23:10:00,,,
2023-03-12 23:15:00,,,
2023-03-12 23:20:00,,,
2023-03-12 23:25:00,,,
2023-03-12 23:30:00,,,
2023-03-12 23:35:00,,,
2023-03-12 23:40:00,,,
2023-03-12 23:45:00,,,
2023-03-12 23:50:00,,,
2023-03-12 23:55:00,,,
2023-03-13 00:00:00,,,
2023-03-13 00:05:00,,,
2023-03-13 00:10:00,,,
2023-03-13 00:15:00,,,
2023-03-13 00:20:00,,,
2023-03-13 00:25:00,,,
2023-03-13 00:30:00,,,
2023-03-13 00:35:00,,,
2023-03-13 00:40:00,,,
2023-03-13 00:45:00,,,
2023-03-13 00:50:00,,,
2023-03-13 00:55:00,,,
2023-03-13 01:00:00,,,
2023-03-13 01:05:00,,,
2023-03-13 01:10:00,,,
2023-03-13 01:15:00,,,
2023-03-13 01:20:00,,,
2023-03-13 01:25:00,,,
2023-03-13 01:30:00,5.59,1092.0,25.38
2023-03-13 01:35:00,5.59,427.0,25.38
2023-03-13 01:40:00,,,
2023-03-13 01:45:00,,,
2023-03-13 01:50:00,,,
2023-03-13 01:55:00,5.57,432.0,25.31
2023-03-13 02:00:00,,,
2023-03-13 02:05:00,,,
2023-03-13 02:10:00,,,
2023-03-13 02:15:00,,,
2023-03-13 02:20:00,,,
2023-03-13 02:25:00,,,
2023-03-13 02:30:00,,,
2023-03-13 02:35:00,5.54,437.0,25.25
2023-03-13 02:40:00,5.56,432.0,25.25
2023-03-13 02:45:00,,,
2023-03-13 02:50:00,,,
2023-03-13 02:55:00,,,
2023-03-13 03:00:00,,,
2023-03-13 03:05:00,,,
2023-03-13 03:10:00,,,
2023-03-13 03:15:00,,,
2023-03-13 03:20:00,5.51,439.0,25.25
2023-03-13 03:25:00,,,
2023-03-13 03:30:00,,,
2023-03-13 03:35:00,5.54,441.0,25.19
2023-03-13 03:40:00,,,
2023-03-13 03:45:00,,,
2023-03-13 03:50:00,,,
2023-03-13 03:55:00,,,
2023-03-13 04:00:00,,,
2023-03-13 04:05:00,,,
2023-03-13 04:10:00,,,
2023-03-13 04:15:00,,,
2023-03-13 04:20:00,5.52,1100.0,25.13
2023-03-13 04:25:00,5.6,440.0,25.13
2023-03-13 04:30:00,5.64,437.0,25.13
2023-03-13 04:35:00,5.615,442.5,25.095
2023-03-13 04:40:00,,,
2023-03-13 04:45:00,5.66,440.0,25.06
2023-03-13 04:50:00,,,
2023-03-13 04:55:00,,,
2023-03-13 05:00:00,5.6899999999999995,435.0,25.06
2023-03-13 05:05:00,,,
2023-03-13 05:10:00,,,
2023-03-13 05:15:00,5.63,430.0,25.0
2023-03-13 05:20:00,,,
2023-03-13 05:25:00,,,
2023-03-13 05:30:00,,,
2023-03-13 05:35:00,5.62,435.0,24.88
2023-03-13 05:40:00,,,
2023-03-13 05:45:00,,,
2023-03-13 05:50:00,,,
2023-03-13 05:55:00,,,
2023-03-13 06:00:00,,,
2023-03-13 06:05:00,5.62,440.0,24.81
2023-03-13 06:10:00,,,
2023-03-13 06:15:00,5.56,445.0,24.75
2023-03-13 06:20:00,5.8100000000000005,438.0,24.75
2023-03-13 06:25:00,,,
2023-03-13 06:30:00,,,
2023-03-13 06:35:00,,,
2023-03-13 06:40:00,6.22,448.0,24.69
2023-03-13 06:45:00,6.22,436.0,24.69
2023-03-13 06:50:00,6.2,431.0,24.69
2023-03-13 06:55:00,6.05,438.0,24.69
2023-03-13 07:00:00,6.195,451.5,24.69
2023-03-13 07:05:00,,,
2023-03-13 07:10:00,,,
2023-03-13 07:15:00,,,
2023-03-13 07:20:00,6.18,448.0,24.63
2023-03-13 07:25:00,,,
2023-03-13 07:30:00,,,
2023-03-13 07:35:00,,,
2023-03-13 07:40:00,,,
2023-03-13 07:45:00,6.87,453.0,24.63
2023-03-13 07:50:00,,,
2023-03-13 07:55:00,,,
2023-03-13 08:00:00,6.56,453.0,24.63
2023-03-13 08:05:00,,,
2023-03-13 08:10:00,,,
2023-03-13 08:15:00,,,
2023-03-13 08:20:00,,,
2023-03-13 08:25:00,,,
2023-03-13 08:30:00,,,
2023-03-13 08:35:00,,,
2023-03-13 08:40:00,,,
2023-03-13 08:45:00,,,
2023-03-13 08:50:00,,,
2023-03-13 08:55:00,,,
2023-03-13 09:00:00,,,
2023-03-13 09:05:00,,,
2023-03-13 09:10:00,,,
2023-03-13 09:15:00,,,
2023-03-13 09:20:00,,,
2023-03-13 09:25:00,,,
2023-03-13 09:30:00,,,
2023-03-13 09:35:00,,,
2023-03-13 09:40:00,,,
2023-03-13 09:45:00,,,
2023-03-13 09:50:00,,,
2023-03-13 09:55:00,,,
2023-03-13 10:00:00,,,
2023-03-13 10:05:00,,,
2023-03-13 10:10:00,,,
2023-03-13 10:15:00,,,
2023-03-13 10:20:00,,,
2023-03-13 10:25:00,,,
2023-03-13 10:30:00,,,
2023-03-13 10:35:00,,,
2023-03-13 10:40:00,,,
2023-03-13 10:45:00,,,
2023-03-13 10:50:00,,,
2023-03-13 10:55:00,,,
2023-03-13 11:00:00,,,
2023-03-13 11:05:00,,,
2023-03-13 11:10:00,,,
2023-03-13 11:15:00,,,
2023-03-13 11:20:00,,,
2023-03-13 11:25:00,,,
2023-03-13 11:30:00,,,
2023-03-13 11:35:00,,,
2023-03-13 11:40:00,,,
2023-03-13 11:45:00,,,
2023-03-13 11:50:00,,,
2023-03-13 11:55:00,,,
2023-03-13 12:00:00,,,
2023-03-13 12:05:00,,,
2023-03-13 12:10:00,,,
2023-03-13 12:15:00,,,
2023-03-13 12:20:00,,,
2023-03-13 12:25:00,,,
2023-03-13 12:30:00,,,
2023-03-13 12:35:00,,,
2023-03-13 12:40:00,,,
2023-03-13 12:45:00,,,
2023-03-13 12:50:00,,,
2023-03-13 12:55:00,,,
2023-03-13 13:00:00,,,
2023-03-13 13:05:00,,,
2023-03-13 13:10:00,,,
2023-03-13 13:15:00,,,
2023-03-13 13:20:00,,,
2023-03-13 13:25:00,,,
2023-03-13 13:30:00,,,
2023-03-13 13:35:00,,,
2023-03-13 13:40:00,,,
2023-03-13 13:45:00,,,
2023-03-13 13:50:00,,,
2023-03-13 13:55:00,,,
2023-03-13 14:00:00,,,
2023-03-13 14:05:00,,,
2023-03-13 14:10:00,,,
2023-03-13 14:15:00,,,
2023-03-13 14:20:00,,,
2023-03-13 14:25:00,,,
2023-03-13 14:30:00,,,
2023-03-13 14:35:00,,,
2023-03-13 14:40:00,,,
2023-03-13 14:45:00,,,
2023-03-13 14:50:00,,,
2023-03-13 14:55:00,,,
2023-03-13 15:00:00,,,
2023-03-13 15:05:00,,,
2023-03-13 15:10:00,,,
2023-03-13 15:15:00,,,
2023-03-13 15:20:00,,,
2023-03-13 15:25:00,,,
2023-03-13 15:30:00,,,
2023-03-13 15:35:00,,,
2023-03-13 15:40:00,,,
2023-03-13 15:45:00,,,
2023-03-13 15:50:00,,,
2023-03-13 15:55:00,,,
2023-03-13 16:00:00,,,
2023-03-13 16:05:00,,,
2023-03-13 16:10:00,,,
2023-03-13 16:15:00,,,
2023-03-13 16:20:00,,,
2023-03-13 16:25:00,,,
2023-03-13 16:30:00,,,
2023-03-13 16:35:00,,,
2023-03-13 16:40:00,,,
2023-03-13 16:45:00,,,
2023-03-13 16:50:00,,,
2023-03-13 16:55:00,,,
2023-03-13 17:00:00,,,
2023-03-13 17:05:00,,,
2023-03-13 17:10:00,,,
2023-03-13 17:15:00,,,
2023-03-13 17:20:00,,,
2023-03-13 17:25:00,,,
2023-03-13 17:30:00,,,
2023-03-13 17:35:00,,,
2023-03-13 17:40:00,5.86,471.0,26.095
2023-03-13 17:45:00,5.76,476.0,27.19
2023-03-13 17:50:00,5.81,471.0,27.19
2023-03-13 17:55:00,,,
2023-03-13 18:00:00,,,
2023-03-13 18:05:00,,,
2023-03-13 18:10:00,,,
2023-03-13 18:15:00,,,
2023-03-13 18:20:00,,,
2023-03-13 18:25:00,,,
2023-03-13 18:30:00,,,
2023-03-13 18:35:00,,,
2023-03-13 18:40:00,,,
2023-03-13 18:45:00,,,
2023-03-13 18:50:00,,,
2023-03-13 18:55:00,5.97,473.5,27.16
2023-03-13 19:00:00,6.2,468.0,27.19
2023-03-13 19:05:00,6.05,474.0,27.19
2023-03-13 19:10:00,6.19,466.0,27.19
2023-03-13 19:15:00,6.16,466.0,27.13
2023-03-13 19:20:00,5.98,466.0,27.13
2023-03-13 19:25:00,5.85,469.0,27.13
2023-03-13 19:30:00,6.085,841.5,27.13
2023-03-13 19:35:00,6.13,469.0,27.13
2023-03-13 19:40:00,6.11,474.0,27.13
2023-03-13 19:45:00,6.06,470.0,27.13
2023-03-13 19:50:00,5.975,468.5,27.13
2023-03-13 19:55:00,,,
2023-03-13 20:00:00,,,
2023-03-13 20:05:00,,,
2023-03-13 20:10:00,,,
2023-03-13 20:15:00,,,
2023-03-13 20:20:00,6.15,466.0,27.13
2023-03-13 20:25:00,,,
2023-03-13 20:30:00,5.96,838.5,27.06
2023-03-13 20:35:00,,,
2023-03-13 20:40:00,6.03,469.0,27.06
2023-03-13 20:45:00,6.0600000000000005,467.5,27.06
2023-03-13 20:50:00,5.93,474.0,27.06
2023-03-13 20:55:00,6.07,471.0,27.06
2023-03-13 21:00:00,5.55,466.0,27.06
2023-03-13 21:05:00,,,
2023-03-13 21:10:00,,,
2023-03-13 21:15:00,,,
2023-03-13 21:20:00,5.645,465.0,27.0
2023-03-13 21:25:00,,,
2023-03-13 21:30:00,6.005,467.5,27.0
2023-03-13 21:35:00,6.035,461.0,27.0
2023-03-13 21:40:00,5.94,459.0,26.94
2023-03-13 21:45:00,6.05,464.0,26.94
2023-03-13 21:50:00,6.0,464.0,26.94
2023-03-13 21:55:00,6.0600000000000005,462.5,26.94
2023-03-13 22:00:00,5.89,461.0,26.94
2023-03-13 22:05:00,5.97,461.5,26.94
2023-03-13 22:10:00,,,
2023-03-13 22:15:00,6.08,461.0,26.88
2023-03-13 22:20:00,5.86,464.0,26.88
2023-03-13 22:25:00,5.8,464.0,26.88
2023-03-13 22:30:00,6.05,456.0,26.88
2023-03-13 22:35:00,5.904999999999999,461.0,26.88
2023-03-13 22:40:00,5.960000000000001,461.0,26.88
2023-03-13 22:45:00,5.975,460.0,26.845
2023-03-13 22:50:00,6.01,464.0,26.81
2023-03-13 22:55:00,5.62,462.0,26.81
2023-03-13 23:00:00,5.9,462.0,26.81
2023-03-13 23:05:00,5.93,462.0,26.75
2023-03-13 23:10:00,5.84,460.5,26.81
2023-03-13 23:15:00,,,
2023-03-13 23:20:00,5.81,464.0,26.75
2023-03-13 23:25:00,5.83,465.5,26.75
2023-03-13 23:30:00,5.82,467.0,26.75
2023-03-13 23:35:00,5.805,467.0,26.75
2023-03-13 23:40:00,5.789999999999999,469.0,26.72
2023-03-13 23:45:00,5.805,466.5,26.72
2023-03-13 23:50:00,5.77,467.0,26.69
2023-03-13 23:55:00,5.79,472.0,26.69
2023-03-14 00:00:00,5.89,467.0,26.69
2023-03-14 00:05:00,5.79,469.0,26.69
2023-03-14 00:10:00,5.885,464.5,26.69
2023-03-14 00:15:00,5.715,466.5,26.66
2023-03-14 00:20:00,5.88,467.0,26.63
2023-03-14 00:25:00,5.875,473.5,26.63
2023-03-14 00:30:00,5.6899999999999995,467.0,26.63
2023-03-14 00:35:00,5.68,467.0,26.63
2023-03-14 00:40:00,5.855,467.0,26.56
2023-03-14 00:45:00,5.845000000000001,467.0,26.595
2023-03-14 00:50:00,5.9,467.0,26.56
2023-03-14 00:55:00,5.67,467.0,26.56
2023-03-14 01:00:00,5.79,462.0,26.56
2023-03-14 01:05:00,5.82,462.0,26.56
2023-03-14 01:10:00,5.82,465.0,26.56
2023-03-14 01:15:00,5.720000000000001,460.5,26.56
2023-03-14 01:20:00,5.715,462.0,26.5
2023-03-14 01:25:00,5.69,462.0,26.5
2023-03-14 01:30:00,5.73,462.0,26.5
2023-03-14 01:35:00,5.825,462.0,26.5
2023-03-14 01:40:00,5.85,462.0,26.5
2023-03-14 01:45:00,5.8100000000000005,463.5,26.44
2023-03-14 01:50:00,5.75,466.0,26.44
2023-03-14 01:55:00,5.8149999999999995,465.0,26.44
2023-03-14 02:00:00,,,
2023-03-14 02:05:00,5.96,836.5,26.44
2023-03-14 02:10:00,5.9,467.0,26.44
2023-03-14 02:15:00,5.640000000000001,462.0,26.44
2023-03-14 02:20:00,5.73,460.0,26.38
2023-03-14 02:25:00,5.85,456.0,26.38
2023-03-14 02:30:00,5.785,465.0,26.38
2023-03-14 02:35:00,5.79,457.0,26.38
2023-03-14 02:40:00,5.75,465.0,26.31
2023-03-14 02:45:00,5.81,460.0,26.31
2023-03-14 02:50:00,5.75,465.5,26.28
2023-03-14 02:55:00,5.83,460.0,26.25
2023-03-14 03:00:00,5.8,461.5,26.25
2023-03-14 03:05:00,5.9,455.0,26.25
2023-03-14 03:10:00,5.84,455.0,26.25
2023-03-14 03:15:00,5.8,450.0,26.25
2023-03-14 03:20:00,5.8,455.0,26.19
2023-03-14 03:25:00,5.735,456.5,26.19
2023-03-14 03:30:00,5.78,455.0,26.19
2023-03-14 03:35:00,5.75,448.0,26.19
2023-03-14 03:40:00,5.76,458.0,26.19
2023-03-14 03:45:00,5.78,450.0,26.13
2023-03-14 03:50:00,5.735,454.0,26.13
2023-03-14 03:55:00,5.83,450.0,26.13
2023-03-14 04:00:00,5.92,463.0,26.13
2023-03-14 04:05:00,5.75,450.0,26.13
2023-03-14 04:10:00,5.7,455.0,26.06
2023-03-14 04:15:00,5.56,455.0,26.06
2023-03-14 04:20:00,5.74,454.0,26.06
2023-03-14 04:25:00,5.765000000000001,454.0,26.06
2023-03-14 04:30:00,5.72,450.0,26.06
2023-03-14 04:35:00,5.77,450.0,26.0
2023-03-14 04:40:00,5.74,450.0,26.0
2023-03-14 04:45:00,5.73,450.0,26.0
2023-03-14 04:50:00,5.78,450.0,26.0
2023-03-14 04:55:00,5.775,456.0,25.94
2023-03-14 05:00:00,5.64,450.0,25.94
2023-03-14 05:05:00,5.65,448.0,25.94
2023-03-14 05:10:00,5.795,432.0,25.88
2023-03-14 05:15:00,5.7,419.0,25.88
2023-03-14 05:20:00,5.85,431.0,25.88
2023-03-14 05:25:00,5.6850000000000005,430.0,25.88
2023-03-14 05:30:00,5.7,426.0,25.81
2023-03-14 05:35:00,5.69,431.0,25.81
2023-03-14 05:40:00,5.795,429.0,25.81
2023-03-14 05:45:00,5.78,435.0,25.81
2023-03-14 05:50:00,5.79,431.0,25.81
2023-03-14 05:55:00,5.595,434.0,25.78
2023-03-14 06:00:00,5.83,439.0,25.75
2023-03-14 06:05:00,5.63,446.0,25.75
2023-03-14 06:10:00,5.7,446.0,25.75
2023-03-14 06:15:00,5.705,792.5,25.75
2023-03-14 06:20:00,5.69,446.0,25.75
2023-03-14 06:25:00,5.62,445.5,25.72
2023-03-14 06:30:00,5.62,446.0,25.69
2023-03-14 06:35:00,5.635,449.0,25.69
2023-03-14 06:40:00,5.76,449.0,25.69
2023-03-14 06:45:00,5.53,446.0,25.69
2023-03-14 06:50:00,5.72,446.0,25.69
2023-03-14 06:55:00,5.68,447.5,25.69
2023-03-14 07:00:00,5.62,446.0,25.69
2023-03-14 07:05:00,5.58,449.0,25.63
2023-03-14 07:10:00,5.765000000000001,448.5,25.66
2023-03-14 07:15:00,,,
2023-03-14 07:20:00,5.63,450.0,25.63
2023-03-14 07:25:00,5.63,450.0,25.63
2023-03-14 07:30:00,5.715,450.0,25.63
2023-03-14 07:35:00,5.78,459.0,25.63
2023-03-14 07:40:00,,,
2023-03-14 07:45:00,,,
2023-03-14 07:50:00,5.68,449.0,25.63
2023-03-14 07:55:00,5.5600000000000005,450.0,25.63
2023-03-14 08:00:00,5.615,447.5,25.63
2023-03-14 08:05:00,5.735,446.0,25.595
2023-03-14 08:10:00,,,
2023-03-14 08:15:00,5.57,441.0,25.63
2023-03-14 08:20:00,5.699999999999999,444.0,25.63
2023-03-14 08:25:00,,,
2023-03-14 08:30:00,5.66,436.0,25.63
2023-03-14 08:35:00,5.71,434.0,25.63
2023-03-14 08:40:00,,,
2023-03-14 08:45:00,,,
2023-03-14 08:50:00,5.63,446.0,25.63
2023-03-14 08:55:00,5.73,436.0,25.63
2023-03-14 09:00:00,5.67,441.0,25.63
2023-03-14 09:05:00,,,
2023-03-14 09:10:00,,,
2023-03-14 09:15:00,,,
2023-03-14 09:20:00,,,
2023-03-14 09:25:00,,,
2023-03-14 09:30:00,,,
2023-03-14 09:35:00,,,
2023-03-14 09:40:00,,,
2023-03-14 09:45:00,,,
2023-03-14 09:50:00,,,
2023-03-14 09:55:00,,,
2023-03-14 10:00:00,,,
2023-03-14 10:05:00,,,
2023-03-14 10:10:00,,,
2023-03-14 10:15:00,,,
2023-03-14 10:20:00,,,
2023-03-14 10:25:00,,,
2023-03-14 10:30:00,,,
2023-03-14 10:35:00,,,
2023-03-14 10:40:00,,,
2023-03-14 10:45:00,,,
2023-03-14 10:50:00,,,
2023-03-14 10:55:00,,,
2023-03-14 11:00:00,,,
2023-03-14 11:05:00,,,
2023-03-14 11:10:00,,,
2023-03-14 11:15:00,,,
2023-03-14 11:20:00,,,
2023-03-14 11:25:00,,,
2023-03-14 11:30:00,,,
2023-03-14 11:35:00,,,
2023-03-14 11:40:00,,,
2023-03-14 11:45:00,,,
2023-03-14 11:50:00,,,
2023-03-14 11:55:00,,,
2023-03-14 12:00:00,,,
2023-03-14 12:05:00,,,
2023-03-14 12:10:00,,,
2023-03-14 12:15:00,,,
2023-03-14 12:20:00,,,
2023-03-14 12:25:00,,,
2023-03-14 12:30:00,,,
2023-03-14 12:35:00,,,
2023-03-14 12:40:00,,,
2023-03-14 12:45:00,,,
2023-03-14 12:50:00,,,
2023-03-14 12:55:00,,,
2023-03-14 13:00:00,,,
2023-03-14 13:05:00,,,
2023-03-14 13:10:00,,,
2023-03-14 13:15:00,,,
2023-03-14 13:20:00,,,
2023-03-14 13:25:00,,,
2023-03-14 13:30:00,,,
2023-03-14 13:35:00,,,
2023-03-14 13:40:00,,,
2023-03-14 13:45:00,,,
2023-03-14 13:50:00,,,
2023-03-14 13:55:00,,,
2023-03-14 14:00:00,,,
2023-03-14 14:05:00,,,
2023-03-14 14:10:00,,,
2023-03-14 14:15:00,,,
2023-03-14 14:20:00,,,
2023-03-14 14:25:00,,,
2023-03-14 14:30:00,,,
2023-03-14 14:35:00,,,
2023-03-14 14:40:00,,,
2023-03-14 14:45:00,,,
2023-03-14 14:50:00,,,
2023-03-14 14:55:00,,,
2023-03-14 15:00:00,,,
2023-03-14 15:05:00,,,
2023-03-14 15:10:00,,,
2023-03-14 15:15:00,,,
2023-03-14 15:20:00,,,
2023-03-14 15:25:00,,,
2023-03-14 15:30:00,,,
2023-03-14 15:35:00,,,
2023-03-14 15:40:00,,,
2023-03-14 15:45:00,,,
2023-03-14 15:50:00,,,
2023-03-14 15:55:00,,,
2023-03-14 16:00:00,,,
2023-03-14 16:05:00,,,
2023-03-14 16:10:00,,,
2023-03-14 16:15:00,,,
2023-03-14 16:20:00,,,
2023-03-14 16:25:00,,,
2023-03-14 16:30:00,,,
2023-03-14 16:35:00,,,
2023-03-14 16:40:00,,,
2023-03-14 16:45:00,,,
2023-03-14 16:50:00,,,
2023-03-14 16:55:00,,,
2023-03-14 17:00:00,,,
2023-03-14 17:05:00,,,
2023-03-14 17:10:00,,,
2023-03-14 17:15:00,,,
2023-03-14 17:20:00,,,
2023-03-14 17:25:00,,,
2023-03-14 17:30:00,,,
2023-03-14 17:35:00,,,
2023-03-14 17:40:00,,,
2023-03-14 17:45:00,,,
2023-03-14 17:50:00,,,
2023-03-14 17:55:00,,,
2023-03-14 18:00:00,,,
2023-03-14 18:05:00,,,
2023-03-14 18:10:00,,,
2023-03-14 18:15:00,,,
2023-03-14 18:20:00,,,
2023-03-14 18:25:00,,,
2023-03-14 18:30:00,,,
2023-03-14 18:35:00,,,
2023-03-14 18:40:00,,,
2023-03-14 18:45:00,,,
2023-03-14 18:50:00,,,
2023-03-14 18:55:00,,,
2023-03-14 19:00:00,,,
2023-03-14 19:05:00,,,
2023-03-14 19:10:00,,,
2023-03-14 19:15:00,,,
2023-03-14 19:20:00,,,
2023-03-14 19:25:00,,,
2023-03-14 19:30:00,,,
2023-03-14 19:35:00,,,
2023-03-14 19:40:00,5.61,457.0,26.75
2023-03-14 19:45:00,5.58,454.0,26.75
2023-03-14 19:50:00,5.59,459.0,26.75
2023-03-14 19:55:00,,,
2023-03-14 20:00:00,,,
2023-03-14 20:05:00,,,
2023-03-14 20:10:00,,,
2023-03-14 20:15:00,,,
2023-03-14 20:20:00,,,
2023-03-14 20:25:00,5.53,457.0,26.63
2023-03-14 20:30:00,,,
2023-03-14 20:35:00,5.64,459.0,26.63
2023-03-14 20:40:00,,,
2023-03-14 20:45:00,,,
2023-03-14 20:50:00,5.67,454.0,26.63
2023-03-14 20:55:00,,,
2023-03-14 21:00:00,,,
2023-03-14 21:05:00,,,
2023-03-14 21:10:00,,,
2023-03-14 21:15:00,,,
2023-03-14 21:20:00,,,
2023-03-14 21:25:00,,,
2023-03-14 21:30:00,,,
2023-03-14 21:35:00,,,
2023-03-14 21:40:00,,,
2023-03-14 21:45:00,,,
2023-03-14 21:50:00,,,
2023-03-14 21:55:00,,,
2023-03-14 22:00:00,,,
2023-03-14 22:05:00,,,
2023-03-14 22:10:00,,,
2023-03-14 22:15:00,5.52,462.0,26.5
2023-03-14 22:20:00,5.7,457.0,26.5
2023-03-14 22:25:00,5.64,462.0,26.44
2023-03-14 22:30:00,,,
2023-03-14 22:35:00,5.62,460.0,26.44
2023-03-14 22:40:00,5.654999999999999,810.5,26.44
2023-03-14 22:45:00,5.555,457.0,26.44
2023-03-14 22:50:00,5.625,458.5,26.44
2023-03-14 22:55:00,5.69,465.0,26.38
2023-03-14 23:00:00,5.625,820.5,26.38
2023-03-14 23:05:00,5.615,456.0,26.38
2023-03-14 23:10:00,5.77,455.0,26.38
2023-03-14 23:15:00,5.64,455.0,26.38
2023-03-14 23:20:00,5.69,457.0,26.38
2023-03-14 23:25:00,5.62,455.0,26.31
2023-03-14 23:30:00,5.64,456.0,26.31
2023-03-14 23:35:00,5.6,455.0,26.31
2023-03-14 23:40:00,5.63,455.0,26.31
2023-03-14 23:45:00,5.65,450.0,26.31
2023-03-14 23:50:00,5.59,457.5,26.31
2023-03-14 23:55:00,5.725,812.5,26.25
2023-03-15 00:00:00,5.64,450.0,26.25
2023-03-15 00:05:00,5.56,455.0,26.25
2023-03-15 00:10:00,5.62,458.0,26.25
2023-03-15 00:15:00,5.62,458.0,26.25
2023-03-15 00:20:00,5.615,456.5,26.25
2023-03-15 00:25:00,5.615,452.5,26.25
2023-03-15 00:30:00,5.66,458.0,26.22
2023-03-15 00:35:00,5.6,458.0,26.19
2023-03-15 00:40:00,5.635,455.0,26.19
2023-03-15 00:45:00,5.62,450.0,26.19
2023-03-15 00:50:00,5.62,458.0,26.19
2023-03-15 00:55:00,5.63,458.0,26.19
2023-03-15 01:00:00,5.63,455.0,26.19
2023-03-15 01:05:00,5.640000000000001,455.0,26.13
2023-03-15 01:10:00,5.625,455.0,26.13
2023-03-15 01:15:00,5.66,460.0,26.13
2023-03-15 01:20:00,5.585,452.5,26.13
2023-03-15 01:25:00,5.665,452.5,26.13
2023-03-15 01:30:00,5.609999999999999,449.0,26.13
2023-03-15 01:35:00,5.62,450.0,26.13
2023-03-15 01:40:00,,,
2023-03-15 01:45:00,5.71,450.0,26.06
2023-03-15 01:50:00,,,
2023-03-15 01:55:00,,,
2023-03-15 02:00:00,,,
2023-03-15 02:05:00,,,
2023-03-15 02:10:00,,,
2023-03-15 02:15:00,,,
2023-03-15 02:20:00,,,
2023-03-15 02:25:00,,,
2023-03-15 02:30:00,5.77,448.0,25.94
2023-03-15 02:35:00,5.675000000000001,451.0,25.94
2023-03-15 02:40:00,5.695,447.0,25.94
2023-03-15 02:45:00,5.65,448.0,25.94
2023-03-15 02:50:00,5.73,451.0,25.88
2023-03-15 02:55:00,5.59,445.5,25.88
2023-03-15 03:00:00,5.59,446.0,25.88
2023-03-15 03:05:00,5.655,447.0,25.88
2023-03-15 03:10:00,5.6850000000000005,445.5,25.88
2023-03-15 03:15:00,5.63,451.0,25.81
2023-03-15 03:20:00,5.640000000000001,448.5,25.81
2023-03-15 03:25:00,5.705,448.0,25.81
2023-03-15 03:30:00,5.65,448.0,25.81
2023-03-15 03:35:00,5.645,448.0,25.81
2023-03-15 03:40:00,5.7,448.0,25.81
2023-03-15 03:45:00,5.6,451.0,25.81
2023-03-15 03:50:00,5.58,448.0,25.81
2023-03-15 03:55:00,5.7,448.0,25.75
2023-03-15 04:00:00,5.605,448.5,25.75
2023-03-15 04:05:00,5.61,446.0,25.75
2023-03-15 04:10:00,5.609999999999999,447.0,25.75
2023-03-15 04:15:00,5.55,448.0,25.75
2023-03-15 04:20:00,5.58,795.0,25.75
2023-03-15 04:25:00,5.53,443.0,25.69
2023-03-15 04:30:00,5.555,447.5,25.69
2023-03-15 04:35:00,5.74,446.0,25.69
2023-03-15 04:40:00,5.73,446.0,25.69
2023-03-15 04:45:00,5.7,449.0,25.69
2023-03-15 04:50:00,5.68,449.0,25.69
2023-03-15 04:55:00,5.734999999999999,446.0,25.69
2023-03-15 05:00:00,5.595000000000001,450.0,25.66
2023-03-15 05:05:00,5.654999999999999,449.0,25.66
2023-03-15 05:10:00,5.625,447.5,25.63
2023-03-15 05:15:00,5.65,446.0,25.63
2023-03-15 05:20:00,5.635,448.5,25.63
2023-03-15 05:25:00,5.6,450.0,25.63
2023-03-15 05:30:00,,,
2023-03-15 05:35:00,,,
2023-03-15 05:40:00,,,
2023-03-15 05:45:00,,,
2023-03-15 05:50:00,,,
2023-03-15 05:55:00,,,
2023-03-15 06:00:00,,,
2023-03-15 06:05:00,,,
2023-03-15 06:10:00,,,
2023-03-15 06:15:00,5.720000000000001,445.5,25.44
2023-03-15 06:20:00,,,
2023-03-15 06:25:00,5.8,451.0,25.44
2023-03-15 06:30:00,5.515,445.5,25.44
2023-03-15 06:35:00,5.57,449.0,25.44
2023-03-15 06:40:00,5.665,455.5,25.44
2023-03-15 06:45:00,5.7,445.5,25.44
2023-03-15 06:50:00,5.56,452.0,25.44
2023-03-15 06:55:00,,,
2023-03-15 07:00:00,5.715,450.5,25.38
2023-03-15 07:05:00,5.68,1134.0,25.38
2023-03-15 07:10:00,5.8,447.0,25.38
2023-03-15 07:15:00,5.785,450.5,25.38
2023-03-15 07:20:00,5.66,447.0,25.38
2023-03-15 07:25:00,5.62,462.0,25.31
2023-03-15 07:30:00,5.59,444.0,25.31
2023-03-15 07:35:00,5.76,452.0,25.31
2023-03-15 07:40:00,5.59,459.0,25.31
2023-03-15 07:45:00,5.6,447.0,25.31
2023-03-15 07:50:00,5.63,442.0,25.31
2023-03-15 07:55:00,5.734999999999999,446.5,25.31
2023-03-15 08:00:00,5.675000000000001,439.0,25.31
2023-03-15 08:05:00,5.7,442.0,25.31
2023-03-15 08:10:00,5.73,434.0,25.31
2023-03-15 08:15:00,5.75,422.0,25.31
2023-03-15 08:20:00,5.68,457.0,25.31
2023-03-15 08:25:00,5.68,444.0,25.31
2023-03-15 08:30:00,5.715,445.5,25.345
2023-03-15 08:35:00,5.785,445.5,25.38
2023-03-15 08:40:00,5.75,447.0,25.38
2023-03-15 08:45:00,5.824999999999999,437.0,25.31
2023-03-15 08:50:00,5.789999999999999,424.5,25.31
2023-03-15 08:55:00,5.83,416.5,25.31
2023-03-15 09:00:00,5.85,422.5,25.31
2023-03-15 09:05:00,5.915,413.0,25.31
2023-03-15 09:10:00,6.01,404.0,25.31
2023-03-15 09:15:00,5.79,414.0,25.38
2023-03-15 09:20:00,,,
2023-03-15 09:25:00,,,
2023-03-15 09:30:00,,,
2023-03-15 09:35:00,,,
2023-03-15 09:40:00,,,
2023-03-15 09:45:00,,,
2023-03-15 09:50:00,,,
2023-03-15 09:55:00,,,
2023-03-15 10:00:00,,,
2023-03-15 10:05:00,,,
2023-03-15 10:10:00,,,
2023-03-15 10:15:00,,,
2023-03-15 10:20:00,,,
2023-03-15 10:25:00,,,
2023-03-15 10:30:00,,,
2023-03-15 10:35:00,,,
2023-03-15 10:40:00,,,
2023-03-15 10:45:00,,,
2023-03-15 10:50:00,,,
2023-03-15 10:55:00,,,
2023-03-15 11:00:00,,,
2023-03-15 11:05:00,,,
2023-03-15 11:10:00,,,
2023-03-15 11:15:00,,,
2023-03-15 11:20:00,,,
2023-03-15 11:25:00,,,
2023-03-15 11:30:00,,,
2023-03-15 11:35:00,,,
2023-03-15 11:40:00,,,
2023-03-15 11:45:00,,,
2023-03-15 11:50:00,,,
2023-03-15 11:55:00,,,
2023-03-15 12:00:00,,,
2023-03-15 12:05:00,,,
2023-03-15 12:10:00,,,
2023-03-15 12:15:00,,,
2023-03-15 12:20:00,,,
2023-03-15 12:25:00,,,
2023-03-15 12:30:00,,,
2023-03-15 12:35:00,,,
2023-03-15 12:40:00,,,
2023-03-15 12:45:00,,,
2023-03-15 12:50:00,,,
2023-03-15 12:55:00,,,
2023-03-15 13:00:00,,,
2023-03-15 13:05:00,,,
2023-03-15 13:10:00,,,
2023-03-15 13:15:00,,,
2023-03-15 13:20:00,,,
2023-03-15 13:25:00,,,
2023-03-15 13:30:00,,,
2023-03-15 13:35:00,,,
2023-03-15 13:40:00,,,
2023-03-15 13:45:00,,,
2023-03-15 13:50:00,,,
2023-03-15 13:55:00,,,
2023-03-15 14:00:00,,,
2023-03-15 14:05:00,,,
2023-03-15 14:10:00,,,
2023-03-15 14:15:00,,,
2023-03-15 14:20:00,,,
2023-03-15 14:25:00,,,
2023-03-15 14:30:00,,,
2023-03-15 14:35:00,,,
2023-03-15 14:40:00,,,
2023-03-15 14:45:00,,,
2023-03-15 14:50:00,,,
2023-03-15 14:55:00,,,
2023-03-15 15:00:00,,,
2023-03-15 15:05:00,,,
2023-03-15 15:10:00,,,
2023-03-15 15:15:00,,,
2023-03-15 15:20:00,,,
2023-03-15 15:25:00,,,
2023-03-15 15:30:00,,,
2023-03-15 15:35:00,,,
2023-03-15 15:40:00,,,
2023-03-15 15:45:00,,,
2023-03-15 15:50:00,,,
2023-03-15 15:55:00,,,
2023-03-15 16:00:00,,,
2023-03-15 16:05:00,,,
2023-03-15 16:10:00,,,
2023-03-15 16:15:00,,,
2023-03-15 16:20:00,,,
2023-03-15 16:25:00,,,
2023-03-15 16:30:00,,,
2023-03-15 16:35:00,,,
2023-03-15 16:40:00,,,
2023-03-15 16:45:00,,,
2023-03-15 16:50:00,,,
2023-03-15 16:55:00,,,
2023-03-15 17:00:00,,,
2023-03-15 17:05:00,,,
2023-03-15 17:10:00,,,
2023-03-15 17:15:00,,,
2023-03-15 17:20:00,,,
2023-03-15 17:25:00,,,
2023-03-15 17:30:00,,,
2023-03-15 17:35:00,,,
2023-03-15 17:40:00,,,
2023-03-15 17:45:00,,,
2023-03-15 17:50:00,,,
2023-03-15 17:55:00,,,
2023-03-15 18:00:00,,,
2023-03-15 18:05:00,,,
2023-03-15 18:10:00,,,
2023-03-15 18:15:00,,,
2023-03-15 18:20:00,,,
2023-03-15 18:25:00,,,
2023-03-15 18:30:00,,,
2023-03-15 18:35:00,,,
2023-03-15 18:40:00,,,
2023-03-15 18:45:00,,,
2023-03-15 18:50:00,6.35,765.5,25.5
2023-03-15 18:55:00,,,
2023-03-15 19:00:00,6.17,441.0,25.5
2023-03-15 19:05:00,,,
2023-03-15 19:10:00,,,
2023-03-15 19:15:00,,,
2023-03-15 19:20:00,6.11,439.0,25.5
2023-03-15 19:25:00,6.109999999999999,436.5,25.44
2023-03-15 19:30:00,6.255,437.0,25.44
2023-03-15 19:35:00,6.455,769.5,25.44
2023-03-15 19:40:00,6.26,432.0,25.44
2023-03-15 19:45:00,6.35,437.0,25.44
2023-03-15 19:50:00,,,
2023-03-15 19:55:00,,,
2023-03-15 20:00:00,,,
2023-03-15 20:05:00,,,
2023-03-15 20:10:00,6.295,759.0,25.38
2023-03-15 20:15:00,5.96,437.0,25.38
2023-03-15 20:20:00,6.1,437.0,25.38
2023-03-15 20:25:00,,,
2023-03-15 20:30:00,,,
2023-03-15 20:35:00,,,
2023-03-15 20:40:00,,,
2023-03-15 20:45:00,6.135,435.5,25.38
2023-03-15 20:50:00,6.27,437.0,25.31
2023-03-15 20:55:00,6.145,439.0,25.345
2023-03-15 21:00:00,,,
2023-03-15 21:05:00,,,
2023-03-15 21:10:00,,,
2023-03-15 21:15:00,6.0,1092.0,25.31
2023-03-15 21:20:00,5.95,434.0,25.31
2023-03-15 21:25:00,5.95,439.0,25.31
2023-03-15 21:30:00,5.875,434.5,25.25
2023-03-15 21:35:00,5.985,434.0,25.25
2023-03-15 21:40:00,5.91,437.0,25.25
2023-03-15 21:45:00,5.915,436.0,25.25
2023-03-15 21:50:00,5.945,435.0,25.25
2023-03-15 21:55:00,5.91,436.0,25.25
2023-03-15 22:00:00,5.94,435.0,25.25
2023-03-15 22:05:00,5.965,435.0,25.25
2023-03-15 22:10:00,5.93,436.0,25.19
2023-03-15 22:15:00,5.94,435.0,25.19
2023-03-15 22:20:00,5.9,435.0,25.19
2023-03-15 22:25:00,5.91,435.0,25.19
2023-03-15 22:30:00,5.865,432.0,25.19
2023-03-15 22:35:00,5.94,433.5,25.19
2023-03-15 22:40:00,5.87,432.0,25.19
2023-03-15 22:45:00,5.94,409.0,25.13
2023-03-15 22:50:00,6.07,413.0,25.19
2023-03-15 22:55:00,5.805,413.0,25.13
2023-03-15 23:00:00,6.0,413.0,25.13
2023-03-15 23:05:00,6.005,414.5,25.13
2023-03-15 23:10:00,6.075,413.0,25.13
2023-03-15 23:15:00,6.135,413.0,25.13
2023-03-15 23:20:00,6.09,413.0,25.13
2023-03-15 23:25:00,6.085,413.0,25.13
2023-03-15 23:30:00,6.075,413.0,25.13
2023-03-15 23:35:00,6.07,404.0,25.06
2023-03-15 23:40:00,6.06,411.0,25.06
2023-03-15 23:45:00,6.15,409.0,25.06
2023-03-15 23:50:00,6.12,418.0,25.06
2023-03-15 23:55:00,6.07,418.0,25.06
2023-03-16 00:00:00,6.15,418.0,25.06
2023-03-16 00:05:00,6.09,420.0,25.06
2023-03-16 00:10:00,6.0,420.0,25.0
2023-03-16 00:15:00,6.14,421.0,25.0
2023-03-16 00:20:00,6.14,421.0,25.0
2023-03-16 00:25:00,6.109999999999999,421.0,25.0
2023-03-16 00:30:00,6.19,423.0,25.0
2023-03-16 00:35:00,6.21,421.0,25.0
2023-03-16 00:40:00,6.16,423.0,25.0
2023-03-16 00:45:00,6.2,423.0,25.0
2023-03-16 00:50:00,6.28,423.0,24.94
2023-03-16 00:55:00,6.18,428.0,24.94
2023-03-16 01:00:00,6.32,423.0,24.94
2023-03-16 01:05:00,6.27,428.0,24.94
2023-03-16 01:10:00,6.285,428.0,24.94
2023-03-16 01:15:00,6.27,428.0,24.94
2023-03-16 01:20:00,6.29,423.0,24.88
2023-03-16 01:25:00,6.2,423.0,24.88
2023-03-16 01:30:00,6.265,423.0,24.88
2023-03-16 01:35:00,6.335,423.0,24.88
2023-03-16 01:40:00,6.37,423.0,24.88
2023-03-16 01:45:00,6.34,423.0,24.88
2023-03-16 01:50:00,6.36,423.0,24.81
2023-03-16 01:55:00,6.45,423.0,24.81
2023-03-16 02:00:00,6.470000000000001,423.0,24.81
2023-03-16 02:05:00,6.32,428.0,24.81
2023-03-16 02:10:00,6.66,423.0,24.81
2023-03-16 02:15:00,6.35,423.0,24.75
2023-03-16 02:20:00,6.529999999999999,428.0,24.75
2023-03-16 02:25:00,6.5600000000000005,428.0,24.75
2023-03-16 02:30:00,6.355,428.0,24.75
2023-03-16 02:35:00,6.59,428.0,24.75
2023-03-16 02:40:00,6.61,428.0,24.75
2023-03-16 02:45:00,6.755,428.0,24.75
2023-03-16 02:50:00,6.665,428.0,24.69
2023-03-16 02:55:00,6.68,428.0,24.69
2023-03-16 03:00:00,6.5,428.0,24.69
2023-03-16 03:05:00,6.215,428.0,24.69
2023-03-16 03:10:00,6.699999999999999,428.0,24.69
2023-03-16 03:15:00,6.47,428.0,24.69
2023-03-16 03:20:00,6.43,423.0,24.63
2023-03-16 03:25:00,6.59,424.0,24.63
2023-03-16 03:30:00,6.74,428.0,24.63
2023-03-16 03:35:00,6.81,428.0,24.63
2023-03-16 03:40:00,6.57,424.0,24.63
2023-03-16 03:45:00,6.72,424.0,24.63
2023-03-16 03:50:00,6.51,424.0,24.63
2023-03-16 03:55:00,6.585,424.0,24.56
2023-03-16 04:00:00,6.75,424.0,24.56
2023-03-16 04:05:00,6.85,424.0,24.56
2023-03-16 04:10:00,6.46,424.0,24.56
2023-03-16 04:15:00,6.85,424.0,24.56
2023-03-16 04:20:00,6.835,424.0,24.56
2023-03-16 04:25:00,6.83,424.0,24.5
2023-03-16 04:30:00,6.865,421.0,24.5
2023-03-16 04:35:00,6.81,400.0,24.5
2023-03-16 04:40:00,6.64,403.0,24.5
2023-03-16 04:45:00,7.09,403.0,24.5
2023-03-16 04:50:00,6.605,403.0,24.44
2023-03-16 04:55:00,6.54,403.0,24.44
2023-03-16 05:00:00,6.87,403.0,24.44
2023-03-16 05:05:00,6.6899999999999995,403.0,24.44
2023-03-16 05:10:00,6.92,403.0,24.44
2023-03-16 05:15:00,6.369999999999999,403.0,24.38
2023-03-16 05:20:00,6.775,403.0,24.38
2023-03-16 05:25:00,7.4,403.0,24.38
2023-03-16 05:30:00,6.655,403.0,24.38
2023-03-16 05:35:00,6.89,403.0,24.38
2023-03-16 05:40:00,6.42,403.0,24.31
2023-03-16 05:45:00,7.1,422.0,24.31
2023-03-16 05:50:00,6.875,422.0,24.31
2023-03-16 05:55:00,7.0,422.0,24.31
2023-03-16 06:00:00,7.03,422.0,24.31
2023-03-16 06:05:00,6.635,417.0,24.25
2023-03-16 06:10:00,6.74,410.0,24.25
2023-03-16 06:15:00,6.93,412.0,24.25
2023-03-16 06:20:00,6.73,415.0,24.25
2023-03-16 06:25:00,6.89,415.0,24.25
2023-03-16 06:30:00,6.29,415.0,24.25
2023-03-16 06:35:00,6.705,419.0,24.25
2023-03-16 06:40:00,6.42,419.0,24.25
2023-03-16 06:45:00,6.865,420.0,24.19
2023-03-16 06:50:00,6.675,415.0,24.19
2023-03-16 06:55:00,6.855,410.0,24.19
2023-03-16 07:00:00,6.78,408.0,24.19
2023-03-16 07:05:00,6.48,408.0,24.19
2023-03-16 07:10:00,7.33,408.0,24.19
2023-03-16 07:15:00,7.26,411.5,24.19
2023-03-16 07:20:00,6.98,417.0,24.19
2023-03-16 07:25:00,7.29,392.0,24.19
2023-03-16 07:30:00,7.205,396.0,24.19
2023-03-16 07:35:00,7.17,394.0,24.19
2023-03-16 07:40:00,6.85,396.0,24.19
2023-03-16 07:45:00,7.145,398.5,24.19
2023-03-16 07:50:00,6.66,422.0,24.19
2023-03-16 07:55:00,6.58,422.0,24.19
2023-03-16 08:00:00,6.6,422.0,24.19
2023-03-16 08:05:00,6.49,420.0,24.19
2023-03-16 08:10:00,6.235,402.0,24.19
2023-03-16 08:15:00,6.199999999999999,401.0,24.25
2023-03-16 08:20:00,6.7,401.0,24.25
2023-03-16 08:25:00,6.395,401.0,24.25
2023-03-16 08:30:00,6.875,403.0,24.25
2023-03-16 08:35:00,6.54,403.0,24.25
2023-03-16 08:40:00,6.54,403.0,24.31
2023-03-16 08:45:00,6.11,405.0,24.31
2023-03-16 08:50:00,6.07,403.0,24.31
2023-03-16 08:55:00,6.38,408.0,24.38
2023-03-16 09:00:00,6.99,407.0,24.44
2023-03-16 09:05:00,6.23,407.0,24.44
2023-03-16 09:10:00,6.555,408.5,24.44
2023-03-16 09:15:00,6.675000000000001,410.0,24.47
2023-03-16 09:20:00,6.77,407.0,24.5
2023-03-16 09:25:00,6.95,410.0,24.5
2023-03-16 09:30:00,6.199999999999999,412.0,24.56
2023-03-16 09:35:00,6.39,416.0,24.63
2023-03-16 09:40:00,6.605,407.0,24.63
2023-03-16 09:45:00,,,
2023-03-16 09:50:00,,,
2023-03-16 09:55:00,,,
2023-03-16 10:00:00,,,
2023-03-16 10:05:00,6.62,421.0,24.81
2023-03-16 10:10:00,7.75,423.0,24.88
2023-03-16 10:15:00,7.37,422.0,24.81
2023-03-16 10:20:00,7.195,428.0,24.88
2023-03-16 10:25:00,,,
2023-03-16 10:30:00,,,
2023-03-16 10:35:00,,,
2023-03-16 10:40:00,,,
2023-03-16 10:45:00,,,
2023-03-16 10:50:00,,,
2023-03-16 10:55:00,,,
2023-03-16 11:00:00,,,
2023-03-16 11:05:00,6.625,422.0,24.94
2023-03-16 11:10:00,6.26,416.0,24.94
2023-03-16 11:15:00,,,
2023-03-16 11:20:00,,,
2023-03-16 11:25:00,,,
2023-03-16 11:30:00,,,
2023-03-16 11:35:00,,,
2023-03-16 11:40:00,,,
2023-03-16 11:45:00,,,
2023-03-16 11:50:00,,,
2023-03-16 11:55:00,,,
2023-03-16 12:00:00,,,
2023-03-16 12:05:00,7.32,415.0,25.25
2023-03-16 12:10:00,7.05,1044.0,25.31
2023-03-16 12:15:00,5.98,421.5,25.28
2023-03-16 12:20:00,6.19,434.0,25.31
2023-03-16 12:25:00,7.37,430.0,25.31
2023-03-16 12:30:00,,,
2023-03-16 12:35:00,,,
2023-03-16 12:40:00,,,
2023-03-16 12:45:00,,,
2023-03-16 12:50:00,,,
2023-03-16 12:55:00,,,
2023-03-16 13:00:00,,,
2023-03-16 13:05:00,,,
2023-03-16 13:10:00,,,
2023-03-16 13:15:00,,,
2023-03-16 13:20:00,,,
2023-03-16 13:25:00,,,
2023-03-16 13:30:00,,,
2023-03-16 13:35:00,,,
2023-03-16 13:40:00,,,
2023-03-16 13:45:00,,,
2023-03-16 13:50:00,,,
2023-03-16 13:55:00,,,
2023-03-16 14:00:00,,,
2023-03-16 14:05:00,,,
2023-03-16 14:10:00,,,
2023-03-16 14:15:00,,,
2023-03-16 14:20:00,,,
2023-03-16 14:25:00,,,
2023-03-16 14:30:00,,,
2023-03-16 14:35:00,,,
2023-03-16 14:40:00,,,
2023-03-16 14:45:00,,,
2023-03-16 14:50:00,,,
2023-03-16 14:55:00,,,
2023-03-16 15:00:00,,,
2023-03-16 15:05:00,,,
2023-03-16 15:10:00,,,
2023-03-16 15:15:00,,,
2023-03-16 15:20:00,,,
2023-03-16 15:25:00,,,
2023-03-16 15:30:00,,,
2023-03-16 15:35:00,,,
2023-03-16 15:40:00,,,
2023-03-16 15:45:00,,,
2023-03-16 15:50:00,,,
2023-03-16 15:55:00,,,
2023-03-16 16:00:00,,,
2023-03-16 16:05:00,,,
2023-03-16 16:10:00,,,
2023-03-16 16:15:00,,,
2023-03-16 16:20:00,,,
2023-03-16 16:25:00,,,
2023-03-16 16:30:00,,,
2023-03-16 16:35:00,,,
2023-03-16 16:40:00,,,
2023-03-16 16:45:00,,,
2023-03-16 16:50:00,,,
2023-03-16 16:55:00,,,
2023-03-16 17:00:00,,,
2023-03-16 17:05:00,,,
2023-03-16 17:10:00,,,
2023-03-16 17:15:00,,,
2023-03-16 17:20:00,,,
2023-03-16 17:25:00,,,
2023-03-16 17:30:00,,,
2023-03-16 17:35:00,,,
2023-03-16 17:40:00,,,
2023-03-16 17:45:00,,,
2023-03-16 17:50:00,,,
2023-03-16 17:55:00,,,
2023-03-16 18:00:00,,,
2023-03-16 18:05:00,,,
2023-03-16 18:10:00,7.51,418.0,25.81
2023-03-16 18:15:00,7.575,420.5,25.75
2023-03-16 18:20:00,8.11,417.0,25.75
2023-03-16 18:25:00,7.135,419.5,25.75
2023-03-16 18:30:00,8.629999999999999,418.0,25.78
2023-03-16 18:35:00,,,
2023-03-16 18:40:00,,,
2023-03-16 18:45:00,9.05,417.0,25.75
2023-03-16 18:50:00,7.789999999999999,420.5,25.75
2023-03-16 18:55:00,8.66,419.0,25.75
2023-03-16 19:00:00,8.36,419.0,25.75
2023-03-16 19:05:00,7.779999999999999,418.0,25.75
2023-03-16 19:10:00,8.129999999999999,418.0,25.75
2023-03-16 19:15:00,8.08,419.0,25.75
2023-03-16 19:20:00,8.66,412.0,25.75
2023-03-16 19:25:00,8.93,418.0,25.75
2023-03-16 19:30:00,7.91,403.0,25.69
2023-03-16 19:35:00,8.885000000000002,409.0,25.69
2023-03-16 19:40:00,9.12,405.0,25.69
2023-03-16 19:45:00,8.33,412.0,25.69
2023-03-16 19:50:00,8.17,408.0,25.69
2023-03-16 19:55:00,7.654999999999999,405.5,25.69
2023-03-16 20:00:00,7.6,410.0,25.69
2023-03-16 20:05:00,,,
2023-03-16 20:10:00,8.49,411.0,25.69
2023-03-16 20:15:00,8.23,417.0,25.69
2023-03-16 20:20:00,7.915,415.0,25.69
2023-03-16 20:25:00,7.385,414.5,25.69
2023-03-16 20:30:00,7.17,417.0,25.69
2023-03-16 20:35:00,8.32,401.0,25.69
2023-03-16 20:40:00,8.69,399.0,25.69
2023-03-16 20:45:00,,,
2023-03-16 20:50:00,8.09,399.0,25.63
2023-03-16 20:55:00,7.11,415.0,25.63
2023-03-16 21:00:00,8.03,417.0,25.63
2023-03-16 21:05:00,8.64,416.0,25.63
2023-03-16 21:10:00,7.27,417.0,25.63
2023-03-16 21:15:00,8.24,412.0,25.63
2023-03-16 21:20:00,7.6850000000000005,415.0,25.63
2023-03-16 21:25:00,8.48,412.0,25.63
2023-03-16 21:30:00,7.705,408.0,25.63
2023-03-16 21:35:00,8.77,405.0,25.56
2023-03-16 21:40:00,7.5649999999999995,407.5,25.595
2023-03-16 21:45:00,7.41,406.0,25.63
2023-03-16 21:50:00,7.36,406.0,25.56
2023-03-16 21:55:00,7.74,408.0,25.56
2023-03-16 22:00:00,8.65,406.0,25.56
2023-03-16 22:05:00,8.21,418.0,25.56
2023-03-16 22:10:00,8.0,422.0,25.56
2023-03-16 22:15:00,7.29,422.0,25.56
2023-03-16 22:20:00,8.28,422.0,25.56
2023-03-16 22:25:00,7.8,420.0,25.56
2023-03-16 22:30:00,7.9,413.0,25.5
2023-03-16 22:35:00,8.215,411.5,25.5
2023-03-16 22:40:00,7.57,415.0,25.5
2023-03-16 22:45:00,7.88,413.0,25.5
2023-03-16 22:50:00,7.8149999999999995,410.0,25.5
2023-03-16 22:55:00,8.3,413.0,25.5
2023-03-16 23:00:00,7.66,413.0,25.5
2023-03-16 23:05:00,7.375,411.5,25.5
2023-03-16 23:10:00,8.295,413.0,25.44
2023-03-16 23:15:00,8.13,413.0,25.44
2023-03-16 23:20:00,8.0,415.0,25.44
2023-03-16 23:25:00,7.85,413.0,25.44
2023-03-16 23:30:00,8.61,414.0,25.44
2023-03-16 23:35:00,9.05,413.0,25.44
2023-03-16 23:40:00,8.56,413.0,25.38
2023-03-16 23:45:00,9.02,413.0,25.38
2023-03-16 23:50:00,7.81,413.0,25.38
2023-03-16 23:55:00,8.57,414.0,25.38
2023-03-17 00:00:00,8.565000000000001,415.0,25.38
2023-03-17 00:05:00,8.61,415.0,25.38
2023-03-17 00:10:00,8.195,413.0,25.31
2023-03-17 00:15:00,8.225,415.0,25.31
2023-03-17 00:20:00,9.01,415.0,25.31
2023-03-17 00:25:00,8.45,415.0,25.31
2023-03-17 00:30:00,8.58,415.0,25.31
2023-03-17 00:35:00,8.39,413.0,25.31
2023-03-17 00:40:00,8.25,413.0,25.31
2023-03-17 00:45:00,9.29,411.0,25.31
2023-03-17 00:50:00,9.370000000000001,411.0,25.25
2023-03-17 00:55:00,8.46,413.0,25.25
2023-03-17 01:00:00,8.51,413.0,25.25
2023-03-17 01:05:00,8.13,415.0,25.25
2023-03-17 01:10:00,8.629999999999999,420.0,25.19
2023-03-17 01:15:00,8.37,418.0,25.19
2023-03-17 01:20:00,8.9,393.0,25.19
2023-03-17 01:25:00,8.23,381.0,25.19
2023-03-17 01:30:00,8.06,384.0,25.13
2023-03-17 01:35:00,8.585,387.0,25.13
2023-03-17 01:40:00,8.325,386.0,25.16
2023-03-17 01:45:00,,,
2023-03-17 01:50:00,8.655000000000001,377.0,25.13
2023-03-17 01:55:00,8.74,404.0,25.13
2023-03-17 02:00:00,8.15,395.0,25.095
2023-03-17 02:05:00,8.11,384.0,25.06
2023-03-17 02:10:00,7.97,373.0,25.06
2023-03-17 02:15:00,8.02,404.0,25.06
2023-03-17 02:20:00,7.75,404.0,25.06
2023-03-17 02:25:00,7.45,404.0,25.06
2023-03-17 02:30:00,8.33,404.0,25.06
2023-03-17 02:35:00,8.42,402.0,25.0
2023-03-17 02:40:00,7.845,402.0,25.0
2023-03-17 02:45:00,8.3,404.0,25.0
2023-03-17 02:50:00,7.86,402.0,25.0
2023-03-17 02:55:00,8.015,404.0,25.0
2023-03-17 03:00:00,8.06,402.0,25.0
2023-03-17 03:05:00,8.07,400.0,24.94
2023-03-17 03:10:00,7.98,391.0,24.94
2023-03-17 03:15:00,7.87,391.0,24.94
2023-03-17 03:20:00,9.205,391.0,24.94
2023-03-17 03:25:00,9.15,388.0,24.94
2023-03-17 03:30:00,9.18,386.0,24.94
2023-03-17 03:35:00,8.23,384.0,24.88
2023-03-17 03:40:00,8.82,391.0,24.88
2023-03-17 03:45:00,8.49,393.0,24.88
2023-03-17 03:50:00,8.41,393.0,24.88
2023-03-17 03:55:00,8.63,393.0,24.88
2023-03-17 04:00:00,8.45,391.0,24.81
2023-03-17 04:05:00,8.425,391.0,24.81
2023-03-17 04:10:00,8.934999999999999,391.0,24.81
2023-03-17 04:15:00,8.4,393.0,24.81
2023-03-17 04:20:00,8.45,393.0,24.81
2023-03-17 04:25:00,8.0,395.0,24.81
2023-03-17 04:30:00,8.120000000000001,395.0,24.81
2023-03-17 04:35:00,8.43,393.0,24.75
2023-03-17 04:40:00,8.36,392.0,24.75
2023-03-17 04:45:00,8.83,393.0,24.75
2023-03-17 04:50:00,8.04,393.0,24.75
2023-03-17 04:55:00,8.535,391.0,24.75
2023-03-17 05:00:00,7.93,389.0,24.75
2023-03-17 05:05:00,8.425,390.0,24.69
2023-03-17 05:10:00,8.265,389.0,24.69
2023-03-17 05:15:00,9.16,389.0,24.69
2023-03-17 05:20:00,10.34,384.0,24.69
2023-03-17 05:25:00,9.42,367.0,24.69
2023-03-17 05:30:00,9.844999999999999,384.0,24.63
2023-03-17 05:35:00,9.2,391.0,24.63
2023-03-17 05:40:00,8.865,389.0,24.63
2023-03-17 05:45:00,8.675,389.0,24.63
2023-03-17 05:50:00,9.29,414.0,24.63
2023-03-17 05:55:00,9.18,409.5,24.63
2023-03-17 06:00:00,8.62,403.0,24.63
2023-03-17 06:05:00,9.07,401.5,24.56
2023-03-17 06:10:00,8.66,403.0,24.56
2023-03-17 06:15:00,8.17,400.0,24.56
2023-03-17 06:20:00,8.75,396.0,24.56
2023-03-17 06:25:00,8.44,396.0,24.56
2023-03-17 06:30:00,8.59,380.0,24.56
2023-03-17 06:35:00,8.0,405.0,24.5
2023-03-17 06:40:00,7.89,405.0,24.5
2023-03-17 06:45:00,,,
2023-03-17 06:50:00,8.08,412.0,24.5
2023-03-17 06:55:00,8.43,414.0,24.5
2023-03-17 07:00:00,8.48,410.0,24.5
2023-03-17 07:05:00,8.545,414.0,24.5
2023-03-17 07:10:00,8.59,412.0,24.5
2023-03-17 07:15:00,8.08,410.0,24.5
2023-03-17 07:20:00,,,
2023-03-17 07:25:00,9.935,428.5,24.5
2023-03-17 07:30:00,10.28,424.0,24.5
2023-03-17 07:35:00,10.82,436.0,24.5
2023-03-17 07:40:00,10.61,438.0,24.5
2023-03-17 07:45:00,10.55,422.0,24.5
2023-03-17 07:50:00,10.05,429.0,24.5
2023-03-17 07:55:00,10.579999999999998,421.5,24.5
2023-03-17 08:00:00,10.15,412.0,24.5
2023-03-17 08:05:00,9.42,414.0,24.5
2023-03-17 08:10:00,10.11,410.0,24.5
2023-03-17 08:15:00,9.93,410.0,24.5
2023-03-17 08:20:00,9.805,410.0,24.5
2023-03-17 08:25:00,10.01,412.0,24.5
2023-03-17 08:30:00,8.955,411.0,24.56
2023-03-17 08:35:00,9.86,424.0,24.56
2023-03-17 08:40:00,8.844999999999999,418.0,24.56
2023-03-17 08:45:00,9.094999999999999,412.0,24.56
2023-03-17 08:50:00,9.79,421.0,24.56
2023-03-17 08:55:00,9.155000000000001,413.0,24.56
2023-03-17 09:00:00,9.9,409.0,24.63
2023-03-17 09:05:00,9.065000000000001,415.5,24.595
2023-03-17 09:10:00,,,
2023-03-17 09:15:00,9.91,416.0,24.69
2023-03-17 09:20:00,10.045,414.0,24.69
2023-03-17 09:25:00,8.66,416.0,24.69
2023-03-17 09:30:00,,,
2023-03-17 09:35:00,9.92,409.0,24.75
2023-03-17 09:40:00,,,
2023-03-17 09:45:00,,,
2023-03-17 09:50:00,,,
2023-03-17 09:55:00,,,
2023-03-17 10:00:00,,,
2023-03-17 10:05:00,,,
2023-03-17 10:10:00,,,
2023-03-17 10:15:00,,,
2023-03-17 10:20:00,,,
2023-03-17 10:25:00,,,
2023-03-17 10:30:00,,,
2023-03-17 10:35:00,,,
2023-03-17 10:40:00,,,
2023-03-17 10:45:00,,,
2023-03-17 10:50:00,,,
2023-03-17 10:55:00,,,
2023-03-17 11:00:00,,,
2023-03-17 11:05:00,,,
2023-03-17 11:10:00,,,
2023-03-17 11:15:00,,,
2023-03-17 11:20:00,,,
2023-03-17 11:25:00,,,
2023-03-17 11:30:00,,,
2023-03-17 11:35:00,,,
2023-03-17 11:40:00,,,
2023-03-17 11:45:00,,,
2023-03-17 11:50:00,,,
2023-03-17 11:55:00,,,
2023-03-17 12:00:00,,,
2023-03-17 12:05:00,,,
2023-03-17 12:10:00,,,
2023-03-17 12:15:00,,,
2023-03-17 12:20:00,,,
2023-03-17 12:25:00,,,
2023-03-17 12:30:00,,,
2023-03-17 12:35:00,,,
2023-03-17 12:40:00,,,
2023-03-17 12:45:00,,,
2023-03-17 12:50:00,,,
2023-03-17 12:55:00,,,
2023-03-17 13:00:00,,,
2023-03-17 13:05:00,,,
2023-03-17 13:10:00,,,
2023-03-17 13:15:00,,,
2023-03-17 13:20:00,,,
2023-03-17 13:25:00,,,
2023-03-17 13:30:00,,,
2023-03-17 13:35:00,,,
2023-03-17 13:40:00,,,
2023-03-17 13:45:00,,,
2023-03-17 13:50:00,,,
2023-03-17 13:55:00,,,
2023-03-17 14:00:00,,,
2023-03-17 14:05:00,,,
2023-03-17 14:10:00,,,
2023-03-17 14:15:00,,,
2023-03-17 14:20:00,,,
2023-03-17 14:25:00,,,
2023-03-17 14:30:00,,,
2023-03-17 14:35:00,,,
2023-03-17 14:40:00,,,
2023-03-17 14:45:00,,,
2023-03-17 14:50:00,,,
2023-03-17 14:55:00,,,
2023-03-17 15:00:00,,,
2023-03-17 15:05:00,,,
2023-03-17 15:10:00,,,
2023-03-17 15:15:00,,,
2023-03-17 15:20:00,,,
2023-03-17 15:25:00,,,
2023-03-17 15:30:00,,,
2023-03-17 15:35:00,,,
2023-03-17 15:40:00,,,
2023-03-17 15:45:00,,,
2023-03-17 15:50:00,,,
2023-03-17 15:55:00,,,
2023-03-17 16:00:00,,,
2023-03-17 16:05:00,,,
2023-03-17 16:10:00,,,
2023-03-17 16:15:00,,,
2023-03-17 16:20:00,,,
2023-03-17 16:25:00,,,
2023-03-17 16:30:00,,,
2023-03-17 16:35:00,,,
2023-03-17 16:40:00,,,
2023-03-17 16:45:00,,,
2023-03-17 16:50:00,,,
2023-03-17 16:55:00,,,
2023-03-17 17:00:00,,,
2023-03-17 17:05:00,,,
2023-03-17 17:10:00,,,
2023-03-17 17:15:00,,,
2023-03-17 17:20:00,,,
2023-03-17 17:25:00,,,
2023-03-17 17:30:00,,,
2023-03-17 17:35:00,,,
2023-03-17 17:40:00,,,
2023-03-17 17:45:00,,,
2023-03-17 17:50:00,,,
2023-03-17 17:55:00,,,
2023-03-17 18:00:00,,,
2023-03-17 18:05:00,,,
2023-03-17 18:10:00,,,
2023-03-17 18:15:00,,,
2023-03-17 18:20:00,,,
2023-03-17 18:25:00,,,
2023-03-17 18:30:00,,,
2023-03-17 18:35:00,,,
2023-03-17 18:40:00,,,
2023-03-17 18:45:00,,,
2023-03-17 18:50:00,,,
2023-03-17 18:55:00,,,
2023-03-17 19:00:00,,,
2023-03-17 19:05:00,,,
2023-03-17 19:10:00,,,
2023-03-17 19:15:00,,,
2023-03-17 19:20:00,,,
2023-03-17 19:25:00,,,
2023-03-17 19:30:00,,,
2023-03-17 19:35:00,,,
2023-03-17 19:40:00,,,
2023-03-17 19:45:00,,,
2023-03-17 19:50:00,,,
2023-03-17 19:55:00,,,
2023-03-17 20:00:00,,,
2023-03-17 20:05:00,,,
2023-03-17 20:10:00,,,
2023-03-17 20:15:00,,,
2023-03-17 20:20:00,,,
2023-03-17 20:25:00,,,
2023-03-17 20:30:00,,,
2023-03-17 20:35:00,,,
2023-03-17 20:40:00,,,
2023-03-17 20:45:00,,,
2023-03-17 20:50:00,,,
2023-03-17 20:55:00,,,
2023-03-17 21:00:00,,,
2023-03-17 21:05:00,,,
2023-03-17 21:10:00,,,
2023-03-17 21:15:00,,,
2023-03-17 21:20:00,,,
2023-03-17 21:25:00,,,
2023-03-17 21:30:00,,,
2023-03-17 21:35:00,,,
2023-03-17 21:40:00,,,
2023-03-17 21:45:00,,,
2023-03-17 21:50:00,,,
2023-03-17 21:55:00,,,
2023-03-17 22:00:00,5.8,358.0,24.94
2023-03-17 22:05:00,5.8,358.0,24.94
2023-03-17 22:10:00,,,
2023-03-17 22:15:00,5.73,848.0,24.88
2023-03-17 22:20:00,5.87,360.0,24.88
2023-03-17 22:25:00,6.109999999999999,360.0,24.88
2023-03-17 22:30:00,6.35,360.0,24.88
2023-03-17 22:35:00,6.25,363.0,24.81
2023-03-17 22:40:00,6.095000000000001,368.0,24.845
2023-03-17 22:45:00,6.59,365.0,24.81
2023-03-17 22:50:00,6.470000000000001,357.0,24.81
2023-03-17 22:55:00,6.55,358.0,24.81
2023-03-17 23:00:00,6.58,361.0,24.81
2023-03-17 23:05:00,6.16,361.0,24.81
2023-03-17 23:10:00,6.76,363.0,24.81
2023-03-17 23:15:00,6.89,361.0,24.75
2023-03-17 23:20:00,6.72,361.0,24.75
2023-03-17 23:25:00,7.37,359.0,24.75
2023-03-17 23:30:00,6.5,361.0,24.75
2023-03-17 23:35:00,6.31,363.0,24.75
2023-03-17 23:40:00,7.71,361.0,24.75
2023-03-17 23:45:00,7.14,361.0,24.69
2023-03-17 23:50:00,6.59,365.0,24.69
2023-03-17 23:55:00,6.744999999999999,361.0,24.69
2023-03-18 00:00:00,6.825,363.0,24.69
2023-03-18 00:05:00,7.1,361.0,24.69
2023-03-18 00:10:00,6.85,367.0,24.69
2023-03-18 00:15:00,7.44,359.0,24.69
2023-03-18 00:20:00,7.01,359.0,24.63
2023-03-18 00:25:00,7.245,361.0,24.63
2023-03-18 00:30:00,6.725,361.0,24.63
2023-03-18 00:35:00,7.3100000000000005,362.0,24.63
2023-03-18 00:40:00,,,
2023-03-18 00:45:00,6.38,359.0,24.63
2023-03-18 00:50:00,7.25,363.0,24.595
2023-03-18 00:55:00,7.7,363.0,24.56
2023-03-18 01:00:00,7.01,363.0,24.56
2023-03-18 01:05:00,6.94,357.0,24.56
2023-03-18 01:10:00,7.34,359.0,24.56
2023-03-18 01:15:00,7.7,358.0,24.56
2023-03-18 01:20:00,7.02,358.0,24.53
2023-03-18 01:25:00,,,
2023-03-18 01:30:00,7.105,595.0,24.5
2023-03-18 01:35:00,6.36,353.0,24.5
2023-03-18 01:40:00,7.22,357.0,24.5
2023-03-18 01:45:00,7.82,357.0,24.5
2023-03-18 01:50:00,7.01,355.0,24.5
2023-03-18 01:55:00,6.355,358.0,24.47
2023-03-18 02:00:00,6.49,351.0,24.44
2023-03-18 02:05:00,7.03,353.0,24.44
2023-03-18 02:10:00,7.83,357.0,24.44
2023-03-18 02:15:00,7.395,359.0,24.38
2023-03-18 02:20:00,10.12,357.0,24.38
2023-03-18 02:25:00,11.535,361.0,24.38
2023-03-18 02:30:00,12.66,375.0,24.38
2023-03-18 02:35:00,,,
2023-03-18 02:40:00,12.7,380.0,24.38
2023-03-18 02:45:00,13.01,383.0,24.31
2023-03-18 02:50:00,12.79,389.0,24.31
2023-03-18 02:55:00,12.645,393.0,24.31
2023-03-18 03:00:00,13.39,396.0,24.31
2023-03-18 03:05:00,12.93,400.5,24.31
2023-03-18 03:10:00,,,
2023-03-18 03:15:00,,,
2023-03-18 03:20:00,,,
2023-03-18 03:25:00,,,
2023-03-18 03:30:00,,,
2023-03-18 03:35:00,,,
2023-03-18 03:40:00,,,
2023-03-18 03:45:00,,,
2023-03-18 03:50:00,,,
2023-03-18 03:55:00,,,
2023-03-18 04:00:00,,,
2023-03-18 04:05:00,,,
2023-03-18 04:10:00,,,
2023-03-18 04:15:00,,,
2023-03-18 04:20:00,11.99,420.0,24.19
2023-03-18 04:25:00,,,
2023-03-18 04:30:00,12.04,413.0,24.13
2023-03-18 04:35:00,12.89,417.0,24.13
2023-03-18 04:40:00,12.15,835.0,24.13
2023-03-18 04:45:00,,,
2023-03-18 04:50:00,,,
2023-03-18 04:55:00,,,
2023-03-18 05:00:00,,,
2023-03-18 05:05:00,,,
2023-03-18 05:10:00,,,
2023-03-18 05:15:00,,,
2023-03-18 05:20:00,,,
2023-03-18 05:25:00,,,
2023-03-18 05:30:00,,,
2023-03-18 05:35:00,,,
2023-03-18 05:40:00,,,
2023-03-18 05:45:00,,,
2023-03-18 05:50:00,,,
2023-03-18 05:55:00,,,
2023-03-18 06:00:00,,,
2023-03-18 06:05:00,,,
2023-03-18 06:10:00,,,
2023-03-18 06:15:00,,,
2023-03-18 06:20:00,,,
2023-03-18 06:25:00,,,
2023-03-18 06:30:00,,,
2023-03-18 06:35:00,,,
2023-03-18 06:40:00,,,
2023-03-18 06:45:00,,,
2023-03-18 06:50:00,,,
2023-03-18 06:55:00,,,
2023-03-18 07:00:00,,,
2023-03-18 07:05:00,,,
2023-03-18 07:10:00,,,
2023-03-18 07:15:00,,,
2023-03-18 07:20:00,,,
2023-03-18 07:25:00,,,
2023-03-18 07:30:00,,,
2023-03-18 07:35:00,,,
2023-03-18 07:40:00,,,
2023-03-18 07:45:00,,,
2023-03-18 07:50:00,,,
2023-03-18 07:55:00,,,
2023-03-18 08:00:00,,,
2023-03-18 08:05:00,,,
2023-03-18 08:10:00,,,
2023-03-18 08:15:00,,,
2023-03-18 08:20:00,,,
2023-03-18 08:25:00,,,
2023-03-18 08:30:00,,,
2023-03-18 08:35:00,,,
2023-03-18 08:40:00,,,
2023-03-18 08:45:00,,,
2023-03-18 08:50:00,,,
2023-03-18 08:55:00,,,
2023-03-18 09:00:00,,,
2023-03-18 09:05:00,,,
2023-03-18 09:10:00,,,
2023-03-18 09:15:00,,,
2023-03-18 09:20:00,,,
2023-03-18 09:25:00,,,
2023-03-18 09:30:00,,,
2023-03-18 09:35:00,,,
2023-03-18 09:40:00,,,
2023-03-18 09:45:00,,,
2023-03-18 09:50:00,,,
2023-03-18 09:55:00,,,
2023-03-18 10:00:00,,,
2023-03-18 10:05:00,,,
2023-03-18 10:10:00,,,
2023-03-18 10:15:00,,,
2023-03-18 10:20:00,,,
2023-03-18 10:25:00,,,
2023-03-18 10:30:00,,,
2023-03-18 10:35:00,,,
2023-03-18 10:40:00,,,
2023-03-18 10:45:00,,,
2023-03-18 10:50:00,,,
2023-03-18 10:55:00,,,
2023-03-18 11:00:00,,,
2023-03-18 11:05:00,,,
2023-03-18 11:10:00,,,
2023-03-18 11:15:00,,,
2023-03-18 11:20:00,,,
2023-03-18 11:25:00,,,
2023-03-18 11:30:00,,,
2023-03-18 11:35:00,,,
2023-03-18 11:40:00,,,
2023-03-18 11:45:00,,,
2023-03-18 11:50:00,,,
2023-03-18 11:55:00,,,
2023-03-18 12:00:00,,,
2023-03-18 12:05:00,,,
2023-03-18 12:10:00,,,
2023-03-18 12:15:00,,,
2023-03-18 12:20:00,,,
2023-03-18 12:25:00,,,
2023-03-18 12:30:00,,,
2023-03-18 12:35:00,,,
2023-03-18 12:40:00,,,
2023-03-18 12:45:00,,,
2023-03-18 12:50:00,,,
2023-03-18 12:55:00,,,
2023-03-18 13:00:00,,,
2023-03-18 13:05:00,,,
2023-03-18 13:10:00,,,
2023-03-18 13:15:00,,,
2023-03-18 13:20:00,,,
2023-03-18 13:25:00,,,
2023-03-18 13:30:00,,,
2023-03-18 13:35:00,,,
2023-03-18 13:40:00,,,
2023-03-18 13:45:00,,,
2023-03-18 13:50:00,,,
2023-03-18 13:55:00,,,
2023-03-18 14:00:00,,,
2023-03-18 14:05:00,,,
2023-03-18 14:10:00,,,
2023-03-18 14:15:00,,,
2023-03-18 14:20:00,,,
2023-03-18 14:25:00,,,
2023-03-18 14:30:00,,,
2023-03-18 14:35:00,,,
2023-03-18 14:40:00,,,
2023-03-18 14:45:00,,,
2023-03-18 14:50:00,,,
2023-03-18 14:55:00,,,
2023-03-18 15:00:00,,,
2023-03-18 15:05:00,,,
2023-03-18 15:10:00,,,
2023-03-18 15:15:00,,,
2023-03-18 15:20:00,,,
2023-03-18 15:25:00,,,
2023-03-18 15:30:00,,,
2023-03-18 15:35:00,,,
2023-03-18 15:40:00,,,
2023-03-18 15:45:00,,,
2023-03-18 15:50:00,,,
2023-03-18 15:55:00,,,
2023-03-18 16:00:00,,,
2023-03-18 16:05:00,,,
2023-03-18 16:10:00,,,
2023-03-18 16:15:00,,,
2023-03-18 16:20:00,,,
2023-03-18 16:25:00,,,
2023-03-18 16:30:00,,,
2023-03-18 16:35:00,,,
2023-03-18 16:40:00,,,
2023-03-18 16:45:00,,,
2023-03-18 16:50:00,,,
2023-03-18 16:55:00,,,
2023-03-18 17:00:00,,,
2023-03-18 17:05:00,,,
2023-03-18 17:10:00,,,
2023-03-18 17:15:00,,,
2023-03-18 17:20:00,,,
2023-03-18 17:25:00,,,
2023-03-18 17:30:00,,,
2023-03-18 17:35:00,,,
2023-03-18 17:40:00,,,
2023-03-18 17:45:00,,,
2023-03-18 17:50:00,,,
2023-03-18 17:55:00,,,
2023-03-18 18:00:00,,,
2023-03-18 18:05:00,,,
2023-03-18 18:10:00,,,
2023-03-18 18:15:00,,,
2023-03-18 18:20:00,,,
2023-03-18 18:25:00,,,
2023-03-18 18:30:00,,,
2023-03-18 18:35:00,,,
2023-03-18 18:40:00,,,
2023-03-18 18:45:00,,,
2023-03-18 18:50:00,,,
2023-03-18 18:55:00,,,
2023-03-18 19:00:00,,,
2023-03-18 19:05:00,,,
2023-03-18 19:10:00,,,
2023-03-18 19:15:00,,,
2023-03-18 19:20:00,,,
2023-03-18 19:25:00,,,
2023-03-18 19:30:00,,,
2023-03-18 19:35:00,,,
2023-03-18 19:40:00,,,
2023-03-18 19:45:00,,,
2023-03-18 19:50:00,,,
2023-03-18 19:55:00,,,
2023-03-18 20:00:00,,,
2023-03-18 20:05:00,,,
2023-03-18 20:10:00,,,
2023-03-18 20:15:00,,,
2023-03-18 20:20:00,,,
2023-03-18 20:25:00,,,
2023-03-18 20:30:00,,,
2023-03-18 20:35:00,,,
2023-03-18 20:40:00,,,
2023-03-18 20:45:00,,,
2023-03-18 20:50:00,,,
2023-03-18 20:55:00,,,
2023-03-18 21:00:00,,,
2023-03-18 21:05:00,,,
2023-03-18 21:10:00,,,
2023-03-18 21:15:00,,,
2023-03-18 21:20:00,,,
2023-03-18 21:25:00,,,
2023-03-18 21:30:00,,,
2023-03-18 21:35:00,,,
2023-03-18 21:40:00,,,
2023-03-18 21:45:00,,,
2023-03-18 21:50:00,,,
2023-03-18 21:55:00,,,
2023-03-18 22:00:00,,,
2023-03-18 22:05:00,,,
2023-03-18 22:10:00,,,
2023-03-18 22:15:00,13.08,409.0,24.81
2023-03-18 22:20:00,13.559999999999999,411.5,24.81
2023-03-18 22:25:00,13.57,410.0,24.81
2023-03-18 22:30:00,13.030000000000001,416.5,24.81
2023-03-18 22:35:00,13.22,412.5,24.81
2023-03-18 22:40:00,13.41,407.0,24.78
2023-03-18 22:45:00,,,
2023-03-18 22:50:00,,,
2023-03-18 22:55:00,,,
2023-03-18 23:00:00,,,
2023-03-18 23:05:00,13.17,407.0,24.75
2023-03-18 23:10:00,13.27,408.0,24.75
2023-03-18 23:15:00,13.15,687.5,24.72
2023-03-18 23:20:00,,684.5,24.72
2023-03-18 23:25:00,13.44,403.5,24.69
2023-03-18 23:30:00,,,
2023-03-18 23:35:00,12.585,412.0,24.69
2023-03-18 23:40:00,12.920000000000002,409.5,24.69
2023-03-18 23:45:00,,,
2023-03-18 23:50:00,13.99,403.5,24.69
2023-03-18 23:55:00,13.07,408.0,24.69
2023-03-19 00:00:00,12.94,414.0,24.63
2023-03-19 00:05:00,13.395,413.0,24.63
2023-03-19 00:10:00,13.705,415.0,24.66
2023-03-19 00:15:00,,,
2023-03-19 00:20:00,13.055,414.0,24.63
2023-03-19 00:25:00,13.22,413.0,24.63
2023-03-19 00:30:00,12.465,415.0,24.63
2023-03-19 00:35:00,13.54,405.0,24.63
2023-03-19 00:40:00,13.085,405.0,24.63
2023-03-19 00:45:00,12.64,403.0,24.63
2023-03-19 00:50:00,13.52,403.0,24.63
2023-03-19 00:55:00,13.24,406.0,24.595
2023-03-19 01:00:00,,,
2023-03-19 01:05:00,13.7,398.0,24.56
2023-03-19 01:10:00,13.485,401.5,24.56
2023-03-19 01:15:00,12.719999999999999,401.5,24.56
2023-03-19 01:20:00,13.29,394.0,24.56
2023-03-19 01:25:00,12.9,400.0,24.56
2023-03-19 01:30:00,13.08,395.0,24.56
2023-03-19 01:35:00,13.32,396.0,24.5
2023-03-19 01:40:00,13.315000000000001,396.0,24.5
2023-03-19 01:45:00,12.96,391.0,24.5
2023-03-19 01:50:00,13.245,388.0,24.5
2023-03-19 01:55:00,13.37,389.0,24.5
2023-03-19 02:00:00,13.219999999999999,385.0,24.5
2023-03-19 02:05:00,13.155000000000001,382.0,24.5
2023-03-19 02:10:00,13.22,382.0,24.5
2023-03-19 02:15:00,13.08,382.0,24.44
2023-03-19 02:20:00,13.325,379.0,24.44
2023-03-19 02:25:00,13.675,383.0,24.44
2023-03-19 02:30:00,12.87,387.0,24.44
2023-03-19 02:35:00,12.68,380.0,24.44
2023-03-19 02:40:00,12.175,383.0,24.38
2023-03-19 02:45:00,11.59,381.5,24.38
2023-03-19 02:50:00,12.56,383.0,24.38
2023-03-19 02:55:00,12.73,382.5,24.38
2023-03-19 03:00:00,12.26,378.0,24.38
2023-03-19 03:05:00,12.45,378.0,24.38
2023-03-19 03:10:00,12.61,373.0,24.38
2023-03-19 03:15:00,12.61,379.0,24.31
2023-03-19 03:20:00,12.45,381.0,24.31
2023-03-19 03:25:00,12.26,383.0,24.31
2023-03-19 03:30:00,13.055,378.0,24.31
2023-03-19 03:35:00,13.31,381.0,24.31
2023-03-19 03:40:00,12.530000000000001,378.0,24.25
2023-03-19 03:45:00,12.46,376.0,24.25
2023-03-19 03:50:00,12.58,383.0,24.25
2023-03-19 03:55:00,13.094999999999999,378.0,24.25
2023-03-19 04:00:00,12.52,378.0,24.25
2023-03-19 04:05:00,13.364999999999998,379.5,24.25
2023-03-19 04:10:00,13.155,381.0,24.19
2023-03-19 04:15:00,12.7,381.0,24.19
2023-03-19 04:20:00,13.27,383.0,24.19
2023-03-19 04:25:00,12.53,381.0,24.19
2023-03-19 04:30:00,13.03,381.0,24.19
2023-03-19 04:35:00,13.05,382.0,24.13
2023-03-19 04:40:00,13.504999999999999,380.0,24.13
2023-03-19 04:45:00,12.855,379.0,24.13
2023-03-19 04:50:00,,,
2023-03-19 04:55:00,13.66,383.0,24.13
2023-03-19 05:00:00,12.855,381.0,24.13
2023-03-19 05:05:00,13.28,383.0,24.06
2023-03-19 05:10:00,13.29,388.0,24.06
2023-03-19 05:15:00,13.36,388.0,24.06
2023-03-19 05:20:00,13.085,383.0,24.06
2023-03-19 05:25:00,12.89,390.0,24.06
2023-03-19 05:30:00,13.355,385.0,24.03
2023-03-19 05:35:00,13.120000000000001,386.5,24.0
2023-03-19 05:40:00,12.42,381.0,24.0
2023-03-19 05:45:00,13.24,381.0,24.0
2023-03-19 05:50:00,13.335,383.0,24.0
2023-03-19 05:55:00,12.75,381.0,24.0
2023-03-19 06:00:00,13.1,381.0,23.94
2023-03-19 06:05:00,12.47,379.0,23.94
2023-03-19 06:10:00,,,
2023-03-19 06:15:00,12.03,377.0,23.94
2023-03-19 06:20:00,12.55,379.0,23.94
2023-03-19 06:25:00,12.555,379.0,23.94
2023-03-19 06:30:00,12.45,381.0,23.94
2023-03-19 06:35:00,12.455,388.0,23.88
2023-03-19 06:40:00,,,
2023-03-19 06:45:00,12.255,380.0,23.88
2023-03-19 06:50:00,12.84,383.0,23.88
2023-03-19 06:55:00,13.01,381.0,23.88
2023-03-19 07:00:00,11.98,378.0,23.88
2023-03-19 07:05:00,11.92,379.0,23.88
2023-03-19 07:10:00,,,
2023-03-19 07:15:00,,,
2023-03-19 07:20:00,12.0,380.0,23.88
2023-03-19 07:25:00,12.38,379.0,23.88
2023-03-19 07:30:00,12.1,377.0,23.88
2023-03-19 07:35:00,12.14,379.0,23.88
2023-03-19 07:40:00,,,
2023-03-19 07:45:00,12.44,386.0,23.88
2023-03-19 07:50:00,,,
2023-03-19 07:55:00,11.855,372.5,23.94
2023-03-19 08:00:00,12.365,381.0,23.94
2023-03-19 08:05:00,11.98,375.5,23.94
2023-03-19 08:10:00,11.52,377.0,23.94
2023-03-19 08:15:00,12.59,895.0,23.94
2023-03-19 08:20:00,11.37,379.0,24.0
2023-03-19 08:25:00,11.34,383.0,24.0
2023-03-19 08:30:00,,,
2023-03-19 08:35:00,,,
2023-03-19 08:40:00,11.67,376.0,24.06
2023-03-19 08:45:00,11.39,381.0,24.13
2023-03-19 08:50:00,11.785,377.5,24.13
2023-03-19 08:55:00,11.83,379.0,24.19
2023-03-19 09:00:00,12.45,383.0,24.19
2023-03-19 09:05:00,12.61,376.0,24.25
2023-03-19 09:10:00,11.835,385.0,24.25
2023-03-19 09:15:00,11.98,376.0,24.31
2023-03-19 09:20:00,11.855,378.5,24.31
2023-03-19 09:25:00,11.785,380.5,24.38
2023-03-19 09:30:00,12.385,379.0,24.44
2023-03-19 09:35:00,12.62,376.0,24.44
2023-03-19 09:40:00,,,
2023-03-19 09:45:00,,,
2023-03-19 09:50:00,,,
2023-03-19 09:55:00,11.86,387.5,24.595
2023-03-19 10:00:00,11.98,391.0,24.75
2023-03-19 10:05:00,12.04,384.5,24.78
2023-03-19 10:10:00,,,
2023-03-19 10:15:00,11.91,391.0,24.88
2023-03-19 10:20:00,11.57,369.0,24.88
2023-03-19 10:25:00,10.92,369.0,25.0
2023-03-19 10:30:00,11.73,381.0,25.03
2023-03-19 10:35:00,11.12,388.0,25.06
2023-03-19 10:40:00,11.7,376.0,25.13
2023-03-19 10:45:00,11.26,388.0,25.13
2023-03-19 10:50:00,,,
2023-03-19 10:55:00,,,
2023-03-19 11:00:00,,,
2023-03-19 11:05:00,,,
2023-03-19 11:10:00,,,
2023-03-19 11:15:00,,,
2023-03-19 11:20:00,10.94,379.0,25.25
2023-03-19 11:25:00,,,
2023-03-19 11:30:00,12.09,945.0,25.25
2023-03-19 11:35:00,11.08,375.0,25.25
2023-03-19 11:40:00,,,
2023-03-19 11:45:00,,,
2023-03-19 11:50:00,12.545,378.0,25.31
2023-03-19 11:55:00,12.094999999999999,372.5,25.31
2023-03-19 12:00:00,11.89,399.0,25.38
2023-03-19 12:05:00,,,
2023-03-19 12:10:00,,,
2023-03-19 12:15:00,12.235,394.0,25.56
2023-03-19 12:20:00,,,
2023-03-19 12:25:00,,,
2023-03-19 12:30:00,,,
2023-03-19 12:35:00,,,
2023-03-19 12:40:00,,,
2023-03-19 12:45:00,,,
2023-03-19 12:50:00,,,
2023-03-19 12:55:00,11.52,372.0,25.75
2023-03-19 13:00:00,,,
2023-03-19 13:05:00,11.32,381.0,25.75
2023-03-19 13:10:00,,,
2023-03-19 13:15:00,,,
2023-03-19 13:20:00,12.69,376.0,25.75
2023-03-19 13:25:00,12.85,394.0,25.75
2023-03-19 13:30:00,11.895,397.5,25.75
2023-03-19 13:35:00,12.51,389.0,25.75
2023-03-19 13:40:00,12.94,383.0,25.75
2023-03-19 13:45:00,12.365,378.0,25.63
2023-03-19 13:50:00,12.335,373.0,25.56
2023-03-19 13:55:00,12.62,362.0,25.56
2023-03-19 14:00:00,11.81,366.0,25.5
2023-03-19 14:05:00,11.760000000000002,365.0,25.5
2023-03-19 14:10:00,11.295000000000002,355.0,25.5
2023-03-19 14:15:00,11.805,357.5,25.5
2023-03-19 14:20:00,10.87,360.0,25.5
2023-03-19 14:25:00,11.7,349.0,25.5
2023-03-19 14:30:00,,,
2023-03-19 14:35:00,11.809999999999999,609.0,25.5
2023-03-19 14:40:00,10.725,359.5,25.5
2023-03-19 14:45:00,10.68,359.5,25.5
2023-03-19 14:50:00,10.81,353.0,25.5
2023-03-19 14:55:00,11.73,343.0,25.5
2023-03-19 15:00:00,,,
2023-03-19 15:05:00,11.105,347.0,25.5
2023-03-19 15:10:00,11.344999999999999,352.0,25.5
2023-03-19 15:15:00,10.57,357.0,25.5
2023-03-19 15:20:00,10.97,351.0,25.5
2023-03-19 15:25:00,10.99,359.0,25.56
2023-03-19 15:30:00,10.13,353.0,25.56
2023-03-19 15:35:00,10.03,357.0,25.56
2023-03-19 15:40:00,9.93,343.0,25.56
2023-03-19 15:45:00,10.55,349.0,25.56
2023-03-19 15:50:00,11.31,343.0,25.56
2023-03-19 15:55:00,10.37,343.0,25.56
2023-03-19 16:00:00,10.63,347.0,25.56
2023-03-19 16:05:00,10.18,362.0,25.56
2023-03-19 16:10:00,10.235,584.0,25.595
2023-03-19 16:15:00,9.63,343.0,25.56
2023-03-19 16:20:00,10.35,809.0,25.56
2023-03-19 16:25:00,10.93,355.0,25.56
2023-03-19 16:30:00,9.72,349.0,25.56
2023-03-19 16:35:00,11.04,790.0,25.56
2023-03-19 16:40:00,10.54,815.0,25.56
2023-03-19 16:45:00,10.07,343.0,25.5
2023-03-19 16:50:00,9.425,343.0,25.5
2023-03-19 16:55:00,9.85,339.0,25.5
2023-03-19 17:00:00,9.989999999999998,341.0,25.5
2023-03-19 17:05:00,9.98,343.0,25.5
2023-03-19 17:10:00,10.059999999999999,344.0,25.5
2023-03-19 17:15:00,9.16,345.0,25.47
2023-03-19 17:20:00,9.495000000000001,350.5,25.47
2023-03-19 17:25:00,9.14,341.0,25.44
2023-03-19 17:30:00,10.275,342.0,25.44
2023-03-19 17:35:00,10.15,364.0,25.44
2023-03-19 17:40:00,10.02,341.0,25.44
2023-03-19 17:45:00,10.18,348.0,25.44
2023-03-19 17:50:00,9.98,355.5,25.44
2023-03-19 17:55:00,,,
2023-03-19 18:00:00,9.66,349.0,25.38
2023-03-19 18:05:00,9.87,349.0,25.38
2023-03-19 18:10:00,10.06,351.0,25.38
2023-03-19 18:15:00,9.26,351.0,25.38
2023-03-19 18:20:00,8.795,354.5,25.38
2023-03-19 18:25:00,9.3,353.5,25.31
2023-03-19 18:30:00,9.24,360.0,25.31
2023-03-19 18:35:00,10.055,359.0,25.31
2023-03-19 18:40:00,,,
2023-03-19 18:45:00,,,
2023-03-19 18:50:00,9.71,352.0,25.25
2023-03-19 18:55:00,8.625,354.0,25.25
2023-03-19 19:00:00,8.57,354.0,25.25
2023-03-19 19:05:00,9.72,360.0,25.25
2023-03-19 19:10:00,,,
2023-03-19 19:15:00,,,
2023-03-19 19:20:00,8.67,360.0,25.25
2023-03-19 19:25:00,9.54,368.0,25.19
2023-03-19 19:30:00,9.01,366.0,25.19
2023-03-19 19:35:00,9.46,379.0,25.19
2023-03-19 19:40:00,9.48,379.0,25.19
2023-03-19 19:45:00,9.04,378.5,25.13
2023-03-19 19:50:00,,,
2023-03-19 19:55:00,8.69,388.0,25.13
2023-03-19 20:00:00,9.14,388.0,25.13
2023-03-19 20:05:00,9.86,388.0,25.06
2023-03-19 20:10:00,9.605,395.0,25.06
2023-03-19 20:15:00,9.155000000000001,677.5,25.06
2023-03-19 20:20:00,8.510000000000002,402.0,25.06
2023-03-19 20:25:00,9.875,401.0,25.06
2023-03-19 20:30:00,9.94,395.0,25.06
2023-03-19 20:35:00,8.48,395.0,25.06
2023-03-19 20:40:00,8.785,400.0,25.0
2023-03-19 20:45:00,8.675,402.0,25.06
2023-03-19 20:50:00,9.08,395.0,25.0
2023-03-19 20:55:00,9.27,400.0,25.0
2023-03-19 21:00:00,8.84,691.0,25.0
2023-03-19 21:05:00,8.66,393.0,25.0
2023-03-19 21:10:00,9.0,395.0,25.0
2023-03-19 21:15:00,8.53,400.0,25.0
2023-03-19 21:20:00,8.8,395.0,25.0
2023-03-19 21:25:00,9.094999999999999,397.5,24.97
2023-03-19 21:30:00,8.92,401.0,24.94
2023-03-19 21:35:00,9.035,397.5,24.94
2023-03-19 21:40:00,8.47,956.0,24.94
2023-03-19 21:45:00,8.72,402.0,24.94
2023-03-19 21:50:00,9.215,402.0,24.94
2023-03-19 21:55:00,9.274999999999999,401.0,24.94
2023-03-19 22:00:00,9.265,400.0,24.94
2023-03-19 22:05:00,8.375,395.0,24.94
2023-03-19 22:10:00,8.565,397.5,24.88
2023-03-19 22:15:00,9.15,402.0,24.88
2023-03-19 22:20:00,8.71,395.0,24.88
2023-03-19 22:25:00,8.49,395.0,24.88
2023-03-19 22:30:00,8.495000000000001,395.0,24.88
2023-03-19 22:35:00,8.615,395.0,24.88
2023-03-19 22:40:00,9.29,397.5,24.845
2023-03-19 22:45:00,8.965,393.0,24.88
2023-03-19 22:50:00,9.01,395.0,24.81
2023-03-19 22:55:00,8.71,393.0,24.81
2023-03-19 23:00:00,9.03,391.0,24.81
2023-03-19 23:05:00,8.59,391.0,24.81
2023-03-19 23:10:00,8.585,391.0,24.81
2023-03-19 23:15:00,8.39,391.0,24.81
2023-03-19 23:20:00,8.77,395.0,24.78
2023-03-19 23:25:00,8.379999999999999,393.0,24.75
2023-03-19 23:30:00,9.03,391.0,24.75
2023-03-19 23:35:00,8.44,389.0,24.75
2023-03-19 23:40:00,8.835,389.0,24.75
2023-03-19 23:45:00,8.68,389.0,24.75
2023-03-19 23:50:00,8.825,389.0,24.75
2023-03-19 23:55:00,9.129999999999999,391.0,24.75
2023-03-20 00:00:00,8.565,392.0,24.69
2023-03-20 00:05:00,8.68,393.0,24.69
2023-03-20 00:10:00,8.59,391.0,24.69
2023-03-20 00:15:00,8.43,391.0,24.69
2023-03-20 00:20:00,8.635,391.0,24.69
2023-03-20 00:25:00,8.51,391.0,24.69
2023-03-20 00:30:00,9.015,391.0,24.69
2023-03-20 00:35:00,8.84,389.0,24.63
2023-03-20 00:40:00,8.165,391.0,24.63
2023-03-20 00:45:00,8.65,389.0,24.63
2023-03-20 00:50:00,8.82,389.0,24.63
2023-03-20 00:55:00,8.465,389.0,24.63
2023-03-20 01:00:00,8.22,389.0,24.63
2023-03-20 01:05:00,8.5,391.0,24.63
2023-03-20 01:10:00,8.72,391.0,24.63
2023-03-20 01:15:00,8.934999999999999,389.0,24.56
2023-03-20 01:20:00,8.620000000000001,391.0,24.56
2023-03-20 01:25:00,9.905000000000001,391.0,24.56
2023-03-20 01:30:00,13.805,338.0,24.56
2023-03-20 01:35:00,13.91,340.0,24.56
2023-03-20 01:40:00,13.56,336.0,24.5
2023-03-20 01:45:00,13.51,336.0,24.5
2023-03-20 01:50:00,13.42,336.0,24.5
2023-03-20 01:55:00,13.2,336.0,24.5
2023-03-20 02:00:00,13.11,336.0,24.5
2023-03-20 02:05:00,13.0,336.0,24.5
2023-03-20 02:10:00,13.1,336.0,24.5
2023-03-20 02:15:00,12.97,338.0,24.44
2023-03-20 02:20:00,13.02,342.0,24.44
2023-03-20 02:25:00,13.055,338.0,24.44
2023-03-20 02:30:00,12.53,342.0,24.44
2023-03-20 02:35:00,12.6,342.0,24.44
2023-03-20 02:40:00,12.17,343.0,24.38
2023-03-20 02:45:00,12.62,349.0,24.38
2023-03-20 02:50:00,12.2,357.0,24.38
2023-03-20 02:55:00,12.285,341.0,24.38
2023-03-20 03:00:00,12.1,357.0,24.38
2023-03-20 03:05:00,12.365,343.0,24.31
2023-03-20 03:10:00,12.12,351.0,24.31
2023-03-20 03:15:00,12.165,359.0,24.31
2023-03-20 03:20:00,11.905000000000001,358.0,24.31
2023-03-20 03:25:00,11.71,372.0,24.25
2023-03-20 03:30:00,12.06,357.0,24.25
2023-03-20 03:35:00,11.95,352.0,24.25
2023-03-20 03:40:00,11.434999999999999,379.5,24.25
2023-03-20 03:45:00,11.51,381.0,24.19
2023-03-20 03:50:00,11.61,375.0,24.19
2023-03-20 03:55:00,11.58,359.0,24.19
2023-03-20 04:00:00,11.52,374.0,24.19
2023-03-20 04:05:00,11.120000000000001,380.0,24.13
2023-03-20 04:10:00,11.280000000000001,381.0,24.13
2023-03-20 04:15:00,11.37,385.0,24.13
2023-03-20 04:20:00,11.11,385.0,24.13
2023-03-20 04:25:00,11.25,379.0,24.13
2023-03-20 04:30:00,10.94,375.0,24.13
2023-03-20 04:35:00,10.844999999999999,374.0,24.06
2023-03-20 04:40:00,11.06,379.0,24.06
2023-03-20 04:45:00,10.75,385.0,24.06
2023-03-20 04:50:00,10.29,377.0,24.06
2023-03-20 04:55:00,10.25,381.0,24.06
2023-03-20 05:00:00,10.53,383.0,24.06
2023-03-20 05:05:00,11.08,385.0,24.0
2023-03-20 05:10:00,10.93,388.0,24.0
2023-03-20 05:15:00,10.59,368.0,24.0
2023-03-20 05:20:00,10.34,390.0,24.0
2023-03-20 05:25:00,10.44,380.0,24.0
2023-03-20 05:30:00,10.83,379.0,23.94
2023-03-20 05:35:00,10.469999999999999,390.0,23.94
2023-03-20 05:40:00,9.855,388.0,23.94
2023-03-20 05:45:00,9.77,388.0,23.94
2023-03-20 05:50:00,9.605,392.0,23.94
2023-03-20 05:55:00,9.37,392.0,23.94
2023-03-20 06:00:00,9.219999999999999,390.0,23.94
2023-03-20 06:05:00,9.21,392.0,23.94
2023-03-20 06:10:00,9.23,392.0,23.88
2023-03-20 06:15:00,9.760000000000002,389.0,23.88
2023-03-20 06:20:00,9.120000000000001,390.0,23.88
2023-03-20 06:25:00,9.235,392.0,23.88
2023-03-20 06:30:00,9.215,395.0,23.88
2023-03-20 06:35:00,9.1,390.0,23.81
2023-03-20 06:40:00,8.385,396.0,23.81
2023-03-20 06:45:00,8.675,395.0,23.81
2023-03-20 06:50:00,8.86,395.0,23.81
2023-03-20 06:55:00,8.535,397.0,23.81
2023-03-20 07:00:00,8.825,396.0,23.81
2023-03-20 07:05:00,8.47,397.0,23.81
2023-03-20 07:10:00,8.61,395.0,23.81
2023-03-20 07:15:00,8.72,395.0,23.81
2023-03-20 07:20:00,8.42,395.0,23.81
2023-03-20 07:25:00,9.09,395.0,23.81
2023-03-20 07:30:00,8.875,395.0,23.81
2023-03-20 07:35:00,8.219999999999999,399.5,23.81
2023-03-20 07:40:00,8.915,393.5,23.81
2023-03-20 07:45:00,8.1,395.0,23.81
2023-03-20 07:50:00,8.26,395.0,23.81
2023-03-20 07:55:00,8.02,395.0,23.81
2023-03-20 08:00:00,9.335,397.0,23.81
2023-03-20 08:05:00,9.135,390.0,23.81
2023-03-20 08:10:00,8.92,390.0,23.81
2023-03-20 08:15:00,11.835,352.5,23.81
2023-03-20 08:20:00,11.17,357.5,23.845
2023-03-20 08:25:00,11.46,376.0,23.88
2023-03-20 08:30:00,10.51,381.0,23.88
2023-03-20 08:35:00,11.04,349.0,23.94
2023-03-20 08:40:00,11.39,383.0,23.94
2023-03-20 08:45:00,10.47,392.0,23.94
2023-03-20 08:50:00,10.7,390.0,24.0
2023-03-20 08:55:00,11.13,353.0,23.94
2023-03-20 09:00:00,,,
2023-03-20 09:05:00,,,
2023-03-20 09:10:00,,,
2023-03-20 09:15:00,,,
2023-03-20 09:20:00,,,
2023-03-20 09:25:00,,,
2023-03-20 09:30:00,,,
2023-03-20 09:35:00,,,
2023-03-20 09:40:00,,,
2023-03-20 09:45:00,,,
2023-03-20 09:50:00,,,
2023-03-20 09:55:00,,,
2023-03-20 10:00:00,,,
2023-03-20 10:05:00,,,
2023-03-20 10:10:00,,,
2023-03-20 10:15:00,,,
2023-03-20 10:20:00,,,
2023-03-20 10:25:00,,,
2023-03-20 10:30:00,,,
2023-03-20 10:35:00,,,
2023-03-20 10:40:00,,,
2023-03-20 10:45:00,,,
2023-03-20 10:50:00,,,
2023-03-20 10:55:00,,,
2023-03-20 11:00:00,,,
2023-03-20 11:05:00,,,
2023-03-20 11:10:00,,,
2023-03-20 11:15:00,,,
2023-03-20 11:20:00,,,
2023-03-20 11:25:00,,,
2023-03-20 11:30:00,,,
2023-03-20 11:35:00,,,
2023-03-20 11:40:00,,,
2023-03-20 11:45:00,,,
2023-03-20 11:50:00,,,
2023-03-20 11:55:00,,,
2023-03-20 12:00:00,,,
2023-03-20 12:05:00,,,
2023-03-20 12:10:00,,,
2023-03-20 12:15:00,,,
2023-03-20 12:20:00,,,
2023-03-20 12:25:00,,,
2023-03-20 12:30:00,,,
2023-03-20 12:35:00,,,
2023-03-20 12:40:00,,,
2023-03-20 12:45:00,,,
2023-03-20 12:50:00,,,
2023-03-20 12:55:00,,,
2023-03-20 13:00:00,,,
2023-03-20 13:05:00,,,
2023-03-20 13:10:00,,,
2023-03-20 13:15:00,,,
2023-03-20 13:20:00,,,
2023-03-20 13:25:00,,,
2023-03-20 13:30:00,,,
2023-03-20 13:35:00,,,
2023-03-20 13:40:00,,,
2023-03-20 13:45:00,,,
2023-03-20 13:50:00,,,
2023-03-20 13:55:00,,,
2023-03-20 14:00:00,,,
2023-03-20 14:05:00,,,
2023-03-20 14:10:00,,,
2023-03-20 14:15:00,,,
2023-03-20 14:20:00,,,
2023-03-20 14:25:00,,,
2023-03-20 14:30:00,,,
2023-03-20 14:35:00,,,
2023-03-20 14:40:00,,,
2023-03-20 14:45:00,,,
2023-03-20 14:50:00,,,
2023-03-20 14:55:00,,,
2023-03-20 15:00:00,,,
2023-03-20 15:05:00,,,
2023-03-20 15:10:00,,,
2023-03-20 15:15:00,,,
2023-03-20 15:20:00,,,
2023-03-20 15:25:00,,,
2023-03-20 15:30:00,,,
2023-03-20 15:35:00,,,
2023-03-20 15:40:00,,,
2023-03-20 15:45:00,,,
2023-03-20 15:50:00,,,
2023-03-20 15:55:00,,,
2023-03-20 16:00:00,8.08,301.0,25.38
2023-03-20 16:05:00,7.13,305.0,25.38
2023-03-20 16:10:00,7.48,672.0,25.31
2023-03-20 16:15:00,8.42,672.0,25.31
2023-03-20 16:20:00,,,
2023-03-20 16:25:00,,,
2023-03-20 16:30:00,,,
2023-03-20 16:35:00,,,
2023-03-20 16:40:00,,,
2023-03-20 16:45:00,,,
2023-03-20 16:50:00,,,
2023-03-20 16:55:00,,,
2023-03-20 17:00:00,6.7,307.0,25.19
2023-03-20 17:05:00,6.92,310.0,25.19
2023-03-20 17:10:00,7.28,309.0,25.19
2023-03-20 17:15:00,7.16,309.0,25.19
2023-03-20 17:20:00,6.67,310.0,25.19
2023-03-20 17:25:00,7.08,305.0,25.19
2023-03-20 17:30:00,7.08,303.0,25.13
2023-03-20 17:35:00,,,
2023-03-20 17:40:00,,,
2023-03-20 17:45:00,7.22,298.0,25.13
2023-03-20 17:50:00,7.22,298.0,25.13
2023-03-20 17:55:00,7.7,298.0,25.13
2023-03-20 18:00:00,,,
2023-03-20 18:05:00,7.365,299.5,25.06
2023-03-20 18:10:00,7.265000000000001,299.5,25.06
2023-03-20 18:15:00,7.8,302.0,25.06
2023-03-20 18:20:00,7.1850000000000005,304.0,25.06
2023-03-20 18:25:00,6.78,298.0,25.0
2023-03-20 18:30:00,7.58,301.0,25.0
2023-03-20 18:35:00,7.275,304.0,25.0
2023-03-20 18:40:00,7.26,302.0,25.0
2023-03-20 18:45:00,7.195,298.0,25.0
2023-03-20 18:50:00,7.85,301.0,25.0
2023-03-20 18:55:00,6.875,304.0,24.94
2023-03-20 19:00:00,7.805,298.0,24.94
2023-03-20 19:05:00,7.154999999999999,298.0,24.94
2023-03-20 19:10:00,6.65,301.0,24.94
2023-03-20 19:15:00,6.94,301.0,24.94
2023-03-20 19:20:00,7.47,301.0,24.94
2023-03-20 19:25:00,7.5,301.0,24.88
2023-03-20 19:30:00,7.09,301.0,24.88
2023-03-20 19:35:00,6.9,301.0,24.88
2023-03-20 19:40:00,7.155,301.0,24.88
2023-03-20 19:45:00,6.6850000000000005,301.0,24.88
2023-03-20 19:50:00,7.32,301.0,24.81
2023-03-20 19:55:00,6.705,298.0,24.81
2023-03-20 20:00:00,6.65,298.0,24.81
2023-03-20 20:05:00,6.58,302.0,24.81
2023-03-20 20:10:00,6.75,302.0,24.81
2023-03-20 20:15:00,7.16,303.0,24.81
2023-03-20 20:20:00,6.55,302.0,24.81
2023-03-20 20:25:00,7.16,302.0,24.75
2023-03-20 20:30:00,7.02,302.0,24.75
2023-03-20 20:35:00,7.475,303.0,24.75
2023-03-20 20:40:00,6.72,303.0,24.75
2023-03-20 20:45:00,6.99,302.0,24.69
2023-03-20 20:50:00,6.84,302.0,24.69
2023-03-20 20:55:00,7.35,302.0,24.69
2023-03-20 21:00:00,6.9,304.0,24.63
2023-03-20 21:05:00,7.05,304.0,24.63
2023-03-20 21:10:00,7.16,302.0,24.63
2023-03-20 21:15:00,6.845000000000001,302.0,24.63
2023-03-20 21:20:00,6.720000000000001,302.0,24.56
2023-03-20 21:25:00,6.975,304.0,24.56
2023-03-20 21:30:00,7.09,302.0,24.56
2023-03-20 21:35:00,7.14,302.0,24.56
2023-03-20 21:40:00,7.35,302.0,24.56
2023-03-20 21:45:00,6.9399999999999995,302.0,24.5
2023-03-20 21:50:00,7.23,302.0,24.5
2023-03-20 21:55:00,6.71,304.0,24.5
2023-03-20 22:00:00,6.98,302.0,24.5
2023-03-20 22:05:00,6.82,304.0,24.5
2023-03-20 22:10:00,6.7,302.0,24.44
2023-03-20 22:15:00,7.02,302.0,24.44
2023-03-20 22:20:00,6.95,304.0,24.44
2023-03-20 22:25:00,6.85,302.0,24.44
2023-03-20 22:30:00,7.24,304.0,24.44
2023-03-20 22:35:00,6.6850000000000005,304.0,24.38
2023-03-20 22:40:00,6.955,304.0,24.38
2023-03-20 22:45:00,7.22,304.0,24.38
2023-03-20 22:50:00,7.165,304.0,24.38
2023-03-20 22:55:00,6.79,304.0,24.38
2023-03-20 23:00:00,7.06,304.0,24.38
2023-03-20 23:05:00,7.1850000000000005,304.0,24.31
2023-03-20 23:10:00,7.145,305.0,24.31
2023-03-20 23:15:00,6.895,304.0,24.31
2023-03-20 23:20:00,7.04,304.0,24.31
2023-03-20 23:25:00,7.24,305.0,24.31
2023-03-20 23:30:00,6.96,304.0,24.31
2023-03-20 23:35:00,7.07,304.0,24.25
2023-03-20 23:40:00,6.76,304.0,24.25
2023-03-20 23:45:00,7.24,304.0,24.25
2023-03-20 23:50:00,7.12,306.0,24.25
2023-03-20 23:55:00,6.755,306.0,24.25
2023-03-21 00:00:00,7.0649999999999995,306.0,24.25
2023-03-21 00:05:00,6.58,306.0,24.25
2023-03-21 00:10:00,6.805,306.0,24.25
2023-03-21 00:15:00,7.21,306.0,24.19
2023-03-21 00:20:00,7.045,306.0,24.19
2023-03-21 00:25:00,7.105,306.0,24.19
2023-03-21 00:30:00,6.86,306.0,24.19
2023-03-21 00:35:00,7.455,306.0,24.13
2023-03-21 00:40:00,7.23,306.0,24.13
2023-03-21 00:45:00,6.99,306.0,24.13
2023-03-21 00:50:00,6.63,306.0,24.13
2023-03-21 00:55:00,6.72,306.0,24.13
2023-03-21 01:00:00,6.955,306.0,24.06
2023-03-21 01:05:00,6.84,306.0,24.06
2023-03-21 01:10:00,6.73,306.0,24.06
2023-03-21 01:15:00,6.99,308.0,24.06
2023-03-21 01:20:00,6.995,308.0,24.06
2023-03-21 01:25:00,6.775,306.0,24.06
2023-03-21 01:30:00,6.824999999999999,306.0,24.0
2023-03-21 01:35:00,7.19,306.0,24.0
2023-03-21 01:40:00,6.83,308.0,24.0
2023-03-21 01:45:00,7.15,308.0,24.0
2023-03-21 01:50:00,6.945,308.0,24.0
2023-03-21 01:55:00,6.69,308.0,24.0
2023-03-21 02:00:00,6.97,308.0,24.0
2023-03-21 02:05:00,7.1,308.0,24.0
2023-03-21 02:10:00,6.725,306.0,24.0
2023-03-21 02:15:00,6.99,306.0,23.94
2023-03-21 02:20:00,6.67,306.0,23.94
2023-03-21 02:25:00,6.92,306.0,23.94
2023-03-21 02:30:00,6.485,306.0,23.94
2023-03-21 02:35:00,7.33,308.0,23.94
2023-03-21 02:40:00,6.555,308.0,23.88
2023-03-21 02:45:00,6.87,308.0,23.88
2023-03-21 02:50:00,6.53,308.0,23.88
2023-03-21 02:55:00,6.72,308.0,23.88
2023-03-21 03:00:00,6.77,308.0,23.88
2023-03-21 03:05:00,6.4,310.0,23.81
2023-03-21 03:10:00,6.83,308.0,23.81
2023-03-21 03:15:00,6.72,308.0,23.81
2023-03-21 03:20:00,6.65,310.0,23.81
2023-03-21 03:25:00,6.715,310.0,23.75
2023-03-21 03:30:00,6.91,310.0,23.75
2023-03-21 03:35:00,6.68,312.0,23.75
2023-03-21 03:40:00,6.925,312.0,23.75
2023-03-21 03:45:00,6.75,314.0,23.75
2023-03-21 03:50:00,6.79,316.0,23.75
2023-03-21 03:55:00,6.95,318.0,23.75
2023-03-21 04:00:00,6.49,322.0,23.75
2023-03-21 04:05:00,6.805,322.0,23.69
2023-03-21 04:10:00,6.72,322.0,23.69
2023-03-21 04:15:00,6.8100000000000005,326.0,23.69
2023-03-21 04:20:00,6.38,320.0,23.69
2023-03-21 04:25:00,6.779999999999999,314.0,23.69
2023-03-21 04:30:00,6.81,312.0,23.63
2023-03-21 04:35:00,6.18,312.0,23.63
2023-03-21 04:40:00,6.505,314.0,23.63
2023-03-21 04:45:00,6.91,314.0,23.63
2023-03-21 04:50:00,6.86,313.0,23.63
2023-03-21 04:55:00,7.1,314.0,23.63
2023-03-21 05:00:00,6.46,314.0,23.63
2023-03-21 05:05:00,7.035,312.0,23.56
2023-03-21 05:10:00,6.945,314.0,23.56
2023-03-21 05:15:00,7.035,314.0,23.56
2023-03-21 05:20:00,6.77,314.0,23.56
2023-03-21 05:25:00,6.6850000000000005,314.0,23.56
2023-03-21 05:30:00,6.855,313.0,23.5
2023-03-21 05:35:00,6.56,314.0,23.5
2023-03-21 05:40:00,6.69,314.0,23.5
2023-03-21 05:45:00,6.76,314.0,23.5
2023-03-21 05:50:00,6.45,314.0,23.5
2023-03-21 05:55:00,6.375,314.0,23.5
2023-03-21 06:00:00,6.4350000000000005,316.0,23.44
2023-03-21 06:05:00,6.654999999999999,314.0,23.44
2023-03-21 06:10:00,6.83,316.0,23.44
2023-03-21 06:15:00,6.865,315.0,23.44
2023-03-21 06:20:00,6.64,318.0,23.44
2023-03-21 06:25:00,6.83,314.0,23.44
2023-03-21 06:30:00,6.45,314.0,23.38
2023-03-21 06:35:00,6.805,314.0,23.38
2023-03-21 06:40:00,6.865,312.0,23.38
2023-03-21 06:45:00,6.525,316.0,23.38
2023-03-21 06:50:00,6.49,314.0,23.38
2023-03-21 06:55:00,7.055,314.0,23.38
2023-03-21 07:00:00,6.32,313.5,23.38
2023-03-21 07:05:00,7.5,312.0,23.31
2023-03-21 07:10:00,7.34,314.0,23.31
2023-03-21 07:15:00,6.6,314.0,23.31
2023-03-21 07:20:00,6.9350000000000005,314.0,23.31
2023-03-21 07:25:00,6.57,313.0,23.31
2023-03-21 07:30:00,7.1,314.0,23.31
2023-03-21 07:35:00,6.16,314.0,23.31
2023-03-21 07:40:00,6.86,313.0,23.31
2023-03-21 07:45:00,6.720000000000001,314.0,23.31
2023-03-21 07:50:00,7.1,314.0,23.31
2023-03-21 07:55:00,7.210000000000001,312.0,23.31
2023-03-21 08:00:00,6.94,312.0,23.38
2023-03-21 08:05:00,7.4,314.0,23.38
2023-03-21 08:10:00,6.415,315.0,23.38
2023-03-21 08:15:00,6.68,313.0,23.38
2023-03-21 08:20:00,6.33,312.0,23.38
2023-03-21 08:25:00,6.805,327.0,23.44
2023-03-21 08:30:00,7.33,350.0,23.44
2023-03-21 08:35:00,7.24,350.0,23.44
2023-03-21 08:40:00,6.3149999999999995,357.0,23.5
2023-03-21 08:45:00,6.6,352.0,23.5
2023-03-21 08:50:00,6.779999999999999,354.0,23.5
2023-03-21 08:55:00,7.36,358.0,23.56
2023-03-21 09:00:00,7.41,355.0,23.56
2023-03-21 09:05:00,7.5,357.0,23.56
2023-03-21 09:10:00,6.96,354.0,23.63
2023-03-21 09:15:00,6.92,357.0,23.63
2023-03-21 09:20:00,,,
2023-03-21 09:25:00,,,
2023-03-21 09:30:00,,,
2023-03-21 09:35:00,,,
2023-03-21 09:40:00,,,
2023-03-21 09:45:00,7.18,356.0,23.81
2023-03-21 09:50:00,6.52,362.0,23.81
2023-03-21 09:55:00,6.63,358.0,23.94
2023-03-21 10:00:00,6.37,366.0,23.94
2023-03-21 10:05:00,6.835,364.0,23.94
2023-03-21 10:10:00,6.52,355.0,24.0
2023-03-21 10:15:00,,,
2023-03-21 10:20:00,,,
2023-03-21 10:25:00,7.220000000000001,362.5,24.06
2023-03-21 10:30:00,,,
2023-03-21 10:35:00,,,
2023-03-21 10:40:00,,,
2023-03-21 10:45:00,,,
2023-03-21 10:50:00,,,
2023-03-21 10:55:00,6.81,376.0,24.31
2023-03-21 11:00:00,,,
2023-03-21 11:05:00,6.58,376.0,24.38
2023-03-21 11:10:00,,,
2023-03-21 11:15:00,7.67,378.0,24.44
2023-03-21 11:20:00,,,
2023-03-21 11:25:00,,,
2023-03-21 11:30:00,,,
2023-03-21 11:35:00,,,
2023-03-21 11:40:00,,,
2023-03-21 11:45:00,,,
2023-03-21 11:50:00,,,
2023-03-21 11:55:00,,,
2023-03-21 12:00:00,,,
2023-03-21 12:05:00,,,
2023-03-21 12:10:00,,,
2023-03-21 12:15:00,,,
2023-03-21 12:20:00,,,
2023-03-21 12:25:00,,,
2023-03-21 12:30:00,,,
2023-03-21 12:35:00,,,
2023-03-21 12:40:00,,,
2023-03-21 12:45:00,,,
2023-03-21 12:50:00,,,
2023-03-21 12:55:00,,,
2023-03-21 13:00:00,,,
2023-03-21 13:05:00,,,
2023-03-21 13:10:00,,,
2023-03-21 13:15:00,,,
2023-03-21 13:20:00,,,
2023-03-21 13:25:00,,,
2023-03-21 13:30:00,,,
2023-03-21 13:35:00,,,
2023-03-21 13:40:00,,,
2023-03-21 13:45:00,,,
2023-03-21 13:50:00,,,
2023-03-21 13:55:00,,,
2023-03-21 14:00:00,,,
2023-03-21 14:05:00,,,
2023-03-21 14:10:00,,,
2023-03-21 14:15:00,,,
2023-03-21 14:20:00,,,
2023-03-21 14:25:00,,,
2023-03-21 14:30:00,,,
2023-03-21 14:35:00,,,
2023-03-21 14:40:00,,,
2023-03-21 14:45:00,,,
2023-03-21 14:50:00,,,
2023-03-21 14:55:00,,,
2023-03-21 15:00:00,,,
2023-03-21 15:05:00,,,
2023-03-21 15:10:00,,,
2023-03-21 15:15:00,,,
2023-03-21 15:20:00,,,
2023-03-21 15:25:00,,,
2023-03-21 15:30:00,,,
2023-03-21 15:35:00,,,
2023-03-21 15:40:00,,,
2023-03-21 15:45:00,,,
2023-03-21 15:50:00,,,
2023-03-21 15:55:00,,,
2023-03-21 16:00:00,,,
2023-03-21 16:05:00,,,
2023-03-21 16:10:00,,,
2023-03-21 16:15:00,,,
2023-03-21 16:20:00,,,
2023-03-21 16:25:00,,,
2023-03-21 16:30:00,,,
2023-03-21 16:35:00,,,
2023-03-21 16:40:00,,,
2023-03-21 16:45:00,,,
2023-03-21 16:50:00,,,
2023-03-21 16:55:00,,,
2023-03-21 17:00:00,,,
2023-03-21 17:05:00,,,
2023-03-21 17:10:00,,,
2023-03-21 17:15:00,,,
2023-03-21 17:20:00,,,
2023-03-21 17:25:00,,,
2023-03-21 17:30:00,,,
2023-03-21 17:35:00,,,
2023-03-21 17:40:00,,,
2023-03-21 17:45:00,,,
2023-03-21 17:50:00,,,
2023-03-21 17:55:00,,,
2023-03-21 18:00:00,,,
2023-03-21 18:05:00,,,
2023-03-21 18:10:00,,,
2023-03-21 18:15:00,,,
2023-03-21 18:20:00,,,
2023-03-21 18:25:00,,,
2023-03-21 18:30:00,,,
2023-03-21 18:35:00,,,
2023-03-21 18:40:00,,,
2023-03-21 18:45:00,,,
2023-03-21 18:50:00,,,
2023-03-21 18:55:00,,,
2023-03-21 19:00:00,,,
2023-03-21 19:05:00,,,
2023-03-21 19:10:00,,,
2023-03-21 19:15:00,,,
2023-03-21 19:20:00,,,
2023-03-21 19:25:00,,,
2023-03-21 19:30:00,,,
2023-03-21 19:35:00,,,
2023-03-21 19:40:00,,,
2023-03-21 19:45:00,,,
2023-03-21 19:50:00,,,
2023-03-21 19:55:00,,,
2023-03-21 20:00:00,,,
2023-03-21 20:05:00,,,
2023-03-21 20:10:00,,,
2023-03-21 20:15:00,,,
2023-03-21 20:20:00,,,
2023-03-21 20:25:00,,,
2023-03-21 20:30:00,,,
2023-03-21 20:35:00,,,
2023-03-21 20:40:00,,,
2023-03-21 20:45:00,,,
2023-03-21 20:50:00,,,
2023-03-21 20:55:00,,,
2023-03-21 21:00:00,,,
2023-03-21 21:05:00,,,
2023-03-21 21:10:00,8.28,471.5,25.75
2023-03-21 21:15:00,,,
2023-03-21 21:20:00,,,
2023-03-21 21:25:00,,,
2023-03-21 21:30:00,,,
2023-03-21 21:35:00,,,
2023-03-21 21:40:00,,,
2023-03-21 21:45:00,,,
2023-03-21 21:50:00,,,
2023-03-21 21:55:00,8.57,495.0,25.69
2023-03-21 22:00:00,8.49,498.0,25.69
2023-03-21 22:05:00,8.57,507.0,25.63
2023-03-21 22:10:00,8.435,518.0,25.63
2023-03-21 22:15:00,8.85,555.0,25.63
2023-03-21 22:20:00,9.8,411.0,25.595
2023-03-21 22:25:00,9.059999999999999,409.0,25.56
2023-03-21 22:30:00,9.62,413.0,25.56
2023-03-21 22:35:00,9.530000000000001,410.0,25.56
2023-03-21 22:40:00,9.48,410.0,25.56
2023-03-21 22:45:00,9.64,408.0,25.5
2023-03-21 22:50:00,9.51,408.0,25.5
2023-03-21 22:55:00,9.19,410.0,25.5
2023-03-21 23:00:00,9.379999999999999,408.0,25.5
2023-03-21 23:05:00,9.23,406.0,25.5
2023-03-21 23:10:00,9.52,408.0,25.44
2023-03-21 23:15:00,9.765,406.0,25.44
2023-03-21 23:20:00,9.7,403.0,25.44
2023-03-21 23:25:00,9.91,403.0,25.44
2023-03-21 23:30:00,10.04,401.0,25.44
2023-03-21 23:35:00,9.94,403.0,25.38
2023-03-21 23:40:00,9.86,406.0,25.38
2023-03-21 23:45:00,9.675,404.0,25.38
2023-03-21 23:50:00,10.04,404.0,25.38
2023-03-21 23:55:00,10.129999999999999,400.0,25.38
2023-03-22 00:00:00,10.315,406.0,25.31
2023-03-22 00:05:00,10.18,395.0,25.31
2023-03-22 00:10:00,9.92,404.0,25.31
2023-03-22 00:15:00,10.235,408.0,25.31
2023-03-22 00:20:00,10.01,395.0,25.31
2023-03-22 00:25:00,9.97,399.0,25.31
2023-03-22 00:30:00,10.05,404.0,25.31
2023-03-22 00:35:00,10.14,399.0,25.25
2023-03-22 00:40:00,10.059999999999999,402.0,25.25
2023-03-22 00:45:00,9.844999999999999,404.0,25.25
2023-03-22 00:50:00,9.96,400.5,25.25
2023-03-22 00:55:00,10.02,402.0,25.25
2023-03-22 01:00:00,9.774999999999999,402.0,25.25
2023-03-22 01:05:00,10.285,400.5,25.25
2023-03-22 01:10:00,10.295,392.5,25.19
2023-03-22 01:15:00,10.260000000000002,395.0,25.13
2023-03-22 01:20:00,10.615,391.5,25.13
2023-03-22 01:25:00,10.215,391.5,25.06
2023-03-22 01:30:00,11.06,404.0,25.06
2023-03-22 01:35:00,10.01,390.5,25.0
2023-03-22 01:40:00,,,
2023-03-22 01:45:00,10.4,380.0,24.94
2023-03-22 01:50:00,11.12,324.0,24.94
2023-03-22 01:55:00,10.44,380.0,24.88
2023-03-22 02:00:00,10.66,380.0,24.88
2023-03-22 02:05:00,10.715,616.0,24.88
2023-03-22 02:10:00,10.475,357.0,24.88
2023-03-22 02:15:00,10.09,373.0,24.88
2023-03-22 02:20:00,10.53,375.0,24.81
2023-03-22 02:25:00,10.095,367.0,24.81
2023-03-22 02:30:00,10.56,365.0,24.81
2023-03-22 02:35:00,10.265,380.0,24.81
2023-03-22 02:40:00,9.940000000000001,353.0,24.81
2023-03-22 02:45:00,9.76,367.0,24.75
2023-03-22 02:50:00,10.215,376.0,24.75
2023-03-22 02:55:00,10.07,373.0,24.75
2023-03-22 03:00:00,10.0,369.0,24.75
2023-03-22 03:05:00,10.07,369.0,24.75
2023-03-22 03:10:00,10.215,374.5,24.75
2023-03-22 03:15:00,10.21,373.0,24.69
2023-03-22 03:20:00,10.3,365.0,24.69
2023-03-22 03:25:00,10.23,364.0,24.69
2023-03-22 03:30:00,10.12,365.0,24.69
2023-03-22 03:35:00,10.3,357.0,24.69
2023-03-22 03:40:00,10.085,373.0,24.69
2023-03-22 03:45:00,10.280000000000001,367.0,24.69
2023-03-22 03:50:00,10.51,369.0,24.63
2023-03-22 03:55:00,10.39,363.0,24.63
2023-03-22 04:00:00,10.86,359.0,24.63
2023-03-22 04:05:00,11.02,363.0,24.63
2023-03-22 04:10:00,10.4,350.0,24.63
2023-03-22 04:15:00,10.8,358.5,24.63
2023-03-22 04:20:00,10.735,369.0,24.56
2023-03-22 04:25:00,10.29,365.0,24.56
2023-03-22 04:30:00,10.41,369.0,24.56
2023-03-22 04:35:00,10.0,367.0,24.56
2023-03-22 04:40:00,10.39,364.0,24.56
2023-03-22 04:45:00,10.25,365.0,24.56
2023-03-22 04:50:00,10.21,367.0,24.56
2023-03-22 04:55:00,10.5,338.0,24.56
2023-03-22 05:00:00,9.98,361.0,24.56
2023-03-22 05:05:00,10.48,363.0,24.5
2023-03-22 05:10:00,10.42,359.0,24.5
2023-03-22 05:15:00,10.17,355.0,24.5
2023-03-22 05:20:00,10.545,361.0,24.5
2023-03-22 05:25:00,10.24,363.0,24.5
2023-03-22 05:30:00,10.16,367.0,24.5
2023-03-22 05:35:00,10.52,355.0,24.5
2023-03-22 05:40:00,9.72,374.0,24.44
2023-03-22 05:45:00,9.79,367.0,24.44
2023-03-22 05:50:00,10.75,365.0,24.44
2023-03-22 05:55:00,9.79,367.0,24.44
2023-03-22 06:00:00,10.805,365.0,24.44
2023-03-22 06:05:00,10.83,317.0,24.44
2023-03-22 06:10:00,9.65,374.0,24.44
2023-03-22 06:15:00,,,
2023-03-22 06:20:00,9.55,336.0,24.44
2023-03-22 06:25:00,,,
2023-03-22 06:30:00,,,
2023-03-22 06:35:00,,,
2023-03-22 06:40:00,,,
2023-03-22 06:45:00,,,
2023-03-22 06:50:00,,,
2023-03-22 06:55:00,10.94,365.0,24.38
2023-03-22 07:00:00,9.58,361.0,24.38
2023-03-22 07:05:00,10.4,313.0,24.31
2023-03-22 07:10:00,10.305,342.0,24.38
2023-03-22 07:15:00,10.19,617.5,24.31
2023-03-22 07:20:00,9.989999999999998,370.0,24.31
2023-03-22 07:25:00,10.91,345.0,24.31
2023-03-22 07:30:00,10.18,363.0,24.31
2023-03-22 07:35:00,9.940000000000001,351.0,24.31
2023-03-22 07:40:00,9.95,366.0,24.31
2023-03-22 07:45:00,9.774999999999999,334.0,24.31
2023-03-22 07:50:00,9.59,363.0,24.31
2023-03-22 07:55:00,9.7,366.0,24.38
2023-03-22 08:00:00,11.1,365.0,24.38
2023-03-22 08:05:00,10.76,363.0,24.38
2023-03-22 08:10:00,10.32,353.0,24.38
2023-03-22 08:15:00,10.05,352.0,24.38
2023-03-22 08:20:00,10.815000000000001,362.0,24.38
2023-03-22 08:25:00,10.96,360.0,24.38
2023-03-22 08:30:00,10.165,349.0,24.41
2023-03-22 08:35:00,10.76,342.0,24.38
2023-03-22 08:40:00,10.44,362.5,24.38
2023-03-22 08:45:00,9.2,357.0,24.44
2023-03-22 08:50:00,,,
2023-03-22 08:55:00,,,
2023-03-22 09:00:00,9.7,307.0,24.44
2023-03-22 09:05:00,9.68,309.0,24.44
2023-03-22 09:10:00,9.915,360.0,24.47
2023-03-22 09:15:00,10.73,309.0,24.44
2023-03-22 09:20:00,,,
2023-03-22 09:25:00,,,
2023-03-22 09:30:00,,,
2023-03-22 09:35:00,10.7,334.0,24.56
2023-03-22 09:40:00,10.93,332.5,24.595
2023-03-22 09:45:00,,,
2023-03-22 09:50:00,,,
2023-03-22 09:55:00,,,
2023-03-22 10:00:00,,,
2023-03-22 10:05:00,,,
2023-03-22 10:10:00,,,
2023-03-22 10:15:00,,,
2023-03-22 10:20:00,,,
2023-03-22 10:25:00,,,
2023-03-22 10:30:00,,,
2023-03-22 10:35:00,,,
2023-03-22 10:40:00,,,
2023-03-22 10:45:00,,,
2023-03-22 10:50:00,,,
2023-03-22 10:55:00,,,
2023-03-22 11:00:00,,,
2023-03-22 11:05:00,,,
2023-03-22 11:10:00,,,
2023-03-22 11:15:00,,,
2023-03-22 11:20:00,,,
2023-03-22 11:25:00,,,
2023-03-22 11:30:00,,,
2023-03-22 11:35:00,,,
2023-03-22 11:40:00,,,
2023-03-22 11:45:00,,,
2023-03-22 11:50:00,,,
2023-03-22 11:55:00,,,
2023-03-22 12:00:00,,,
2023-03-22 12:05:00,,,
2023-03-22 12:10:00,,,
2023-03-22 12:15:00,,,
2023-03-22 12:20:00,,,
2023-03-22 12:25:00,,,
2023-03-22 12:30:00,,,
2023-03-22 12:35:00,,,
2023-03-22 12:40:00,,,
2023-03-22 12:45:00,,,
2023-03-22 12:50:00,,,
2023-03-22 12:55:00,,,
2023-03-22 13:00:00,,,
2023-03-22 13:05:00,,,
2023-03-22 13:10:00,,,
2023-03-22 13:15:00,,,
2023-03-22 13:20:00,,,
2023-03-22 13:25:00,,,
2023-03-22 13:30:00,,,
2023-03-22 13:35:00,,,
2023-03-22 13:40:00,,,
2023-03-22 13:45:00,,,
2023-03-22 13:50:00,,,
2023-03-22 13:55:00,,,
2023-03-22 14:00:00,,,
2023-03-22 14:05:00,,,
2023-03-22 14:10:00,,,
2023-03-22 14:15:00,,,
2023-03-22 14:20:00,,,
2023-03-22 14:25:00,,,
2023-03-22 14:30:00,,,
2023-03-22 14:35:00,,,
2023-03-22 14:40:00,,,
2023-03-22 14:45:00,,,
2023-03-22 14:50:00,,,
2023-03-22 14:55:00,,,
2023-03-22 15:00:00,,,
2023-03-22 15:05:00,,,
2023-03-22 15:10:00,,,
2023-03-22 15:15:00,,,
2023-03-22 15:20:00,,,
2023-03-22 15:25:00,,,
2023-03-22 15:30:00,,,
2023-03-22 15:35:00,,,
2023-03-22 15:40:00,,,
2023-03-22 15:45:00,,,
2023-03-22 15:50:00,,,
2023-03-22 15:55:00,,,
2023-03-22 16:00:00,,,
2023-03-22 16:05:00,,,
2023-03-22 16:10:00,,,
2023-03-22 16:15:00,,,
2023-03-22 16:20:00,,,
2023-03-22 16:25:00,,,
2023-03-22 16:30:00,,,
2023-03-22 16:35:00,,,
2023-03-22 16:40:00,,,
2023-03-22 16:45:00,,,
2023-03-22 16:50:00,,,
2023-03-22 16:55:00,,,
2023-03-22 17:00:00,,,
2023-03-22 17:05:00,,,
2023-03-22 17:10:00,,,
2023-03-22 17:15:00,,,
2023-03-22 17:20:00,,,
2023-03-22 17:25:00,,,
2023-03-22 17:30:00,,,
2023-03-22 17:35:00,,,
2023-03-22 17:40:00,,,
2023-03-22 17:45:00,8.510000000000002,380.0,25.345
2023-03-22 17:50:00,8.23,376.0,26.06
